"/del_uav/KF_sigma/pos_cov/x_x","/del_uav/KF_sigma/pos_cov/x_y"
0.393,8.899308904e-07,
0.424,8.899308904e-07,
0.461,8.929016912e-07,
0.494,8.929016912e-07,
0.545,8.935906043e-07,
0.562,8.935906043e-07,
0.597,8.935906043e-07,
0.629,8.935906043e-07,
0.664,8.935906043e-07,
0.703,8.944244915e-07,
0.74,8.944244915e-07,
0.788,8.944244915e-07,
0.8,8.944244915e-07,
0.833,8.944244915e-07,
0.863,8.945035174e-07,
0.901,8.945035174e-07,
0.935,8.945035174e-07,
0.962,8.910108064e-07,
0.997,8.910108064e-07,
1.032,8.910108064e-07,
1.077,8.910108064e-07,
1.101,8.910108064e-07,
1.148,8.835007532e-07,
1.164,8.835007532e-07,
1.198,8.897713484e-07,
1.229,8.897713484e-07,
1.267,8.891567526e-07,
1.298,8.891567526e-07,
1.348,8.891567526e-07,
1.368,8.891567526e-07,
1.4,8.891567526e-07,
1.439,8.89389724e-07,
1.465,8.89389724e-07,
1.496,8.89389724e-07,
1.533,8.882894562e-07,
1.569,8.882894562e-07,
1.597,8.882894562e-07,
1.629,8.882894562e-07,
1.664,8.833382513e-07,
1.697,8.833382513e-07,
1.731,8.833382513e-07,
1.764,8.906633333e-07,
1.792,8.906633333e-07,
1.836,8.898254527e-07,
1.869,8.898254527e-07,
1.895,8.898254527e-07,
1.93,8.898254527e-07,
1.98,8.898254527e-07,
1.998,8.898254527e-07,
2.03,8.838440683e-07,
2.065,8.838440683e-07,
2.095,8.838440683e-07,
2.131,8.911935779e-07,
2.155,8.911935779e-07,
2.196,8.911935779e-07,
2.228,8.911935779e-07,
2.262,8.911935779e-07,
2.296,8.911935779e-07,
2.332,8.868142143e-07,
2.368,8.868142143e-07,
2.394,8.868142143e-07,
2.438,8.868142143e-07,
2.461,8.927542125e-07,
2.495,8.927542125e-07,
2.528,8.927542125e-07,
2.56,8.927542125e-07,
2.596,8.927542125e-07,
2.64,8.888245444e-07,
2.661,8.888245444e-07,
2.697,8.888245444e-07,
2.731,8.888245444e-07,
2.765,8.9215095e-07,
2.795,8.9215095e-07,
2.828,8.9215095e-07,
2.861,8.853720161e-07,
2.899,8.853720161e-07,
2.929,8.853720161e-07,
2.96,8.853720161e-07,
2.995,8.938139994e-07,
3.03,8.938139994e-07,
3.062,8.872177728e-07,
3.096,8.872177728e-07,
3.128,8.872177728e-07,
3.161,8.872177728e-07,
3.198,8.933120613e-07,
3.227,8.933120613e-07,
3.257,8.933120613e-07,
3.294,8.933120613e-07,
3.33,8.906822351e-07,
3.366,8.906822351e-07,
3.398,8.944704636e-07,
3.429,8.944704636e-07,
3.462,8.944704636e-07,
3.495,8.944704636e-07,
3.528,8.943669022e-07,
3.565,8.943669022e-07,
3.594,8.978341129e-07,
3.629,8.978341129e-07,
3.661,8.978341129e-07,
3.695,8.917947084e-07,
3.728,8.917947084e-07,
3.762,8.917947084e-07,
3.8,8.908253154e-07,
3.831,8.908253154e-07,
3.861,8.888019177e-07,
3.897,8.888019177e-07,
3.929,8.888019177e-07,
3.959,8.888019177e-07,
3.995,8.888019177e-07,
4.027,8.888019177e-07,
4.061,8.888019177e-07,
4.096,8.938246739e-07,
4.128,8.938246739e-07,
4.161,8.938246739e-07,
4.194,8.884752071e-07,
4.228,8.884752071e-07,
4.26,8.884752071e-07,
4.3,8.904559104e-07,
4.329,8.904559104e-07,
4.361,8.904559104e-07,
4.395,8.904559104e-07,
4.43,8.87427827e-07,
4.461,8.87427827e-07,
4.494,8.87427827e-07,
4.528,8.87427827e-07,
4.561,8.867152313e-07,
4.595,8.867152313e-07,
4.629,8.877134879e-07,
4.661,8.877134879e-07,
4.696,8.876802465e-07,
4.729,8.876802465e-07,
4.761,8.912867678e-07,
4.794,8.912867678e-07,
4.828,8.943745397e-07,
4.854,8.943745397e-07,
4.896,8.943745397e-07,
4.93,8.943745397e-07,
4.965,8.943745397e-07,
5,8.943745397e-07,
5.03,8.943745397e-07,
5.065,8.843166651e-07,
5.095,8.843166651e-07,
5.128,8.872135819e-07,
5.153,8.872135819e-07,
5.195,8.872135819e-07,
5.228,8.932858483e-07,
5.261,8.932858483e-07,
5.294,8.932858483e-07,
5.328,8.858155066e-07,
5.361,8.858155066e-07,
5.396,8.903729929e-07,
5.426,8.903729929e-07,
5.469,8.903729929e-07,
5.503,8.903729929e-07,
5.535,8.885631244e-07,
5.562,8.885631244e-07,
5.595,8.885631244e-07,
5.628,8.821171799e-07,
5.663,8.821171799e-07,
5.696,8.821171799e-07,
5.728,8.821171799e-07,
5.76,8.916749422e-07,
5.797,8.916749422e-07,
5.831,8.83659582e-07,
5.87,8.83659582e-07,
5.895,8.83659582e-07,
5.929,8.83659582e-07,
5.966,8.892903351e-07,
5.995,8.892903351e-07,
6.035,8.892903351e-07,
6.058,8.892903351e-07,
6.098,8.859625169e-07,
6.132,8.859625169e-07,
6.164,8.859625169e-07,
6.195,8.859625169e-07,
6.226,8.859625169e-07,
6.264,8.867921884e-07,
6.297,8.867921884e-07,
6.328,8.867921884e-07,
6.361,8.867921884e-07,
6.396,8.866102438e-07,
6.428,8.866102438e-07,
6.461,8.897014251e-07,
6.495,8.897014251e-07,
6.526,8.890989287e-07,
6.561,8.890989287e-07,
6.595,8.890989287e-07,
6.63,9.591750892e-07,
6.666,9.591750892e-07,
6.702,9.591750892e-07,
6.729,9.591750892e-07,
6.76,9.591750892e-07,
6.799,9.591750892e-07,
6.851,9.731546965e-07,
6.861,9.731546965e-07,
6.895,9.731546965e-07,
6.928,9.731546965e-07,
6.962,9.731546965e-07,
6.994,9.75566959e-07,
7.029,9.75566959e-07,
7.063,9.75566959e-07,
7.095,9.75566959e-07,
7.132,9.82220627e-07,
7.16,9.82220627e-07,
7.194,9.82220627e-07,
7.232,9.82220627e-07,
7.262,9.793725528e-07,
7.301,9.793725528e-07,
7.333,9.793725528e-07,
7.361,9.793725528e-07,
7.396,9.694137314e-07,
7.432,9.694137314e-07,
7.461,9.694137314e-07,
7.5,9.694137314e-07,
7.528,9.550808566e-07,
7.562,9.550808566e-07,
7.598,9.550808566e-07,
7.64,9.550808566e-07,
7.666,9.550808566e-07,
7.699,9.550808566e-07,
7.729,9.773493021e-07,
7.765,9.773493021e-07,
7.802,9.773493021e-07,
7.836,9.773493021e-07,
7.862,9.182839001e-07,
7.9,9.182839001e-07,
7.941,9.182839001e-07,
7.966,9.182839001e-07,
8.001,9.182839001e-07,
8.037,9.182839001e-07,
8.062,9.182839001e-07,
8.095,9.182839001e-07,
8.125,9.182839001e-07,
8.166,9.728510313e-07,
8.194,9.728510313e-07,
8.237,9.728510313e-07,
8.275,9.728510313e-07,
8.304,9.728510313e-07,
8.328,9.728510313e-07,
8.366,9.728510313e-07,
8.404,9.728510313e-07,
8.425,9.666033266e-07,
8.463,9.666033266e-07,
8.497,9.666033266e-07,
8.529,9.666033266e-07,
8.561,9.666033266e-07,
8.595,9.666033266e-07,
8.628,9.623599045e-07,
8.661,9.623599045e-07,
8.695,9.623599045e-07,
8.729,9.328247952e-07,
8.767,9.328247952e-07,
8.799,9.328247952e-07,
8.829,9.328247952e-07,
8.862,9.57796753e-07,
8.896,9.57796753e-07,
8.927,9.57796753e-07,
8.959,9.57796753e-07,
8.995,9.69783964e-07,
9.03,9.69783964e-07,
9.066,9.69783964e-07,
9.095,9.775366068e-07,
9.129,9.775366068e-07,
9.161,9.775366068e-07,
9.202,9.823011787e-07,
9.237,9.823011787e-07,
9.262,9.823011787e-07,
9.294,9.87451071e-07,
9.328,9.87451071e-07,
9.361,9.87451071e-07,
9.395,9.833160859e-07,
9.428,9.833160859e-07,
9.461,9.833160859e-07,
9.495,9.847067621e-07,
9.535,9.847067621e-07,
9.561,9.847067621e-07,
9.596,9.850804739e-07,
9.627,9.850804739e-07,
9.661,9.850804739e-07,
9.697,9.850804739e-07,
9.739,9.850804739e-07,
9.766,9.850804739e-07,
9.795,9.850804739e-07,
9.83,9.802510446e-07,
9.862,9.802510446e-07,
9.894,9.802510446e-07,
9.928,9.669091167e-07,
9.961,9.669091167e-07,
9.995,9.669091167e-07,
10.028,9.669091167e-07,
10.061,9.669091167e-07,
10.095,9.826010218e-07,
10.129,9.826010218e-07,
10.161,9.826010218e-07,
10.195,9.826010218e-07,
10.229,9.826010218e-07,
10.261,9.826010218e-07,
10.299,9.861017724e-07,
10.331,9.861017724e-07,
10.361,9.861017724e-07,
10.397,9.861017724e-07,
10.43,9.861017724e-07,
10.461,9.861017724e-07,
10.498,9.844206771e-07,
10.53,9.844206771e-07,
10.561,9.844206771e-07,
10.6,9.844206771e-07,
10.629,9.844206771e-07,
10.661,9.844206771e-07,
10.695,9.866176939e-07,
10.728,9.866176939e-07,
10.761,9.866176939e-07,
10.795,9.866176939e-07,
10.83,9.866176939e-07,
10.862,9.866176939e-07,
10.902,9.82091447e-07,
10.936,9.82091447e-07,
10.96,9.82091447e-07,
10.994,9.82091447e-07,
11.027,9.82091447e-07,
11.06,9.87005188e-07,
11.096,9.87005188e-07,
11.128,9.87005188e-07,
11.161,9.87005188e-07,
11.202,9.603151813e-07,
11.241,9.603151813e-07,
11.262,9.603151813e-07,
11.295,9.603151813e-07,
11.329,9.638618295e-07,
11.361,9.638618295e-07,
11.398,9.638618295e-07,
11.441,9.638618295e-07,
11.464,9.733654318e-07,
11.496,9.733654318e-07,
11.532,9.733654318e-07,
11.561,9.733654318e-07,
11.595,9.733654318e-07,
11.631,9.733654318e-07,
11.661,9.830409882e-07,
11.699,9.830409882e-07,
11.73,9.830409882e-07,
11.761,9.830409882e-07,
11.8,9.84404212e-07,
11.829,9.84404212e-07,
11.861,9.84404212e-07,
11.897,9.84404212e-07,
11.932,9.460897462e-07,
11.961,9.460897462e-07,
11.997,9.460897462e-07,
12.028,9.460897462e-07,
12.061,9.460897462e-07,
12.096,9.460897462e-07,
12.129,9.624714284e-07,
12.161,9.624714284e-07,
12.195,9.624714284e-07,
12.233,9.624714284e-07,
12.263,9.624714284e-07,
12.295,9.749180002e-07,
12.329,9.749180002e-07,
12.361,9.749180002e-07,
12.397,9.782191087e-07,
12.429,9.782191087e-07,
12.461,9.782191087e-07,
12.496,9.820552176e-07,
12.53,9.820552176e-07,
12.562,9.820552176e-07,
12.594,9.820552176e-07,
12.629,9.840198324e-07,
12.664,9.840198324e-07,
12.697,9.840198324e-07,
12.729,9.840198324e-07,
12.761,9.772920586e-07,
12.795,9.772920586e-07,
12.83,9.772920586e-07,
12.861,9.772920586e-07,
12.894,9.756766251e-07,
12.928,9.756766251e-07,
12.958,9.756766251e-07,
12.995,9.756766251e-07,
13.029,9.756766251e-07,
13.061,9.756766251e-07,
13.095,9.756441307e-07,
13.128,9.756441307e-07,
13.165,9.756441307e-07,
13.195,9.756441307e-07,
13.229,9.756441307e-07,
13.26,9.756441307e-07,
13.295,9.803058539e-07,
13.329,9.803058539e-07,
13.36,9.803058539e-07,
13.395,9.816924119e-07,
13.424,9.816924119e-07,
13.461,9.816924119e-07,
13.495,9.833287151e-07,
13.528,9.833287151e-07,
13.561,9.833287151e-07,
13.596,9.833287151e-07,
13.628,9.63211532e-07,
13.663,9.63211532e-07,
13.699,9.63211532e-07,
13.731,9.63211532e-07,
13.761,9.63211532e-07,
13.796,9.63211532e-07,
13.829,9.63211532e-07,
13.864,9.667359175e-07,
13.897,9.667359175e-07,
13.929,9.667359175e-07,
13.962,9.667359175e-07,
13.995,9.667359175e-07,
14.03,9.667359175e-07,
14.063,9.664266953e-07,
14.1,9.664266953e-07,
14.129,9.664266953e-07,
14.164,9.664266953e-07,
14.201,9.645523246e-07,
14.228,9.645523246e-07,
14.261,9.645523246e-07,
14.297,9.645523246e-07,
14.328,9.645523246e-07,
14.363,9.695379793e-07,
14.396,9.695379793e-07,
14.43,9.695379793e-07,
14.463,9.695379793e-07,
14.495,9.755844864e-07,
14.529,9.755844864e-07,
14.561,9.755844864e-07,
14.595,9.679794448e-07,
14.628,9.679794448e-07,
14.661,9.679794448e-07,
14.695,9.762106318e-07,
14.728,9.762106318e-07,
14.761,9.762106318e-07,
14.795,9.759791464e-07,
14.828,9.759791464e-07,
14.871,9.759791464e-07,
14.895,9.759791464e-07,
14.925,9.745484009e-07,
14.96,9.745484009e-07,
15,9.745484009e-07,
15.03,9.745484009e-07,
15.063,9.745484009e-07,
15.095,9.780840376e-07,
15.129,9.780840376e-07,
15.17,9.780840376e-07,
15.196,9.833783415e-07,
15.228,9.833783415e-07,
15.259,9.833783415e-07,
15.295,9.833783415e-07,
15.328,9.833783415e-07,
15.365,9.691119859e-07,
15.403,9.691119859e-07,
15.433,9.691119859e-07,
15.465,9.691119859e-07,
15.512,9.816998106e-07,
15.534,9.816998106e-07,
15.571,9.816998106e-07,
15.599,9.816998106e-07,
15.628,9.816998106e-07,
15.663,9.816998106e-07,
15.695,9.798496015e-07,
15.728,9.798496015e-07,
15.766,9.798496015e-07,
15.796,9.798496015e-07,
15.829,9.797275147e-07,
15.867,9.797275147e-07,
15.897,9.797275147e-07,
15.929,9.797275147e-07,
15.971,9.790314237e-07,
15.998,9.790314237e-07,
16.028,9.790314237e-07,
16.062,9.790314237e-07,
16.095,9.790314237e-07,
16.127,9.743247833e-07,
16.164,9.743247833e-07,
16.196,9.743247833e-07,
16.228,9.743247833e-07,
16.263,9.82914137e-07,
16.295,9.82914137e-07,
16.328,9.82914137e-07,
16.361,9.82914137e-07,
16.395,9.81393241e-07,
16.427,9.81393241e-07,
16.462,9.81393241e-07,
16.495,9.802684091e-07,
16.529,9.802684091e-07,
16.566,9.802684091e-07,
16.595,9.802684091e-07,
16.631,9.835116393e-07,
16.658,9.835116393e-07,
16.696,9.835116393e-07,
16.728,9.835116393e-07,
16.762,9.835116393e-07,
16.795,9.835116393e-07,
16.828,9.823841569e-07,
16.866,9.823841569e-07,
16.896,9.823841569e-07,
16.929,9.823841569e-07,
16.968,9.823841569e-07,
17,9.747466863e-07,
17.029,9.747466863e-07,
17.063,9.747466863e-07,
17.099,9.857184352e-07,
17.129,9.857184352e-07,
17.168,9.857184352e-07,
17.196,9.857184352e-07,
17.231,9.857184352e-07,
17.264,9.751629361e-07,
17.297,9.751629361e-07,
17.33,9.751629361e-07,
17.364,9.751629361e-07,
17.399,9.751629361e-07,
17.431,9.817988014e-07,
17.462,9.817988014e-07,
17.5,9.817988014e-07,
17.528,9.817988014e-07,
17.563,9.787101655e-07,
17.597,9.787101655e-07,
17.627,9.787101655e-07,
17.661,9.776851262e-07,
17.696,9.776851262e-07,
17.737,9.776851262e-07,
17.761,9.760228289e-07,
17.796,9.760228289e-07,
17.829,9.702199472e-07,
17.866,9.702199472e-07,
17.897,9.702199472e-07,
17.929,9.702199472e-07,
17.962,9.702199472e-07,
18.013,9.749147897e-07,
18.029,9.749147897e-07,
18.067,9.749147897e-07,
18.104,9.749147897e-07,
18.131,9.749147897e-07,
18.162,9.749147897e-07,
18.193,9.762405425e-07,
18.228,9.762405425e-07,
18.259,9.762405425e-07,
18.299,9.750805476e-07,
18.33,9.750805476e-07,
18.362,9.750805476e-07,
18.395,9.721796752e-07,
18.429,9.721796752e-07,
18.464,9.721796752e-07,
18.496,9.721796752e-07,
18.528,9.775591705e-07,
18.562,9.775591705e-07,
18.596,9.775591705e-07,
18.629,9.775591705e-07,
18.664,9.775591705e-07,
18.707,9.775591705e-07,
18.735,9.775591705e-07,
18.761,9.768316385e-07,
18.795,9.768316385e-07,
18.833,9.768316385e-07,
18.866,9.768316385e-07,
18.899,9.768316385e-07,
18.931,9.795596086e-07,
18.953,9.795596086e-07,
18.995,9.795596086e-07,
19.028,9.795596086e-07,
19.062,9.795596086e-07,
19.104,9.759635045e-07,
19.135,9.759635045e-07,
19.168,9.759635045e-07,
19.207,9.759635045e-07,
19.237,9.759635045e-07,
19.27,9.759635045e-07,
19.306,9.698863579e-07,
19.333,9.698863579e-07,
19.364,9.698863579e-07,
19.395,9.698863579e-07,
19.429,9.698863579e-07,
19.461,9.698863579e-07,
19.496,9.698863579e-07,
19.528,9.749331155e-07,
19.561,9.749331155e-07,
19.594,9.749331155e-07,
19.629,9.749331155e-07,
19.661,9.749331155e-07,
19.695,9.722963776e-07,
19.729,9.722963776e-07,
19.761,9.722963776e-07,
19.797,9.747056279e-07,
19.829,9.747056279e-07,
19.861,9.747056279e-07,
19.901,9.747056279e-07,
19.929,9.758163018e-07,
19.962,9.758163018e-07,
19.996,9.758163018e-07,
20.03,9.758163018e-07,
20.061,9.758163018e-07,
20.096,9.758163018e-07,
20.129,9.758163018e-07,
20.161,9.720243331e-07,
20.195,9.720243331e-07,
20.229,9.720243331e-07,
20.264,9.720243331e-07,
20.296,9.737171629e-07,
20.332,9.737171629e-07,
20.366,9.737171629e-07,
20.4,9.737171629e-07,
20.43,9.755197994e-07,
20.472,9.755197994e-07,
20.499,9.755197994e-07,
20.537,9.700424875e-07,
20.568,9.700424875e-07,
20.601,9.700424875e-07,
20.629,9.717881323e-07,
20.671,9.717881323e-07,
20.702,9.717881323e-07,
20.728,9.684354226e-07,
20.762,9.684354226e-07,
20.8,9.684354226e-07,
20.828,9.719088607e-07,
20.863,9.719088607e-07,
20.903,9.719088607e-07,
20.929,9.719088607e-07,
20.965,9.705300412e-07,
20.999,9.705300412e-07,
21.046,9.705300412e-07,
21.064,9.705300412e-07,
21.098,9.705300412e-07,
21.129,9.705300412e-07,
21.161,9.66065496e-07,
21.195,9.66065496e-07,
21.227,9.66065496e-07,
21.264,9.66065496e-07,
21.299,9.636638645e-07,
21.337,9.636638645e-07,
21.363,9.636638645e-07,
21.395,9.636638645e-07,
21.426,9.636638645e-07,
21.46,9.590125107e-07,
21.495,9.590125107e-07,
21.528,9.590125107e-07,
21.562,9.626109832e-07,
21.601,9.626109832e-07,
21.64,9.626109832e-07,
21.671,9.626109832e-07,
21.696,9.579283924e-07,
21.726,9.579283924e-07,
21.761,9.579283924e-07,
21.797,9.579283924e-07,
21.831,9.579283924e-07,
21.864,9.576906517e-07,
21.9,9.576906517e-07,
21.93,9.576906517e-07,
21.971,9.576906517e-07,
21.996,9.57210199e-07,
22.029,9.57210199e-07,
22.064,9.57210199e-07,
22.095,9.561912803e-07,
22.133,9.561912803e-07,
22.162,9.561912803e-07,
22.199,9.561912803e-07,
22.23,9.561912803e-07,
22.261,9.679202418e-07,
22.3,9.679202418e-07,
22.328,9.679202418e-07,
22.363,9.679202418e-07,
22.395,9.676456984e-07,
22.429,9.676456984e-07,
22.465,9.676456984e-07,
22.497,9.676456984e-07,
22.528,9.676456984e-07,
22.562,9.577805257e-07,
22.595,9.577805257e-07,
22.634,9.577805257e-07,
22.661,9.577805257e-07,
22.702,9.577805257e-07,
22.736,9.577805257e-07,
22.766,9.647535362e-07,
22.795,9.647535362e-07,
22.828,9.647535362e-07,
22.86,9.647535362e-07,
22.896,9.647535362e-07,
22.928,9.628878161e-07,
22.962,9.628878161e-07,
22.994,9.628878161e-07,
23.028,9.628878161e-07,
23.06,9.628878161e-07,
23.101,9.628878161e-07,
23.129,9.648174101e-07,
23.161,9.648174101e-07,
23.195,9.648174101e-07,
23.228,9.654497193e-07,
23.266,9.654497193e-07,
23.303,9.654497193e-07,
23.33,9.654497193e-07,
23.362,9.661740207e-07,
23.395,9.661740207e-07,
23.43,9.661740207e-07,
23.453,9.553066752e-07,
23.496,9.553066752e-07,
23.531,9.553066752e-07,
23.561,9.553066752e-07,
23.595,9.553066752e-07,
23.628,9.642593322e-07,
23.661,9.642593322e-07,
23.696,9.642593322e-07,
23.728,9.710310335e-07,
23.761,9.710310335e-07,
23.794,9.710310335e-07,
23.828,9.710310335e-07,
23.861,9.710310335e-07,
23.899,9.703701208e-07,
23.929,9.703701208e-07,
23.961,9.703701208e-07,
23.998,9.587904697e-07,
24.029,9.587904697e-07,
24.06,9.587904697e-07,
24.095,9.587904697e-07,
24.129,9.691786309e-07,
24.16,9.691786309e-07,
24.196,9.691786309e-07,
24.226,9.701862451e-07,
24.261,9.701862451e-07,
24.295,9.701862451e-07,
24.329,9.701862451e-07,
24.361,9.603012487e-07,
24.396,9.603012487e-07,
24.428,9.603012487e-07,
24.46,9.603012487e-07,
24.496,9.603012487e-07,
24.529,9.643052384e-07,
24.563,9.643052384e-07,
24.597,9.643052384e-07,
24.629,9.503837157e-07,
24.663,9.503837157e-07,
24.697,9.503837157e-07,
24.73,9.503837157e-07,
24.762,9.513694955e-07,
24.796,9.513694955e-07,
24.828,9.513694955e-07,
24.861,9.513694955e-07,
24.895,9.493058589e-07,
24.929,9.493058589e-07,
24.96,9.493058589e-07,
24.995,9.519307256e-07,
25.025,9.519307256e-07,
25.071,9.519307256e-07,
25.098,9.519307256e-07,
25.131,9.519307256e-07,
25.161,9.548967384e-07,
25.199,9.548967384e-07,
25.228,9.548967384e-07,
25.261,9.548967384e-07,
25.299,9.548967384e-07,
25.335,9.548967384e-07,
25.363,9.545854237e-07,
25.395,9.545854237e-07,
25.428,9.545854237e-07,
25.46,9.545854237e-07,
25.499,9.515271311e-07,
25.528,9.515271311e-07,
25.561,9.515271311e-07,
25.596,9.515271311e-07,
25.63,9.515271311e-07,
25.662,9.515271311e-07,
25.697,9.705629799e-07,
25.729,9.705629799e-07,
25.761,9.705629799e-07,
25.797,9.705629799e-07,
25.829,9.705629799e-07,
25.862,9.705629799e-07,
25.896,9.649708326e-07,
25.93,9.649708326e-07,
25.961,9.649708326e-07,
25.995,9.68565941e-07,
26.032,9.635516438e-07,
26.061,9.635516438e-07,
26.095,9.635516438e-07,
26.129,9.635516438e-07,
26.161,9.635516438e-07,
26.196,9.657703854e-07,
26.228,9.657703854e-07,
26.26,9.657703854e-07,
26.304,9.626425184e-07,
26.33,9.626425184e-07,
26.362,9.626425184e-07,
26.401,9.626425184e-07,
26.429,9.626425184e-07,
26.467,9.681060452e-07,
26.502,9.681060452e-07,
26.528,9.681060452e-07,
26.561,9.681060452e-07,
26.593,9.604833913e-07,
26.629,9.604833913e-07,
26.661,9.604833913e-07,
26.699,9.637555403e-07,
26.735,9.637555403e-07,
26.78,9.612766202e-07,
26.798,9.612766202e-07,
26.827,9.612766202e-07,
26.861,9.612766202e-07,
26.895,9.630007296e-07,
26.931,9.630007296e-07,
26.965,9.630007296e-07,
27.003,9.630007296e-07,
27.03,9.627099312e-07,
27.067,9.627099312e-07,
27.105,9.627099312e-07,
27.132,9.627099312e-07,
27.164,9.627099312e-07,
27.196,9.627099312e-07,
27.228,9.636398404e-07,
27.262,9.636398404e-07,
27.301,9.636398404e-07,
27.327,9.636398404e-07,
27.364,9.636398404e-07,
27.397,9.636398404e-07,
27.429,9.579647678e-07,
27.462,9.579647678e-07,
27.498,9.668717514e-07,
27.529,9.668717514e-07,
27.562,9.668717514e-07,
27.599,9.668717514e-07,
27.629,9.668717514e-07,
27.666,9.642381021e-07,
27.718,9.642381021e-07,
27.735,9.642381021e-07,
27.764,9.642381021e-07,
27.795,9.652281716e-07,
27.838,9.652281716e-07,
27.863,9.652281716e-07,
27.895,9.652281716e-07,
27.928,9.652281716e-07,
27.962,9.691980243e-07,
27.997,9.691980243e-07,
28.03,9.691980243e-07,
28.061,9.691980243e-07,
28.095,9.691980243e-07,
28.119,9.685811323e-07,
28.162,9.685811323e-07,
28.194,9.685811323e-07,
28.234,9.685811323e-07,
28.293,9.685811323e-07,
28.295,9.695257694e-07,
28.337,9.695257694e-07,
28.362,9.695257694e-07,
28.397,9.695257694e-07,
28.431,9.684378164e-07,
28.461,9.684378164e-07,
28.495,9.684378164e-07,
28.526,9.684378164e-07,
28.562,9.617380807e-07,
28.591,9.617380807e-07,
28.629,9.617380807e-07,
28.66,9.617380807e-07,
28.695,9.617380807e-07,
28.727,9.734687882e-07,
28.762,9.734687882e-07,
28.8,9.734687882e-07,
28.832,9.734687882e-07,
28.865,9.588218083e-07,
28.897,9.588218083e-07,
28.928,9.588218083e-07,
28.961,9.588218083e-07,
28.997,9.676748564e-07,
29.029,9.676748564e-07,
29.061,9.676748564e-07,
29.094,9.631756076e-07,
29.128,9.631756076e-07,
29.162,9.631756076e-07,
29.2,9.631756076e-07,
29.23,9.714478507e-07,
29.262,9.714478507e-07,
29.295,9.714478507e-07,
29.336,9.548691812e-07,
29.367,9.548691812e-07,
29.399,9.548691812e-07,
29.43,9.548691812e-07,
29.463,9.548691812e-07,
29.498,9.548691812e-07,
29.528,9.731868989e-07,
29.565,9.731868989e-07,
29.596,9.731868989e-07,
29.63,9.731868989e-07,
29.673,9.731868989e-07,
29.7,9.731868989e-07,
29.729,9.600770705e-07,
29.762,9.600770705e-07,
29.798,9.600770705e-07,
29.831,9.600770705e-07,
29.864,9.600770705e-07,
29.899,9.600770705e-07,
29.931,9.684025864e-07,
29.961,9.684025864e-07,
30,9.684025864e-07,
30.036,9.684025864e-07,
30.064,9.684025864e-07,
30.097,9.684025864e-07,
30.128,9.684025864e-07,
30.161,9.617880646e-07,
30.196,9.617880646e-07,
30.228,9.617880646e-07,
30.26,9.617880646e-07,
30.294,9.642098073e-07,
30.328,9.642098073e-07,
30.363,9.642098073e-07,
30.397,9.642098073e-07,
30.428,9.642098073e-07,
30.463,9.642098073e-07,
30.497,9.604656455e-07,
30.53,9.604656455e-07,
30.565,9.604656455e-07,
30.6,9.604656455e-07,
30.632,9.584583504e-07,
30.664,9.584583504e-07,
30.72,9.584583504e-07,
30.726,9.584583504e-07,
30.765,9.584583504e-07,
30.798,9.584583504e-07,
30.826,9.584583504e-07,
30.858,9.522296011e-07,
30.894,9.522296011e-07,
30.928,9.522296011e-07,
30.96,9.522296011e-07,
30.994,9.587160644e-07,
31.028,9.587160644e-07,
31.059,9.587160644e-07,
31.096,9.587160644e-07,
31.128,9.587160644e-07,
31.161,9.587160644e-07,
31.2,9.582293373e-07,
31.231,9.582293373e-07,
31.262,9.582293373e-07,
31.297,9.626475638e-07,
31.329,9.626475638e-07,
31.361,9.626475638e-07,
31.391,9.626475638e-07,
31.428,9.626475638e-07,
31.46,9.747961208e-07,
31.495,9.747961208e-07,
31.528,9.747961208e-07,
31.563,9.582446994e-07,
31.597,9.582446994e-07,
31.632,9.582446994e-07,
31.667,9.582446994e-07,
31.702,9.590889404e-07,
31.739,9.590889404e-07,
31.774,9.590889404e-07,
31.797,9.650156414e-07,
31.828,9.650156414e-07,
31.862,9.650156414e-07,
31.894,9.650156414e-07,
31.928,9.650156414e-07,
31.961,9.624622468e-07,
31.995,9.624622468e-07,
32.038,9.624622468e-07,
32.061,9.593462438e-07,
32.096,9.593462438e-07,
32.13,9.593462438e-07,
32.161,9.548444341e-07,
32.197,9.548444341e-07,
32.23,9.548444341e-07,
32.262,9.548444341e-07,
32.296,9.588111749e-07,
32.337,9.588111749e-07,
32.362,9.588111749e-07,
32.396,9.588111749e-07,
32.428,9.588111749e-07,
32.462,9.695226678e-07,
32.495,9.695226678e-07,
32.528,9.695226678e-07,
32.561,9.695226678e-07,
32.597,9.695226678e-07,
32.628,9.658496241e-07,
32.662,9.658496241e-07,
32.697,9.658496241e-07,
32.729,9.658496241e-07,
32.761,9.591225251e-07,
32.797,9.591225251e-07,
32.829,9.591225251e-07,
32.862,9.591225251e-07,
32.895,9.588810115e-07,
32.93,9.588810115e-07,
32.961,9.588810115e-07,
32.995,9.634107809e-07,
33.028,9.634107809e-07,
33.063,9.634107809e-07,
33.095,9.634107809e-07,
33.128,9.634107809e-07,
33.161,9.634361383e-07,
33.196,9.634361383e-07,
33.229,9.634361383e-07,
33.262,9.483540576e-07,
33.296,9.483540576e-07,
33.328,9.483540576e-07,
33.362,9.483540576e-07,
33.398,9.49932883e-07,
33.429,9.49932883e-07,
33.462,9.49932883e-07,
33.494,9.481343101e-07,
33.528,9.481343101e-07,
33.562,9.481343101e-07,
33.596,9.560847358e-07,
33.628,9.560847358e-07,
33.662,9.560847358e-07,
33.695,9.587370318e-07,
33.728,9.587370318e-07,
33.762,9.587370318e-07,
33.795,9.623340593e-07,
33.832,9.623340593e-07,
33.863,9.623340593e-07,
33.898,9.655952198e-07,
33.928,9.655952198e-07,
33.963,9.655952198e-07,
33.995,9.655952198e-07,
34.028,9.579208633e-07,
34.06,9.579208633e-07,
34.095,9.579208633e-07,
34.128,9.616076783e-07,
34.162,9.616076783e-07,
34.194,9.616076783e-07,
34.228,9.631829035e-07,
34.262,9.631829035e-07,
34.3,9.631829035e-07,
34.328,9.650411851e-07,
34.361,9.650411851e-07,
34.398,9.650411851e-07,
34.433,9.705885134e-07,
34.471,9.705885134e-07,
34.498,9.705885134e-07,
34.529,9.705885134e-07,
34.561,9.678072694e-07,
34.597,9.678072694e-07,
34.629,9.678072694e-07,
34.662,9.686315391e-07,
34.695,9.686315391e-07,
34.729,9.686315391e-07,
34.766,9.640847688e-07,
34.796,9.640847688e-07,
34.828,9.640847688e-07,
34.861,9.635476184e-07,
34.897,9.635476184e-07,
34.928,9.635476184e-07,
34.961,9.635476184e-07,
34.995,9.635476184e-07,
35.028,9.665022187e-07,
35.065,9.665022187e-07,
35.103,9.665022187e-07,
35.132,9.665022187e-07,
35.161,9.665022187e-07,
35.191,9.630955686e-07,
35.229,9.630955686e-07,
35.261,9.630955686e-07,
35.297,9.675195001e-07,
35.332,9.675195001e-07,
35.365,9.675195001e-07,
35.398,9.671675986e-07,
35.428,9.671675986e-07,
35.461,9.671675986e-07,
35.495,9.671675986e-07,
35.527,9.694720605e-07,
35.562,9.694720605e-07,
35.591,9.694720605e-07,
35.628,9.694720605e-07,
35.661,9.694720605e-07,
35.694,9.683696204e-07,
35.73,9.683696204e-07,
35.764,9.683696204e-07,
35.8,9.683696204e-07,
35.832,9.683696204e-07,
35.861,9.664270126e-07,
35.896,9.664270126e-07,
35.933,9.664270126e-07,
35.963,9.664270126e-07,
35.996,9.664270126e-07,
36.036,9.664270126e-07,
36.065,9.700509111e-07,
36.096,9.700509111e-07,
36.129,9.700509111e-07,
36.163,9.700509111e-07,
36.196,9.700509111e-07,
36.228,9.625766604e-07,
36.262,9.687251301e-07,
36.295,9.687251301e-07,
36.33,9.687251301e-07,
36.363,9.687251301e-07,
36.405,9.667203202e-07,
36.434,9.667203202e-07,
36.462,9.667203202e-07,
36.498,9.667203202e-07,
36.539,9.720036598e-07,
36.562,9.720036598e-07,
36.595,9.720036598e-07,
36.629,9.720036598e-07,
36.662,9.720036598e-07,
36.697,9.682052898e-07,
36.731,9.682052898e-07,
36.767,9.682052898e-07,
36.801,9.682052898e-07,
36.842,9.735506856e-07,
36.864,9.735506856e-07,
36.896,9.735506856e-07,
36.928,9.735506856e-07,
36.961,9.735506856e-07,
37.007,9.688134735e-07,
37.022,9.688134735e-07,
37.061,9.688134735e-07,
37.095,9.688134735e-07,
37.132,9.688134735e-07,
37.163,9.688134735e-07,
37.197,9.688134735e-07,
37.23,9.688134735e-07,
37.261,9.701749865e-07,
37.296,9.701749865e-07,
37.328,9.701749865e-07,
37.361,9.706825669e-07,
37.395,9.706825669e-07,
37.43,9.706825669e-07,
37.461,9.695518852e-07,
37.495,9.695518852e-07,
37.528,9.695518852e-07,
37.561,9.72635802e-07,
37.595,9.72635802e-07,
37.63,9.72635802e-07,
37.661,9.72635802e-07,
37.694,9.65520156e-07,
37.728,9.65520156e-07,
37.763,9.683037618e-07,
37.794,9.683037618e-07,
37.829,9.683037618e-07,
37.863,9.683037618e-07,
37.895,9.704091392e-07,
37.928,9.704091392e-07,
37.961,9.688686918e-07,
37.994,9.688686918e-07,
38.029,9.688686918e-07,
38.061,9.688686918e-07,
38.099,9.721809863e-07,
38.131,9.721809863e-07,
38.161,9.721809863e-07,
38.195,9.740734708e-07,
38.225,9.740734708e-07,
38.264,9.740734708e-07,
38.295,9.743851044e-07,
38.329,9.743851044e-07,
38.363,9.743851044e-07,
38.397,9.743851044e-07,
38.428,9.743851044e-07,
38.458,9.743851044e-07,
38.496,9.771826785e-07,
38.532,9.771826785e-07,
38.562,9.771826785e-07,
38.595,9.771826785e-07,
38.628,9.771826785e-07,
38.66,9.782492536e-07,
38.695,9.782492536e-07,
38.727,9.782492536e-07,
38.761,9.765097508e-07,
38.795,9.765097508e-07,
38.829,9.765097508e-07,
38.859,9.78964974e-07,
38.895,9.78964974e-07,
38.928,9.809657729e-07,
38.963,9.809657729e-07,
38.999,9.809657729e-07,
39.028,9.809657729e-07,
39.065,9.809657729e-07,
39.095,9.739621293e-07,
39.133,9.739621293e-07,
39.161,9.739621293e-07,
39.197,9.739621293e-07,
39.229,9.699647514e-07,
39.263,9.699647514e-07,
39.297,9.699647514e-07,
39.342,9.699647514e-07,
39.372,9.699647514e-07,
39.395,9.699647514e-07,
39.428,9.699647514e-07,
39.465,9.699647514e-07,
39.498,9.754408164e-07,
39.528,9.754408164e-07,
39.561,9.754408164e-07,
39.596,9.754408164e-07,
39.628,9.754408164e-07,
39.661,9.754408164e-07,
39.695,9.754408164e-07,
39.738,9.767043195e-07,
39.767,9.767043195e-07,
39.801,9.767043195e-07,
39.835,9.752420135e-07,
39.873,9.752420135e-07,
39.902,9.752420135e-07,
39.933,9.752420135e-07,
39.97,9.82396807e-07,
39.999,9.82396807e-07,
40.034,9.82396807e-07,
40.063,9.82396807e-07,
40.097,9.7787878e-07,
40.13,9.7787878e-07,
40.167,9.7787878e-07,
40.203,9.7787878e-07,
40.245,9.815325636e-07,
40.262,9.815325636e-07,
40.296,9.815325636e-07,
40.33,9.815325636e-07,
40.362,9.815325636e-07,
40.399,9.815325636e-07,
40.437,9.772115758e-07,
40.461,9.772115758e-07,
40.496,9.772115758e-07,
40.531,9.772115758e-07,
40.563,9.780249593e-07,
40.597,9.780249593e-07,
40.63,9.780249593e-07,
40.663,9.819640178e-07,
40.697,9.819640178e-07,
40.729,9.819640178e-07,
40.765,9.819640178e-07,
40.795,9.793112239e-07,
40.829,9.793112239e-07,
40.862,9.793112239e-07,
40.896,9.759223575e-07,
40.931,9.759223575e-07,
40.966,9.759223575e-07,
40.996,9.759223575e-07,
41.03,9.795674766e-07,
41.061,9.795674766e-07,
41.095,9.795674766e-07,
41.129,9.795674766e-07,
41.164,9.778710161e-07,
41.198,9.778710161e-07,
41.231,9.778710161e-07,
41.264,9.806986718e-07,
41.294,9.806986718e-07,
41.328,9.806986718e-07,
41.362,9.745817418e-07,
41.399,9.745817418e-07,
41.424,9.745817418e-07,
41.465,9.745817418e-07,
41.496,9.784366837e-07,
41.531,9.784366837e-07,
41.563,9.784366837e-07,
41.594,9.793133354e-07,
41.627,9.793133354e-07,
41.661,9.793133354e-07,
41.695,9.793133354e-07,
41.728,9.791920402e-07,
41.764,9.791920402e-07,
41.794,9.791920402e-07,
41.828,9.784913157e-07,
41.869,9.784913157e-07,
41.901,9.784913157e-07,
41.93,9.784913157e-07,
41.963,9.784913157e-07,
41.997,9.825017027e-07,
42.028,9.825017027e-07,
42.061,9.825017027e-07,
42.095,9.825017027e-07,
42.129,9.786684126e-07,
42.164,9.786684126e-07,
42.195,9.786684126e-07,
42.228,9.786684126e-07,
42.264,9.678167449e-07,
42.296,9.678167449e-07,
42.328,9.678167449e-07,
42.363,9.678167449e-07,
42.395,9.768440928e-07,
42.432,9.768440928e-07,
42.468,9.768440928e-07,
42.5,9.768440928e-07,
42.533,9.768440928e-07,
42.576,9.775349874e-07,
42.606,9.775349874e-07,
42.645,9.775349874e-07,
42.662,9.775349874e-07,
42.696,9.775349874e-07,
42.733,9.830696527e-07,
42.764,9.830696527e-07,
42.795,9.830696527e-07,
42.828,9.830696527e-07,
42.861,9.787643523e-07,
42.894,9.787643523e-07,
42.921,9.730186002e-07,
42.96,9.730186002e-07,
42.993,9.730186002e-07,
43.028,9.730186002e-07,
43.061,9.789965594e-07,
43.095,9.789965594e-07,
43.127,9.789965594e-07,
43.165,9.803085174e-07,
43.195,9.803085174e-07,
43.23,9.803085174e-07,
43.261,9.803085174e-07,
43.297,9.785046987e-07,
43.331,9.785046987e-07,
43.365,9.785046987e-07,
43.395,9.754758591e-07,
43.43,9.754758591e-07,
43.462,9.77321772e-07,
43.494,9.77321772e-07,
43.527,9.77321772e-07,
43.563,9.77321772e-07,
43.596,9.769983888e-07,
43.628,9.769983888e-07,
43.661,9.769983888e-07,
43.695,9.769983888e-07,
43.728,9.772567703e-07,
43.762,9.772567703e-07,
43.795,9.772567703e-07,
43.828,9.772567703e-07,
43.861,9.797943469e-07,
43.889,9.797943469e-07,
43.928,9.797943469e-07,
43.962,9.797943469e-07,
43.995,9.770126443e-07,
44.028,9.770126443e-07,
44.06,9.770126443e-07,
44.094,9.808458372e-07,
44.128,9.808458372e-07,
44.16,9.808458372e-07,
44.204,9.808458372e-07,
44.232,9.808458372e-07,
44.266,9.808458372e-07,
44.295,9.752029179e-07,
44.329,9.752029179e-07,
44.361,9.752029179e-07,
44.397,9.828662463e-07,
44.43,9.828662463e-07,
44.465,9.828662463e-07,
44.498,9.667573603e-07,
44.53,9.667573603e-07,
44.562,9.667573603e-07,
44.598,9.667573603e-07,
44.629,9.807579411e-07,
44.661,9.807579411e-07,
44.695,9.807579411e-07,
44.728,9.807579411e-07,
44.761,9.774454302e-07,
44.796,9.774454302e-07,
44.828,9.774454302e-07,
44.868,9.690913472e-07,
44.899,9.690913472e-07,
44.927,9.690913472e-07,
44.965,9.690913472e-07,
44.995,9.77211597e-07,
45.032,9.77211597e-07,
45.061,9.77211597e-07,
45.101,9.77211597e-07,
45.138,9.792905067e-07,
45.181,9.792905067e-07,
45.221,9.792905067e-07,
45.265,9.792905067e-07,
45.265,9.792905067e-07,
45.295,9.798297762e-07,
45.332,9.798297762e-07,
45.365,9.798297762e-07,
45.4,9.798297762e-07,
45.434,9.798297762e-07,
45.461,9.798297762e-07,
45.495,9.798297762e-07,
45.529,9.77804622e-07,
45.561,9.77804622e-07,
45.594,9.77804622e-07,
45.63,9.77804622e-07,
45.666,9.77804622e-07,
45.706,9.744807127e-07,
45.736,9.744807127e-07,
45.767,9.744807127e-07,
45.804,9.744807127e-07,
45.839,9.744807127e-07,
45.87,9.744807127e-07,
45.904,9.744807127e-07,
45.933,9.758806824e-07,
45.967,9.758806824e-07,
46.008,9.758806824e-07,
46.033,9.758806824e-07,
46.069,9.758806824e-07,
46.099,9.758806824e-07,
46.129,9.66240074e-07,
46.165,9.66240074e-07,
46.202,9.66240074e-07,
46.222,9.66240074e-07,
46.266,9.66240074e-07,
46.305,9.66240074e-07,
46.332,9.66240074e-07,
46.361,9.66240074e-07,
46.402,9.66240074e-07,
46.43,9.723874423e-07,
46.466,9.723874423e-07,
46.499,9.723874423e-07,
46.532,9.723874423e-07,
46.563,9.723874423e-07,
46.597,9.723874423e-07,
46.628,9.798620558e-07,
46.661,9.798620558e-07,
46.702,9.798620558e-07,
46.729,9.798620558e-07,
46.759,9.798620558e-07,
46.8,9.765416989e-07,
46.829,9.765416989e-07,
46.865,9.765416989e-07,
46.9,9.765416989e-07,
46.934,9.790829462e-07,
46.964,9.790829462e-07,
46.997,9.677269313e-07,
47.028,9.677269313e-07,
47.061,9.677269313e-07,
47.09,9.805580237e-07,
47.128,9.805580237e-07,
47.165,9.805580237e-07,
47.198,9.768254627e-07,
47.228,9.768254627e-07,
47.262,9.768254627e-07,
47.308,9.756443797e-07,
47.332,9.756443797e-07,
47.364,9.756443797e-07,
47.402,9.697036362e-07,
47.433,9.697036362e-07,
47.465,9.697036362e-07,
47.507,9.784543502e-07,
47.534,9.784543502e-07,
47.565,9.784543502e-07,
47.6,9.783217617e-07,
47.628,9.783217617e-07,
47.665,9.783217617e-07,
47.697,9.783217617e-07,
47.731,9.759232609e-07,
47.761,9.759232609e-07,
47.798,9.759232609e-07,
47.83,9.759232609e-07,
47.861,9.759232609e-07,
47.897,9.759232609e-07,
47.931,9.772591631e-07,
47.961,9.772591631e-07,
47.996,9.772591631e-07,
48.031,9.772591631e-07,
48.063,9.772591631e-07,
48.097,9.772591631e-07,
48.13,9.823126835e-07,
48.168,9.823126835e-07,
48.198,9.823126835e-07,
48.231,9.823126835e-07,
48.263,9.823126835e-07,
48.296,9.762817977e-07,
48.329,9.762817977e-07,
48.361,9.762817977e-07,
48.395,9.762817977e-07,
48.435,9.762817977e-07,
48.461,9.815750609e-07,
48.495,9.815750609e-07,
48.528,9.815750609e-07,
48.566,9.815750609e-07,
48.602,9.815750609e-07,
48.635,9.815750609e-07,
48.664,9.845154776e-07,
48.699,9.845154776e-07,
48.73,9.845154776e-07,
48.761,9.809815947e-07,
48.796,9.809815947e-07,
48.828,9.809815947e-07,
48.86,9.809815947e-07,
48.899,9.823603898e-07,
48.93,9.823603898e-07,
48.963,9.823603898e-07,
48.995,9.823603898e-07,
49.028,9.760036608e-07,
49.06,9.760036608e-07,
49.099,9.760036608e-07,
49.139,9.776587773e-07,
49.162,9.776587773e-07,
49.198,9.776587773e-07,
49.228,9.776587773e-07,
49.262,9.776587773e-07,
49.305,9.798058908e-07,
49.328,9.798058908e-07,
49.361,9.798058908e-07,
49.395,9.798058908e-07,
49.428,9.798058908e-07,
49.464,9.84015908e-07,
49.498,9.84015908e-07,
49.532,9.84015908e-07,
49.572,9.801225857e-07,
49.615,9.801225857e-07,
49.632,9.801225857e-07,
49.66,9.801225857e-07,
49.698,9.801225857e-07,
49.728,9.801225857e-07,
49.768,9.765865795e-07,
49.808,9.765865795e-07,
49.829,9.765865795e-07,
49.864,9.765865795e-07,
49.906,9.765865795e-07,
49.933,9.765865795e-07,
49.967,9.765865795e-07,
50,9.805304238e-07,
50.028,9.805304238e-07,
50.061,9.805304238e-07,
50.095,9.805304238e-07,
50.128,9.784789732e-07,
50.161,9.784789732e-07,
50.195,9.784789732e-07,
50.228,9.784789732e-07,
50.261,9.784789732e-07,
50.299,9.784789732e-07,
50.328,9.819235989e-07,
50.359,9.819235989e-07,
50.395,9.819235989e-07,
50.421,9.819235989e-07,
50.461,9.782510161e-07,
50.495,9.782510161e-07,
50.529,9.782510161e-07,
50.562,9.782510161e-07,
50.596,9.782510161e-07,
50.628,9.782510161e-07,
50.661,9.837035886e-07,
50.696,9.837035886e-07,
50.728,9.837035886e-07,
50.76,9.836023308e-07,
50.796,9.836023308e-07,
50.83,9.836023308e-07,
50.86,9.836023308e-07,
50.895,9.794482008e-07,
50.928,9.794482008e-07,
50.961,9.794482008e-07,
50.993,9.794482008e-07,
51.028,9.76996737e-07,
51.06,9.76996737e-07,
51.1,9.76996737e-07,
51.132,9.76996737e-07,
51.164,9.76996737e-07,
51.2,9.76996737e-07,
51.229,9.818883369e-07,
51.261,9.818883369e-07,
51.295,9.818883369e-07,
51.329,9.818883369e-07,
51.363,9.80704832e-07,
51.399,9.80704832e-07,
51.431,9.80704832e-07,
51.464,9.80704832e-07,
51.497,9.80704832e-07,
51.528,9.819050995e-07,
51.56,9.819050995e-07,
51.593,9.819050995e-07,
51.628,9.819050995e-07,
51.662,9.819050995e-07,
51.698,9.797274705e-07,
51.733,9.797274705e-07,
51.762,9.797274705e-07,
51.796,9.797274705e-07,
51.832,9.82617333e-07,
51.864,9.82617333e-07,
51.897,9.82617333e-07,
51.946,9.82617333e-07,
51.968,9.82617333e-07,
52,9.801213784e-07,
52.03,9.801213784e-07,
52.061,9.801213784e-07,
52.098,9.801213784e-07,
52.129,9.817848914e-07,
52.168,9.817848914e-07,
52.199,9.817848914e-07,
52.229,9.817848914e-07,
52.261,9.817848914e-07,
52.296,9.814865112e-07,
52.328,9.814865112e-07,
52.361,9.814865112e-07,
52.398,9.814865112e-07,
52.428,9.814865112e-07,
52.462,9.814865112e-07,
52.495,9.742808543e-07,
52.529,9.742808543e-07,
52.562,9.742808543e-07,
52.596,9.742808543e-07,
52.632,9.774895821e-07,
52.66,9.774895821e-07,
52.695,9.774895821e-07,
52.728,9.76097177e-07,
52.762,9.76097177e-07,
52.794,9.76097177e-07,
52.829,9.76097177e-07,
52.861,9.827727417e-07,
52.896,9.827727417e-07,
52.928,9.827727417e-07,
52.96,9.785064744e-07,
53.003,9.785064744e-07,
53.031,9.785064744e-07,
53.072,9.785064744e-07,
53.102,9.785064744e-07,
53.128,9.785064744e-07,
53.161,9.796934345e-07,
53.196,9.796934345e-07,
53.23,9.796934345e-07,
53.263,9.796934345e-07,
53.295,9.788048824e-07,
53.328,9.788048824e-07,
53.368,9.788048824e-07,
53.398,9.788048824e-07,
53.431,9.785026932e-07,
53.457,9.785026932e-07,
53.496,9.785026932e-07,
53.528,9.785026932e-07,
53.565,9.850325759e-07,
53.601,9.850325759e-07,
53.631,9.850325759e-07,
53.662,9.850325759e-07,
53.698,9.841309067e-07,
53.728,9.841309067e-07,
53.761,9.841309067e-07,
53.798,9.841309067e-07,
53.833,9.755537839e-07,
53.868,9.755537839e-07,
53.896,9.755537839e-07,
53.929,9.755537839e-07,
53.961,9.828445825e-07,
53.997,9.828445825e-07,
54.029,9.828445825e-07,
54.061,9.828445825e-07,
54.097,9.829377401e-07,
54.128,9.829377401e-07,
54.169,9.829377401e-07,
54.195,9.829377401e-07,
54.238,9.829377401e-07,
54.264,9.771819205e-07,
54.301,9.771819205e-07,
54.329,9.771819205e-07,
54.362,9.771819205e-07,
54.398,9.771819205e-07,
54.429,9.720768176e-07,
54.462,9.720768176e-07,
54.496,9.720768176e-07,
54.529,9.720768176e-07,
54.562,9.720768176e-07,
54.598,9.840570568e-07,
54.631,9.840570568e-07,
54.666,9.840570568e-07,
54.698,9.840570568e-07,
54.734,9.776339586e-07,
54.762,9.776339586e-07,
54.795,9.776339586e-07,
54.828,9.856913377e-07,
54.861,9.856913377e-07,
54.896,9.856913377e-07,
54.928,9.788625111e-07,
54.961,9.788625111e-07,
54.993,9.788625111e-07,
55.027,9.748426109e-07,
55.061,9.748426109e-07,
55.095,9.748426109e-07,
55.128,9.748426109e-07,
55.163,9.747420982e-07,
55.197,9.747420982e-07,
55.228,9.747420982e-07,
55.261,9.747420982e-07,
55.3,9.750004673e-07,
55.33,9.750004673e-07,
55.363,9.750004673e-07,
55.395,9.750004673e-07,
55.428,9.750004673e-07,
55.464,9.812982511e-07,
55.495,9.812982511e-07,
55.528,9.812982511e-07,
55.563,9.812982511e-07,
55.598,9.853441251e-07,
55.628,9.853441251e-07,
55.661,9.853441251e-07,
55.696,9.539962471e-07,
55.729,9.539962471e-07,
55.761,9.539962471e-07,
55.801,9.800507642e-07,
55.828,9.800507642e-07,
55.864,9.800507642e-07,
55.896,9.800507642e-07,
55.928,9.750200638e-07,
55.961,9.750200638e-07,
55.998,9.750200638e-07,
56.03,9.750200638e-07,
56.062,9.750200638e-07,
56.095,9.709624925e-07,
56.13,9.709624925e-07,
56.163,9.709624925e-07,
56.197,9.709624925e-07,
56.229,9.726856814e-07,
56.262,9.726856814e-07,
56.296,9.726856814e-07,
56.329,9.775763171e-07,
56.362,9.775763171e-07,
56.396,9.775763171e-07,
56.429,9.752954689e-07,
56.463,9.752954689e-07,
56.497,9.752954689e-07,
56.527,9.72714761e-07,
56.562,9.72714761e-07,
56.596,9.72714761e-07,
56.627,9.702869699e-07,
56.661,9.702869699e-07,
56.695,9.702869699e-07,
56.729,9.702869699e-07,
56.765,9.729729793e-07,
56.797,9.729729793e-07,
56.829,9.729729793e-07,
56.861,9.729729793e-07,
56.895,9.729729793e-07,
56.933,9.664822392e-07,
56.961,9.664822392e-07,
56.995,9.664822392e-07,
57.029,9.664822392e-07,
57.061,9.664822392e-07,
57.096,9.790339369e-07,
57.134,9.790339369e-07,
57.162,9.790339369e-07,
57.193,9.790339369e-07,
57.228,9.790339369e-07,
57.261,9.607670764e-07,
57.295,9.607670764e-07,
57.328,9.607670764e-07,
57.36,9.607670764e-07,
57.393,9.607670764e-07,
57.428,9.673564983e-07,
57.46,9.673564983e-07,
57.497,9.673564983e-07,
57.528,9.673564983e-07,
57.561,9.765673991e-07,
57.597,9.765673991e-07,
57.63,9.765673991e-07,
57.66,9.765673991e-07,
57.694,9.783642488e-07,
57.729,9.783642488e-07,
57.762,9.783642488e-07,
57.795,9.783642488e-07,
57.828,9.783642488e-07,
57.865,9.769468064e-07,
57.897,9.769468064e-07,
57.928,9.769468064e-07,
57.961,9.769468064e-07,
57.995,9.769468064e-07,
58.028,9.799523496e-07,
58.061,9.799523496e-07,
58.095,9.799523496e-07,
58.128,9.799523496e-07,
58.161,9.791980568e-07,
58.195,9.791980568e-07,
58.228,9.791980568e-07,
58.261,9.791980568e-07,
58.295,9.791980568e-07,
58.328,9.74787418e-07,
58.361,9.74787418e-07,
58.395,9.74787418e-07,
58.428,9.74787418e-07,
58.46,9.815695274e-07,
58.496,9.815695274e-07,
58.531,9.815695274e-07,
58.561,9.815695274e-07,
58.598,9.815695274e-07,
58.629,9.785847892e-07,
58.662,9.785847892e-07,
58.694,9.785847892e-07,
58.728,9.745015032e-07,
58.762,9.745015032e-07,
58.796,9.745015032e-07,
58.83,9.745015032e-07,
58.861,9.797427984e-07,
58.897,9.797427984e-07,
58.929,9.797427984e-07,
58.961,9.782161584e-07,
58.996,9.782161584e-07,
59.032,9.782161584e-07,
59.067,9.782161584e-07,
59.099,9.782161584e-07,
59.128,9.753547119e-07,
59.161,9.753547119e-07,
59.195,9.753547119e-07,
59.228,9.753547119e-07,
59.261,9.722448697e-07,
59.295,9.722448697e-07,
59.328,9.722448697e-07,
59.361,9.724273189e-07,
59.397,9.724273189e-07,
59.429,9.724273189e-07,
59.465,9.724273189e-07,
59.494,9.799123577e-07,
59.528,9.799123577e-07,
59.565,9.799123577e-07,
59.601,9.799123577e-07,
59.637,9.799123577e-07,
59.675,9.817561848e-07,
59.706,9.817561848e-07,
59.74,9.817561848e-07,
59.773,9.817561848e-07,
59.801,9.817561848e-07,
59.83,9.817561848e-07,
59.861,9.718041925e-07,
59.895,9.718041925e-07,
59.927,9.718041925e-07,
59.961,9.718041925e-07,
59.995,9.780736691e-07,
60.029,9.780736691e-07,
60.06,9.780736691e-07,
60.102,9.780736691e-07,
60.13,9.780736691e-07,
60.163,9.816741992e-07,
60.19,9.816741992e-07,
60.228,9.816741992e-07,
60.261,9.8260974e-07,
60.293,9.8260974e-07,
60.328,9.8260974e-07,
60.362,9.8260974e-07,
60.395,9.786022515e-07,
60.428,9.786022515e-07,
60.461,9.742494153e-07,
60.495,9.742494153e-07,
60.529,9.742494153e-07,
60.562,9.746862185e-07,
60.596,9.746862185e-07,
60.631,9.746630247e-07,
60.661,9.746630247e-07,
60.695,9.746630247e-07,
60.731,9.746630247e-07,
60.761,9.746630247e-07,
60.795,9.754892075e-07,
60.827,9.754892075e-07,
60.863,9.754892075e-07,
60.895,9.754892075e-07,
60.928,9.754892075e-07,
60.962,9.736011961e-07,
61.002,9.736011961e-07,
61.033,9.736011961e-07,
61.066,9.736011961e-07,
61.095,9.736011961e-07,
61.129,9.999999928e-07,
61.161,9.999999928e-07,
61.202,9.999999928e-07,
61.231,9.999999928e-07,
61.268,9.999999928e-07,
61.303,9.999999928e-07,
61.333,9.999999928e-07,
61.364,9.999999928e-07,
61.396,9.999999928e-07,
61.428,9.867140752e-07,
61.464,9.867140752e-07,
61.505,9.780972471e-07,
61.532,9.780972471e-07,
61.562,9.780972471e-07,
61.595,9.780972471e-07,
61.628,9.780972471e-07,
61.662,9.844181986e-07,
61.695,9.844181986e-07,
61.73,9.844181986e-07,
61.761,9.844181986e-07,
61.795,9.701963064e-07,
61.828,9.701963064e-07,
61.862,9.701963064e-07,
61.895,9.829733772e-07,
61.929,9.829733772e-07,
61.965,9.829733772e-07,
61.995,9.845137238e-07,
62.023,9.845137238e-07,
62.061,9.845137238e-07,
62.095,9.688950419e-07,
62.128,9.688950419e-07,
62.161,9.688950419e-07,
62.195,9.688950419e-07,
62.228,9.73344274e-07,
62.266,9.73344274e-07,
62.296,9.73344274e-07,
62.328,9.73344274e-07,
62.369,9.73344274e-07,
62.395,9.73344274e-07,
62.428,9.837419379e-07,
62.461,9.837419379e-07,
62.495,9.837419379e-07,
62.528,9.838525901e-07,
62.561,9.838525901e-07,
62.596,9.838525901e-07,
62.628,9.838525901e-07,
62.661,9.838525901e-07,
62.695,9.820508328e-07,
62.728,9.820508328e-07,
62.761,9.820508328e-07,
62.797,9.820508328e-07,
62.829,9.820508328e-07,
62.862,9.820508328e-07,
62.895,9.820508328e-07,
62.929,9.831465375e-07,
62.961,9.831465375e-07,
62.995,9.831465375e-07,
63.029,9.831465375e-07,
63.061,9.82743533e-07,
63.096,9.82743533e-07,
63.129,9.82743533e-07,
63.161,9.82743533e-07,
63.196,9.82743533e-07,
63.23,9.82743533e-07,
63.261,9.842805813e-07,
63.297,9.842805813e-07,
63.33,9.842805813e-07,
63.361,9.842805813e-07,
63.396,9.828049482e-07,
63.43,9.828049482e-07,
63.461,9.828049482e-07,
63.495,9.828049482e-07,
63.528,9.828049482e-07,
63.562,9.832628428e-07,
63.596,9.832628428e-07,
63.628,9.832628428e-07,
63.668,9.713663338e-07,
63.699,9.713663338e-07,
63.731,9.713663338e-07,
63.763,9.713663338e-07,
63.802,9.840525572e-07,
63.831,9.840525572e-07,
63.864,9.840525572e-07,
63.897,9.840525572e-07,
63.928,9.749769696e-07,
63.961,9.749769696e-07,
63.995,9.749769696e-07,
64.028,9.765409018e-07,
64.06,9.765409018e-07,
64.095,9.75790524e-07,
64.127,9.75790524e-07,
64.16,9.75790524e-07,
64.196,9.796174541e-07,
64.229,9.796174541e-07,
64.261,9.781077184e-07,
64.295,9.781077184e-07,
64.336,9.781077184e-07,
64.367,9.781077184e-07,
64.399,9.781077184e-07,
64.435,9.781077184e-07,
64.461,9.781077184e-07,
64.495,9.783499586e-07,
64.529,9.783499586e-07,
64.561,9.783499586e-07,
64.595,9.801992829e-07,
64.628,9.801992829e-07,
64.661,9.801992829e-07,
64.695,9.764772244e-07,
64.728,9.764772244e-07,
64.761,9.764772244e-07,
64.795,9.789832011e-07,
64.828,9.789832011e-07,
64.862,9.789832011e-07,
64.895,9.786528821e-07,
64.933,9.786528821e-07,
64.962,9.786528821e-07,
64.995,9.786528821e-07,
65.032,9.793890437e-07,
65.074,9.793890437e-07,
65.095,9.793890437e-07,
65.128,9.770696754e-07,
65.162,9.770696754e-07,
65.194,9.770696754e-07,
65.23,9.770696754e-07,
65.261,9.806863911e-07,
65.302,9.806863911e-07,
65.328,9.806863911e-07,
65.361,9.806863911e-07,
65.394,9.777297799e-07,
65.428,9.777297799e-07,
65.466,9.796326684e-07,
65.495,9.796326684e-07,
65.529,9.796326684e-07,
65.562,9.796326684e-07,
65.595,9.719843178e-07,
65.628,9.719843178e-07,
65.662,9.719843178e-07,
65.695,9.787985028e-07,
65.727,9.787985028e-07,
65.763,9.787985028e-07,
65.796,9.787985028e-07,
65.828,9.776768611e-07,
65.86,9.776768611e-07,
65.895,9.776768611e-07,
65.931,9.776768611e-07,
65.966,9.740760971e-07,
65.999,9.740760971e-07,
66.045,9.740760971e-07,
66.075,9.740760971e-07,
66.101,9.740760971e-07,
66.135,9.740760971e-07,
66.161,9.806478396e-07,
66.196,9.806478396e-07,
66.228,9.806478396e-07,
66.274,9.806478396e-07,
66.308,9.708688005e-07,
66.333,9.708688005e-07,
66.363,9.708688005e-07,
66.394,9.829511982e-07,
66.429,9.829511982e-07,
66.47,9.829511982e-07,
66.507,9.829511982e-07,
66.54,9.829511982e-07,
66.564,9.785815216e-07,
66.579,9.785815216e-07,
66.638,9.785815216e-07,
66.667,9.785815216e-07,
66.716,9.785815216e-07,
66.728,9.785815216e-07,
66.761,9.766573034e-07,
66.797,9.766573034e-07,
66.849,9.766573034e-07,
66.862,9.766573034e-07,
66.901,9.796056149e-07,
66.932,9.796056149e-07,
66.962,9.796056149e-07,
66.996,9.796056149e-07,
67.036,9.783083859e-07,
67.07,9.783083859e-07,
67.096,9.783083859e-07,
67.128,9.783083859e-07,
67.162,9.783083859e-07,
67.195,9.783083859e-07,
67.23,9.783083859e-07,
67.261,9.751918026e-07,
67.301,9.751918026e-07,
67.34,9.751918026e-07,
67.363,9.751918026e-07,
67.4,9.751918026e-07,
67.43,9.751918026e-07,
67.468,9.751918026e-07,
67.505,9.810783158e-07,
67.53,9.810783158e-07,
67.566,9.810783158e-07,
67.607,9.810783158e-07,
67.634,9.810783158e-07,
67.674,9.739845004e-07,
67.7,9.739845004e-07,
67.732,9.739845004e-07,
67.769,9.739845004e-07,
67.796,9.739845004e-07,
67.837,9.808739007e-07,
67.868,9.808739007e-07,
67.905,9.808739007e-07,
67.935,9.808739007e-07,
67.962,9.808739007e-07,
67.997,9.808739007e-07,
68.032,9.808739007e-07,
68.061,9.787629767e-07,
68.095,9.787629767e-07,
68.128,9.787629767e-07,
68.161,9.787629767e-07,
68.196,9.769686711e-07,
68.229,9.769686711e-07,
68.262,9.769686711e-07,
68.31,9.793548031e-07,
68.328,9.793548031e-07,
68.367,9.793548031e-07,
68.399,9.793548031e-07,
68.437,9.793548031e-07,
68.463,9.709652411e-07,
68.499,9.709652411e-07,
68.545,9.709652411e-07,
68.564,9.709652411e-07,
68.611,9.709652411e-07,
68.631,9.709652411e-07,
68.671,9.733929324e-07,
68.698,9.733929324e-07,
68.729,9.733929324e-07,
68.763,9.733929324e-07,
68.8,9.733929324e-07,
68.846,9.780442615e-07,
68.871,9.780442615e-07,
68.901,9.780442615e-07,
68.928,9.780442615e-07,
68.961,9.780442615e-07,
68.999,9.780442615e-07,
69.025,9.820404441e-07,
69.062,9.820404441e-07,
69.092,9.820404441e-07,
69.128,9.820404441e-07,
69.163,9.791902806e-07,
69.195,9.791902806e-07,
69.229,9.791902806e-07,
69.261,9.753054163e-07,
69.304,9.753054163e-07,
69.331,9.753054163e-07,
69.364,9.752076484e-07,
69.395,9.752076484e-07,
69.438,9.752076484e-07,
69.464,9.752076484e-07,
69.502,9.741335732e-07,
69.53,9.741335732e-07,
69.565,9.741335732e-07,
69.605,9.741335732e-07,
69.644,9.732662716e-07,
69.661,9.732662716e-07,
69.698,9.732662716e-07,
69.732,9.732662716e-07,
69.764,9.732662716e-07,
69.796,9.732662716e-07,
69.828,9.736141936e-07,
69.861,9.736141936e-07,
69.914,9.736141936e-07,
69.933,9.736141936e-07,
69.971,9.736141936e-07,
70.01,9.836204314e-07,
70.063,9.836204314e-07,
70.063,9.836204314e-07,
70.103,9.836204314e-07,
70.131,9.836204314e-07,
70.164,9.836204314e-07,
70.197,9.836204314e-07,
70.228,9.79930436e-07,
70.267,9.79930436e-07,
70.297,9.79930436e-07,
70.328,9.800485745e-07,
70.372,9.800485745e-07,
70.402,9.800485745e-07,
70.444,9.792855207e-07,
70.467,9.792855207e-07,
70.502,9.792855207e-07,
70.533,9.792855207e-07,
70.562,9.800072069e-07,
70.6,9.800072069e-07,
70.632,9.800072069e-07,
70.665,9.800072069e-07,
70.707,9.808048697e-07,
70.732,9.808048697e-07,
70.771,9.808048697e-07,
70.82,9.808048697e-07,
70.832,9.808048697e-07,
70.876,9.722305234e-07,
70.9,9.722305234e-07,
70.937,9.722305234e-07,
70.965,9.722305234e-07,
71.005,9.722305234e-07,
71.029,9.722305234e-07,
71.072,9.722305234e-07,
71.099,9.767600989e-07,
71.133,9.767600989e-07,
71.163,9.767600989e-07,
71.2,9.767600989e-07,
71.235,9.792854131e-07,
71.261,9.792854131e-07,
71.3,9.792854131e-07,
71.331,9.792854131e-07,
71.367,9.812246894e-07,
71.411,9.812246894e-07,
71.439,9.812246894e-07,
71.484,9.812246894e-07,
71.5,9.812246894e-07,
71.538,9.812246894e-07,
71.566,9.812246894e-07,
71.6,9.781246887e-07,
71.644,9.781246887e-07,
71.662,9.781246887e-07,
71.705,9.781246887e-07,
71.729,9.718725496e-07,
71.767,9.718725496e-07,
71.804,9.718725496e-07,
71.832,9.718725496e-07,
71.862,9.718725496e-07,
71.895,9.718725496e-07,
71.929,9.809810301e-07,
71.966,9.809810301e-07,
71.997,9.809810301e-07,
72.028,9.809810301e-07,
72.061,9.809810301e-07,
72.095,9.809810301e-07,
72.128,9.809758026e-07,
72.161,9.809758026e-07,
72.195,9.809758026e-07,
72.234,9.809758026e-07,
72.269,9.809758026e-07,
72.305,9.795156624e-07,
72.331,9.795156624e-07,
72.363,9.795156624e-07,
72.397,9.795156624e-07,
72.428,9.795156624e-07,
72.472,9.727387991e-07,
72.499,9.727387991e-07,
72.528,9.727387991e-07,
72.567,9.727387991e-07,
72.606,9.727387991e-07,
72.634,9.771459278e-07,
72.663,9.771459278e-07,
72.699,9.771459278e-07,
72.732,9.771459278e-07,
72.761,9.771459278e-07,
72.802,9.771459278e-07,
72.828,9.771459278e-07,
72.864,9.771459278e-07,
72.902,9.857565725e-07,
72.929,9.857565725e-07,
72.963,9.857565725e-07,
73.011,9.857565725e-07,
73.03,9.857565725e-07,
73.062,9.764703084e-07,
73.098,9.764703084e-07,
73.13,9.764703084e-07,
73.161,9.764703084e-07,
73.196,9.764703084e-07,
73.23,9.793561468e-07,
73.269,9.793561468e-07,
73.299,9.793561468e-07,
73.328,9.761546599e-07,
73.361,9.761546599e-07,
73.397,9.761546599e-07,
73.43,9.761546599e-07,
73.461,9.74006202e-07,
73.496,9.74006202e-07,
73.532,9.74006202e-07,
73.561,9.715658701e-07,
73.595,9.715658701e-07,
73.631,9.715658701e-07,
73.663,9.715658701e-07,
73.696,9.715658701e-07,
73.729,9.715658701e-07,
73.767,9.715658701e-07,
73.8,9.76515468e-07,
73.831,9.76515468e-07,
73.869,9.76515468e-07,
73.897,9.76515468e-07,
73.928,9.804381374e-07,
73.962,9.804381374e-07,
73.995,9.804381374e-07,
74.028,9.804381374e-07,
74.061,9.781149053e-07,
74.096,9.781149053e-07,
74.128,9.781149053e-07,
74.162,9.781149053e-07,
74.205,9.793950925e-07,
74.24,9.793950925e-07,
74.267,9.793950925e-07,
74.295,9.793950925e-07,
74.329,9.77655548e-07,
74.367,9.77655548e-07,
74.399,9.77655548e-07,
74.432,9.77655548e-07,
74.464,9.788285781e-07,
74.496,9.788285781e-07,
74.528,9.788285781e-07,
74.562,9.788285781e-07,
74.598,9.708552914e-07,
74.634,9.708552914e-07,
74.663,9.708552914e-07,
74.698,9.708552914e-07,
74.73,9.708552914e-07,
74.763,9.760003774e-07,
74.798,9.760003774e-07,
74.829,9.760003774e-07,
74.868,9.760003774e-07,
74.9,9.751165793e-07,
74.932,9.751165793e-07,
74.96,9.751165793e-07,
74.996,9.751165793e-07,
75.03,9.806413226e-07,
75.068,9.806413226e-07,
75.103,9.806413226e-07,
75.133,9.806413226e-07,
75.17,9.806413226e-07,
75.21,9.713037389e-07,
75.232,9.713037389e-07,
75.264,9.713037389e-07,
75.296,9.713037389e-07,
75.33,9.789164517e-07,
75.371,9.789164517e-07,
75.396,9.789164517e-07,
75.435,9.789164517e-07,
75.462,9.74948834e-07,
75.501,9.74948834e-07,
75.534,9.74948834e-07,
75.566,9.74948834e-07,
75.605,9.74948834e-07,
75.633,9.768240897e-07,
75.67,9.768240897e-07,
75.706,9.768240897e-07,
75.733,9.768240897e-07,
75.763,9.730062492e-07,
