"/uav_ground_truth/pose/pose/position/z_x","/uav_ground_truth/pose/pose/position/z_y","/ual/pose/pose/position/z_y","/del_uav/KF_pose/z_y"
0.318,0.2999959457,-0.0403031446,-0.05369798794,
0.338,0.2999959486,-0.01493925229,-0.01335624288,
0.358,0.2999959505,-0.003107656725,-0.01338622274,
0.378,0.2999959583,-0.006375099998,-0.005710520305,
0.398,0.2999959602,-0.01257970277,-0.01342999559,
0.418,0.2999959662,-0.02061991952,-0.01346553482,
0.438,0.2999959635,-0.03442869708,-0.03093338121,
0.458,0.2999959665,-0.04189861938,-0.03095601952,
0.478,0.2999959744,-0.05575738102,-0.05015326399,
0.498,0.2999959891,-0.07502138615,-0.05015326399,
0.518,0.2999959798,-0.08423599601,-0.07578592541,
0.538,0.2999959786,-0.0986026898,-0.07644571879,
0.558,0.2999959963,-0.1017823592,-0.09237014352,
0.578,0.2999959905,-0.09817438573,-0.08850613426,
0.598,0.2999959905,-0.09529069811,-0.08850613426,
0.618,0.2999959883,-0.09005265683,-0.06843603047,
0.638,0.2999959934,-0.05755574256,-0.06843603047,
0.658,0.2999959954,-0.008185046725,-0.007368426576,
0.678,0.2999959919,0.04551257938,0.06874966798,
0.698,0.2999959954,0.1017215252,0.06874966798,
0.718,0.2999959953,0.1196881309,0.1317802626,
0.738,0.299995999,0.1684925109,0.1328764166,
0.758,0.2999960043,0.2098528743,0.1903470686,
0.778,0.2999960086,0.2445992529,0.2210619932,
0.798,0.299996013,0.2481432706,0.2210619932,
0.818,0.2999957977,0.2516586185,0.2284925608,
0.838,0.29999542,0.256647408,0.2284925608,
0.858,0.2999952828,0.2632717788,0.2390367685,
0.878,0.2999952201,0.2810690999,0.2648675458,
0.898,0.2999951994,0.3062207401,0.2648675458,
0.918,0.2999951932,0.339596957,0.3065261827,
0.938,0.2999951926,0.3738617599,0.3065261827,
0.958,0.2999951939,0.3935461044,0.3552206576,
0.978,0.2999951954,0.4343509376,0.4111249145,
0.998,0.2999951972,0.4761865735,0.4111249145,
1.018,0.2999951992,0.5176203847,0.4672100441,
1.038,0.2999952009,0.5333562493,0.4675494129,
1.058,0.2999952022,0.5752032995,0.5195607342,
1.078,0.2999952035,0.6000419259,0.5195607342,
1.098,0.299995205,0.6537736058,0.5915921782,
1.118,0.2999952065,0.6715490818,0.5915921782,
1.138,0.2999952078,0.7057446241,0.6386203072,
1.158,0.2999952095,0.7266520262,0.6386203072,
1.178,0.2999952118,0.7387548685,0.6659003533,
1.198,0.2999952145,0.7522464395,0.6829827428,
1.218,0.299995217,0.7525271773,0.6829827428,
1.238,0.2999952198,0.7455207705,0.6729440252,
1.258,0.2999952225,0.7219693661,0.6768764062,
1.278,0.2999952246,0.6980159283,0.6300639893,
1.298,0.2999952262,0.6446294785,0.5818749463,
1.318,0.2999952278,0.6249181032,0.5818749463,
1.338,0.2999952292,0.5853145123,0.5293427689,
1.358,0.2999952304,0.5320455432,0.5299588425,
1.378,0.2999952312,0.5015328526,0.4541037844,
1.398,0.2999952321,0.4710294902,0.4541037844,
1.418,0.2999952331,0.4367659986,0.4107391028,
1.438,0.2999952341,0.4206160307,0.381036746,
1.458,0.299995235,0.425060302,0.3838008855,
1.478,0.2999952364,0.4248709381,0.3838008855,
1.498,0.2999952382,0.4237986207,0.3839198658,
1.518,0.2999952402,0.4263883233,0.3815446148,
1.538,0.2999952421,0.4245017767,0.3821776525,
1.558,0.2999952442,0.4295434058,0.3847543622,
1.578,0.2999953589,0.4326998591,0.3888433621,
1.598,0.2999957957,0.4393101037,0.3981769436,
1.618,0.2999959199,0.4458962679,0.3975956491,
1.638,0.2999951829,0.4530844688,0.4194626719,
1.658,0.3000000001,0.4737880528,0.4194626719,
1.678,0.3000000001,0.4909979105,0.4443759123,
1.698,0.3000000001,0.4917561412,0.4438230853,
1.718,0.3000000001,0.4974691868,0.4496727018,
1.738,0.3000000002,0.5100310445,0.4496727018,
1.758,0.3000000001,0.5129668117,0.4630233883,
1.778,0.3000000002,0.5186191201,0.4725239097,
1.798,0.3000000001,0.5207384229,0.4725239097,
1.818,0.3000000001,0.5161653757,0.4630065863,
1.838,0.3000000001,0.5048419833,0.4630065863,
1.858,0.3000000001,0.4899258316,0.4435241896,
1.878,0.3000000001,0.4828878641,0.4450966457,
1.898,0.3,0.4400175214,0.4153783738,
1.918,0.3000000001,0.4210630059,0.4153783738,
1.938,0.3000000001,0.4007049203,0.3623807786,
1.958,0.3,0.3563283384,0.3623807786,
1.978,0.3000000001,0.3179971874,0.3025171323,
1.998,0.3000000001,0.3024842143,0.2586924565,
2.018,0.3000000001,0.2744674981,0.2586924565,
2.038,0.3,0.2575961947,0.2322747276,
2.058,0.3000000001,0.2532477081,0.2310785946,
2.078,0.3000000001,0.2444051355,0.2192457424,
2.098,0.3000000001,0.2386461645,0.2213222903,
2.118,0.3000000001,0.2282818109,0.2067225733,
2.138,0.3000000001,0.2272579372,0.2067225733,
2.158,0.3,0.2371438295,0.2147471567,
2.178,0.3,0.2760500312,0.2510275442,
2.198,0.3,0.3155281842,0.3103741843,
2.218,0.3000000001,0.3944604695,0.3219579313,
2.238,0.3,0.4185191989,0.3947712921,
2.258,0.2999999995,0.465680629,0.3947712921,
2.278,0.3000000004,0.4868811369,0.4592415712,
2.298,0.3000000003,0.5306606889,0.4771567774,
2.318,0.3,0.5745569468,0.5428605139,
2.338,0.3000000004,0.5955072641,0.6067861791,
2.358,0.3000000004,0.6386889219,0.6067861791,
2.378,0.3,0.6803569198,0.666313208,
2.398,0.2999991143,0.722061038,0.666313208,
2.418,0.3000000003,0.7657054663,0.7290759872,
2.438,0.2999999998,0.7867970467,0.7898513581,
2.458,0.3000000001,0.8273994923,0.7898513581,
2.478,0.3,0.8702325225,0.848607938,
2.498,0.3,0.9087434411,0.855509002,
2.518,0.2999922836,0.9514564276,0.9140085846,
2.538,0.2999930765,0.9955450892,0.9782539054,
2.558,0.3000000001,1.035732031,0.9782539054,
2.578,0.3000000001,1.076505184,1.039364055,
2.598,0.3000000001,1.109191656,1.092481952,
2.618,0.3000000001,1.151154995,1.092481952,
2.638,0.3000000001,1.185962319,1.15010558,
2.658,0.3000000001,1.228294134,1.211218404,
2.678,0.3000000001,1.270576477,1.270447321,
2.698,0.3000000001,1.311417818,1.272265887,
2.718,0.3000000001,1.348720312,1.348720312,
2.738,0.3000000001,1.382883549,1.348720312,
2.758,0.3000000001,1.400247693,1.400247693,
2.778,0.3000000001,1.417502165,1.400247693,
2.798,0.3000000001,1.460971475,1.460971475,
2.818,0.3000000001,1.482604742,1.460971475,
2.838,0.3,1.528192997,1.527427312,
2.858,0.3000000001,1.571136475,1.527427312,
2.878,0.3000000001,1.593214869,1.59215447,
2.898,0.3000000001,1.637831092,1.660062669,
2.918,0.3000000001,1.680257559,1.653376077,
2.938,0.3000000001,1.73223567,1.721339851,
2.958,0.3000000001,1.756080389,1.721339851,
2.978,0.3000000001,1.800555944,1.789750468,
2.998,0.3,1.848205805,1.7973192,
3.018,0.2999935595,1.873046756,1.865198506,
3.038,0.3000006696,1.912599325,1.924526837,
3.058,0.3000079062,1.95507586,1.929842824,
3.078,0.3000104451,1.999938369,1.994742246,
3.098,0.2999989603,2.021206141,1.994742246,
3.118,0.3000000032,2.065482378,2.059086144,
3.138,0.3000029685,2.107396603,2.055907559,
3.158,0.2999954131,2.127560377,2.115612156,
3.178,0.3000037452,2.169194937,2.115612156,
3.198,0.299995806,2.212720394,2.17536743,
3.218,0.3000127886,2.232099771,2.243784604,
3.238,0.3000576225,2.292860031,2.243784604,
3.258,0.300049096,2.329432487,2.301575719,
3.278,0.300092166,2.347312927,2.357141023,
3.298,0.3000296904,2.387929916,2.355987366,
3.318,0.3001822959,2.425954342,2.410630778,
3.338,0.3008480365,2.459591866,2.443046846,
3.358,0.3024921018,2.498303652,2.443046846,
3.378,0.3051838035,2.514692545,2.493708543,
3.398,0.3088651345,2.552511215,2.493708543,
3.418,0.3134870715,2.585750341,2.540285773,
3.438,0.319091423,2.604486227,2.557397666,
3.458,0.325713857,2.640460968,2.609136694,
3.478,0.3333622592,2.655930042,2.609136694,
3.498,0.3419811706,2.691437244,2.657344202,
3.518,0.3511584957,2.725153923,2.703884142,
3.538,0.36034404,2.756519556,2.719529269,
3.558,0.3691454825,2.790648699,2.767960371,
3.578,0.3774860593,2.821083069,2.813495894,
3.598,0.385798623,2.851219893,2.813495894,
3.618,0.3942778773,2.87735033,2.851943966,
3.638,0.4029112332,2.903152704,2.847569283,
3.658,0.4115887105,2.929294586,2.885122273,
3.678,0.4202765676,2.942586422,2.923124732,
3.698,0.4292804865,2.955822945,2.923124732,
3.718,0.438626679,2.98081708,2.923124732,
3.738,0.4481366226,3.00611639,2.963913457,
3.758,0.4576094355,3.031028748,3.000786749,
3.778,0.466974333,3.055464029,3.000786749,
3.798,0.4765839042,3.078365088,3.027077744,
3.818,0.4865577252,3.089696646,3.059260193,
3.838,0.4967503408,3.110141516,3.059260193,
3.858,0.5069668555,3.130617619,3.096153343,
3.878,0.5171123533,3.150401831,3.096153343,
3.898,0.5275276703,3.160220146,3.124782602,
3.918,0.5383144295,3.180325508,3.154730547,
3.938,0.5493183584,3.200365782,3.151448487,
3.958,0.5603386205,3.229379416,3.17873412,
3.978,0.5713755997,3.2380867,3.188323504,
3.998,0.58277539,3.263101578,3.188323504,
4.018,0.5945156098,3.271771193,3.212582363,
4.038,0.6063960818,3.28557229,3.231571161,
4.058,0.6182152807,3.301764488,3.253655926,
4.078,0.630006481,3.315614939,3.2739346,
4.098,0.6421855802,3.328673601,3.2739346,
4.118,0.6547543229,3.341342926,3.293600411,
4.138,0.6675016026,3.347787857,3.311721513,
4.158,0.6802108597,3.3607831,3.311721513,
4.178,0.6928636311,3.366369247,3.328231549,
4.198,0.7058537921,3.377825499,3.328231549,
4.218,0.7192231137,3.390480518,3.346904908,
4.238,0.7327959006,3.401535034,3.346904908,
4.258,0.7463761261,3.408414125,3.364243174,
4.278,0.7599156001,3.413357019,3.375958541,
4.298,0.7737312822,3.422607183,3.38980434,
4.318,0.7878485509,3.431330442,3.38980434,
4.338,0.8021221803,3.436523199,3.403379874,
4.358,0.8163953653,3.444397926,3.40340383,
4.378,0.830665135,3.453895569,3.40340383,
4.398,0.8452781243,3.461526632,3.41469994,
4.418,0.8603021231,3.46762991,3.419602415,
4.438,0.8756191026,3.474142313,3.429211873,
4.458,0.8911049306,3.478505135,3.436058704,
4.478,0.9066938363,3.481104374,3.436058704,
4.498,0.9225822619,3.488609791,3.465757702,
4.518,0.9388505734,3.49257493,3.471890861,
4.538,0.9553743237,3.495849609,3.471890861,
4.558,0.9719759333,3.497548819,3.471983444,
4.578,0.9886062714,3.500211239,3.471983444,
4.598,1.005470547,3.501916647,3.475892674,
4.618,1.022560396,3.504066467,3.481729862,
4.638,1.039783296,3.506656408,3.481729862,
4.658,1.057027758,3.50739789,3.484706041,
4.678,1.074291737,3.508255243,3.484706041,
4.698,1.09175396,3.509670019,3.484165782,
4.718,1.109357743,3.511070251,3.484165782,
4.738,1.126974926,3.510756016,3.484346917,
4.758,1.144505851,3.510548115,3.483422067,
4.778,1.161956849,3.510632992,3.483663746,
4.798,1.17954789,3.510414362,3.482913722,
4.818,1.197301003,3.510217428,3.482913722,
4.838,1.215113955,3.511513472,3.479691547,
4.858,1.232873908,3.511784077,3.48029364,
4.878,1.250547913,3.511090279,3.48029364,
4.898,1.268317578,3.511413336,3.468850175,
4.918,1.286242472,3.513278484,3.468850175,
4.938,1.304260116,3.51402688,3.471099617,
4.958,1.322267166,3.514632463,3.472851542,
4.978,1.340246059,3.516012192,3.472851542,
4.998,1.358335891,3.516432524,3.489047613,
5.018,1.376531201,3.516097069,3.489047613,
5.038,1.394743573,3.515878916,3.488505515,
5.058,1.41288176,3.513520479,3.485348876,
5.078,1.43093297,3.511992216,3.492182338,
5.098,1.449034266,3.511255741,3.490545341,
5.118,1.467221482,3.510185003,3.490545341,
5.138,1.485449553,3.508366108,3.487960783,
5.158,1.503633013,3.506477833,3.487960783,
5.178,1.521741499,3.505412817,3.4858608,
5.198,1.539861701,3.504063368,3.473844378,
5.218,1.557996006,3.502358913,3.473844378,
5.238,1.576083909,3.501421928,3.471265498,
5.258,1.594064347,3.497866154,3.467793938,
5.278,1.611942992,3.496271849,3.477809311,
5.298,1.629813673,3.493185997,3.473204197,
5.318,1.647697879,3.490718365,3.469560691,
5.338,1.665553863,3.488336325,3.459659719,
5.358,1.683323936,3.485891342,3.456154813,
5.378,1.700993783,3.484562874,3.456154813,
5.398,1.718610308,3.48171258,3.452077117,
5.418,1.736169162,3.479403257,3.441092686,
5.438,1.753630703,3.477452517,3.441092686,
5.458,1.770962334,3.47614646,3.438960067,
5.478,1.788169015,3.475330114,3.438960067,
5.498,1.805285329,3.475148678,3.457217122,
5.518,1.822313824,3.47388792,3.457217122,
5.538,1.839229092,3.472579718,3.455191779,
5.558,1.856001691,3.47175622,3.453875447,
5.578,1.872625325,3.471628904,3.450653011,
5.598,1.889118033,3.470443964,3.449364125,
5.618,1.905476287,3.468064547,3.445752714,
5.638,1.921694545,3.465618134,3.445752714,
5.658,1.937772122,3.462672234,3.437827159,
5.678,1.953711609,3.461016655,3.437827159,
5.698,1.969510102,3.458339453,3.43368653,
5.718,1.985161756,3.456047535,3.4273079,
5.738,2.000661079,3.454225063,3.4273079,
5.758,2.015998245,3.452433825,3.42480763,
5.778,2.031174798,3.450367928,3.42480763,
5.798,2.046194662,3.448283911,3.42157571,
5.818,2.061059745,3.447298288,3.429405355,
5.838,2.075768007,3.44535327,3.429405355,
5.858,2.09032142,3.444073915,3.425816681,
5.878,2.104734099,3.442044735,3.425816681,
5.898,2.119021479,3.440353394,3.423233953,
5.918,2.133174313,3.4383111,3.41380597,
5.938,2.147184626,3.437200069,3.410726867,
5.958,2.161047726,3.435752869,3.40889747,
5.978,2.174765576,3.434826136,3.40889747,
5.998,2.18833378,3.434210777,3.406950274,
6.018,2.201744206,3.432374716,3.407996049,
6.038,2.215006693,3.430921555,3.405639939,
6.058,2.22812974,3.430263042,3.405639939,
6.078,2.241113303,3.428172588,3.403527083,
6.098,2.253955111,3.426878691,3.409424381,
6.118,2.266650604,3.42540431,3.409424381,
6.138,2.279197312,3.424604893,3.40718668,
6.158,2.291592408,3.423335552,3.405094921,
6.178,2.303833494,3.422010899,3.40070123,
6.198,2.315916341,3.420113802,3.398383097,
6.218,2.327841336,3.418132305,3.398383097,
6.238,2.33961463,3.416678667,3.395676427,
6.258,2.351247791,3.415916443,3.377637219,
6.278,2.362743029,3.413558722,3.377637219,
6.298,2.374109262,3.412334442,3.375530719,
6.318,2.385345434,3.410973787,3.373524069,
6.338,2.396441809,3.409051418,3.379371864,
6.358,2.407388802,3.408335924,3.379371864,
6.378,2.418191714,3.404125452,3.373679709,
6.398,2.42885746,3.401213884,3.373679709,
6.418,2.43938075,3.399278402,3.377172959,
6.438,2.449760769,3.398027182,3.377172959,
6.458,2.460012637,3.396295309,3.374771438,
6.478,2.470137895,3.395223379,3.373203178,
6.498,2.480135204,3.394673109,3.372348111,
6.518,2.49001398,3.394307137,3.371978049,
6.538,2.499777577,3.394215584,3.371362446,
6.558,2.509435155,3.393729687,3.371362446,
6.578,2.518974701,3.393645287,3.369283576,
6.598,2.528366568,3.393193722,3.36846822,
6.618,2.537612041,3.392926455,3.36846822,
6.638,2.54673613,3.393503428,3.36197948,
6.658,2.55575277,3.394132614,3.362497448,
6.678,2.564657647,3.393449545,3.362497448,
6.698,2.573455269,3.393286467,3.361933947,
6.718,2.582139689,3.391597748,3.371312599,
6.738,2.590713503,3.390548229,3.369078768,
6.758,2.599190678,3.38875246,3.366637921,
6.778,2.607577243,3.388489962,3.365592538,
6.798,2.615863974,3.388683796,3.365564023,
6.818,2.624041085,3.389240026,3.366633538,
6.838,2.632116089,3.389999151,3.366633538,
6.858,2.640078331,3.39090848,3.367737764,
6.878,2.647917521,3.391944885,3.367737764,
6.898,2.655637947,3.391726017,3.366934127,
6.918,2.663240506,3.391820431,3.366209048,
6.938,2.670720168,3.39125371,3.366209048,
6.958,2.678065544,3.390151262,3.364878109,
6.978,2.685276554,3.390340567,3.364878109,
6.998,2.692359261,3.391252518,3.368216305,
7.018,2.6993178,3.392739534,3.370217465,
7.038,2.706167222,3.394518852,3.372287848,
7.058,2.712919648,3.395593643,3.370443103,
7.078,2.719572979,3.396482944,3.371719921,
7.098,2.726123432,3.39707756,3.372609203,
7.118,2.732563603,3.397009134,3.372676038,
7.138,2.738901811,3.397299528,3.372859789,
7.158,2.74513681,3.396782398,3.372200845,
7.178,2.751263889,3.396870613,3.372200845,
7.198,2.757286091,3.396582603,3.372193169,
7.218,2.763211388,3.396462202,3.372633807,
7.238,2.769050893,3.396478891,3.372532555,
7.258,2.774811901,3.396936417,3.372532555,
7.278,2.780498895,3.397982359,3.369829373,
7.298,2.786116618,3.399007559,3.371341207,
7.318,2.791659953,3.400554895,3.371341207,
7.338,2.797121572,3.402031422,3.373463804,
7.358,2.802502037,3.402870178,3.377481544,
7.378,2.807808729,3.404379368,3.37895261,
7.398,2.81305504,3.404757261,3.379408626,
7.418,2.818239133,3.405341148,3.380346448,
7.438,2.823354856,3.405563116,3.380346448,
7.458,2.828386351,3.405203581,3.379615533,
7.478,2.833336111,3.404256105,3.379615533,
7.498,2.838212453,3.404431105,3.379582521,
7.518,2.843024489,3.404910803,3.379582521,
7.538,2.847775537,3.405520678,3.380521505,
7.558,2.85247378,3.406104803,3.382139721,
7.578,2.857125888,3.407406807,3.383981686,
7.598,2.861730146,3.40806818,3.383981686,
7.618,2.866274445,3.408693552,3.384898826,
7.638,2.87075036,3.409070492,3.385885119,
7.658,2.875157021,3.40992713,3.385885119,
7.678,2.87948963,3.410638094,3.387181168,
7.698,2.88375466,3.411131144,3.387181168,
7.718,2.887954572,3.412309408,3.388813448,
7.738,2.892100491,3.413558006,3.390553304,
7.758,2.896205671,3.414597034,3.392948096,
7.778,2.900256261,3.415618658,3.394443595,
7.798,2.904238572,3.416482687,3.395490072,
7.818,2.908155667,3.41675806,3.395490072,
7.838,2.912020503,3.417090893,3.392939956,
7.858,2.915853922,3.417608023,3.392939956,
7.878,2.919665186,3.41778183,3.393614208,
7.898,2.923445359,3.418978691,3.385024624,
7.918,2.927175405,3.419321775,3.385024624,
7.938,2.930846101,3.419785023,3.385803485,
7.958,2.934459628,3.420188904,3.386193607,
7.978,2.93802441,3.420075417,3.396319196,
7.998,2.941552445,3.420074701,3.396450206,
8.018,2.94504332,3.419629335,3.395773048,
8.038,2.948476568,3.420229673,3.398821746,
8.058,2.951833662,3.420568466,3.398821746,
8.078,2.955113661,3.421660662,3.400522298,
8.098,2.958312849,3.423031569,3.400522298,
8.118,2.961431099,3.423772335,3.402596865,
8.138,2.964481942,3.424615145,3.397367227,
8.158,2.967471862,3.424823046,3.397750995,
8.178,2.970414818,3.425031185,3.397750995,
8.198,2.973323113,3.426023006,3.398918068,
8.218,2.976187627,3.427495718,3.398884816,
8.238,2.978986337,3.428521633,3.401314685,
8.258,2.981725209,3.431680202,3.404571357,
8.278,2.984420926,3.43367672,3.407064986,
8.298,2.98707637,3.435026169,3.412365134,
8.318,2.989696661,3.435809374,3.413709229,
8.338,2.992285019,3.436013937,3.414140011,
8.358,2.994844407,3.436309338,3.416263161,
8.378,2.997384299,3.436195135,3.416209434,
8.398,2.999907762,3.435990334,3.416209434,
8.418,3.002410708,3.434987307,3.415858568,
8.438,3.004889713,3.433683395,3.405832757,
8.458,3.007351108,3.431151628,3.405832757,
8.478,3.009786312,3.42974782,3.403364854,
8.498,3.012189856,3.429643631,3.403364854,
8.518,3.01454153,3.430127859,3.403734611,
8.538,3.01683953,3.430834293,3.412496591,
8.558,3.019092279,3.43221283,3.413837895,
8.578,3.021307303,3.434098959,3.416395502,
8.598,3.023497662,3.436744928,3.416395502,
8.618,3.025672414,3.439325094,3.420266323,
8.638,3.027837757,3.441725731,3.417893435,
8.658,3.029994782,3.444268942,3.417893435,
8.678,3.032135414,3.445441961,3.421519089,
8.698,3.03424395,3.446785212,3.423095935,
8.718,3.036324566,3.447073698,3.423095935,
8.738,3.038385622,3.447825909,3.421516587,
8.758,3.040426387,3.448734999,3.421516587,
8.778,3.042449201,3.449970245,3.423211675,
8.798,3.044459798,3.450368643,3.423211675,
8.818,3.046456549,3.450823545,3.424008313,
8.838,3.048441298,3.451309443,3.430314626,
8.858,3.050425725,3.452034712,3.430314626,
8.878,3.052406754,3.45262289,3.431247175,
8.898,3.054378491,3.45269227,3.431247175,
8.918,3.056331752,3.452899694,3.431600927,
8.938,3.05825221,3.452978611,3.431804112,
8.958,3.060138071,3.452955723,3.43189789,
8.978,3.061991118,3.453333378,3.43189789,
8.998,3.063816123,3.45388484,3.434517705,
9.018,3.065611059,3.453980684,3.434517705,
9.038,3.067380819,3.453629017,3.434421187,
9.058,3.069128465,3.453696489,3.434338691,
9.078,3.070849597,3.454214573,3.425966508,
9.098,3.072544684,3.454752922,3.425966508,
9.118,3.074212206,3.456002235,3.427558733,
9.138,3.075848682,3.456822872,3.430095233,
9.158,3.077448319,3.457457542,3.430095233,
9.178,3.079015059,3.458584309,3.431531399,
9.198,3.080547841,3.459280729,3.431531399,
9.218,3.082053545,3.459681273,3.436272889,
9.238,3.083533548,3.458407402,3.436272889,
9.258,3.08498467,3.457309723,3.434471746,
9.278,3.08642922,3.456151724,3.427550546,
9.298,3.087894287,3.455700636,3.427550546,
9.318,3.089376364,3.453769207,3.425238156,
9.338,3.090870503,3.452684879,3.425238156,
9.358,3.092370363,3.451303959,3.422845469,
9.378,3.093871333,3.448976278,3.426926749,
9.398,3.095363595,3.445301056,3.426926749,
9.418,3.096838622,3.443640232,3.421671324,
9.438,3.098295485,3.440308094,3.421671324,
9.458,3.099736033,3.43846941,3.418460791,
9.478,3.101175091,3.437724113,3.41041289,
9.498,3.102619882,3.436279297,3.408287367,
9.518,3.104069034,3.435465574,3.408287367,
9.538,3.105512576,3.434235811,3.406304147,
9.558,3.106951271,3.433062315,3.404017579,
9.578,3.10838085,3.431216717,3.404959936,
9.598,3.109804451,3.430401802,3.403524337,
9.618,3.111214799,3.429900885,3.402866635,
9.638,3.112606335,3.429249525,3.408874332,
9.658,3.113984437,3.428294659,3.407476047,
9.678,3.115355001,3.428571463,3.409424848,
9.698,3.116714118,3.429107666,3.409424848,
9.718,3.118073371,3.43105197,3.409424848,
9.738,3.119438611,3.43226099,3.412511441,
9.758,3.120807264,3.434568644,3.416145994,
9.778,3.122161524,3.436985731,3.411560754,
9.798,3.123489899,3.43891716,3.414426639,
9.818,3.124795734,3.441694021,3.418467295,
9.838,3.126098889,3.444349051,3.418467295,
9.858,3.127406603,3.446857929,3.425566593,
9.878,3.128708957,3.449233055,3.428921105,
9.898,3.130004662,3.450917721,3.428921105,
9.918,3.131287561,3.450620651,3.424894731,
9.938,3.132560984,3.44806695,3.424894731,
9.958,3.13382632,3.445739269,3.421147966,
9.978,3.13507935,3.443502903,3.416614515,
9.998,3.13632944,3.442335367,3.415353378,
10.018,3.13757571,3.442370415,3.415353378,
10.038,3.138823183,3.443512917,3.416987841,
10.058,3.140073436,3.444246292,3.416987841,
10.078,3.141310543,3.44494915,3.418382953,
10.098,3.142535501,3.445396185,3.418382953,
10.118,3.143764089,3.44655776,3.420902302,
10.138,3.144999206,3.448812962,3.423056377,
10.158,3.146239346,3.44938612,3.423056377,
10.178,3.147491901,3.450742483,3.424932298,
10.198,3.148759599,3.451315641,3.424932298,
10.218,3.150045166,3.452815056,3.425425035,
10.238,3.151352482,3.453497887,3.426814119,
10.258,3.152673726,3.453723907,3.426814119,
10.278,3.153994769,3.454086304,3.427385687,
10.298,3.155326073,3.454252243,3.427385687,
10.318,3.156671362,3.454130173,3.433186906,
10.338,3.158013349,3.45433259,3.433566266,
10.358,3.159332065,3.455193758,3.416857091,
10.378,3.160637886,3.455147982,3.417451053,
10.398,3.161948878,3.455155849,3.417451053,
10.418,3.163274532,3.4554739,3.41757936,
10.438,3.164616375,3.455851793,3.418556642,
10.458,3.165975725,3.456801891,3.428811399,
10.478,3.167359531,3.457249403,3.429732094,
10.498,3.168772385,3.456308126,3.429732094,
10.518,3.170213262,3.456053734,3.428571972,
10.538,3.171675054,3.454783916,3.426286429,
10.558,3.173161002,3.453698158,3.429020659,
10.578,3.174658382,3.452603579,3.429020659,
10.598,3.176159862,3.451612234,3.427528409,
10.618,3.177659611,3.449829578,3.42525616,
10.638,3.179149276,3.449027061,3.42780639,
10.658,3.180626742,3.447522402,3.425555209,
10.678,3.182108842,3.44644618,3.425555209,
10.698,3.183609255,3.44596839,3.424000761,
10.718,3.185117706,3.444283724,3.408895686,
10.738,3.186632776,3.442520857,3.408895686,
10.758,3.188145269,3.440808535,3.406483561,
10.778,3.189651268,3.439915895,3.409352643,
10.798,3.191145141,3.438706875,3.407325754,
10.818,3.192628515,3.43806076,3.409200493,
10.838,3.194105281,3.437912464,3.408432763,
10.858,3.195584358,3.437949896,3.408485527,
10.878,3.197076524,3.437926054,3.408485527,
10.898,3.198578723,3.43863225,3.408496553,
10.918,3.200087486,3.4395082,3.408496553,
10.938,3.201604546,3.439711809,3.409300863,
10.958,3.203131822,3.438625336,3.407899132,
10.978,3.204663202,3.437849522,3.417886044,
10.998,3.20619357,3.43719697,3.416848527,
11.018,3.207733347,3.436507225,3.415875257,
11.038,3.209290002,3.435925961,3.415875257,
11.058,3.210854617,3.435958147,3.413515702,
11.078,3.212436089,3.433728933,3.413515702,
11.098,3.214034683,3.431261301,3.407415149,
11.118,3.215647997,3.42752552,3.407415149,
11.138,3.217275769,3.424776793,3.403007995,
11.158,3.218909184,3.422468662,3.398448994,
11.178,3.220538863,3.421676636,3.395447132,
11.198,3.222150866,3.419435978,3.393277517,
11.218,3.223747752,3.419008493,3.389603559,
11.238,3.225343315,3.417593718,3.38782781,
11.258,3.226934886,3.416951656,3.38782781,
11.278,3.228512561,3.415644884,3.385949336,
11.298,3.230064075,3.415169716,3.385949336,
11.318,3.231593976,3.413940907,3.384306877,
11.338,3.233100242,3.412379742,3.38415535,
11.358,3.234589928,3.410412073,3.38415535,
11.378,3.236074879,3.408298016,3.380834769,
11.398,3.237561867,3.406906843,3.380834769,
11.418,3.239053321,3.404825687,3.378476992,
11.438,3.240546279,3.402775764,3.37553536,
11.458,3.242046269,3.40080142,3.37553536,
11.478,3.243554461,3.399116278,3.372952898,
11.498,3.245065679,3.398092747,3.369403384,
11.518,3.246580552,3.395570517,3.36697141,
11.538,3.24809103,3.392945766,3.363459298,
11.558,3.249595839,3.391694307,3.35963538,
11.578,3.251093961,3.388107538,3.354997173,
11.598,3.252580379,3.384474516,3.354997173,
11.618,3.254055023,3.380402803,3.348874263,
11.638,3.255523721,3.378155708,3.343483531,
11.658,3.256994847,3.373221874,3.338441841,
11.678,3.258469092,3.369666815,3.341547078,
11.698,3.259952601,3.365802765,3.336184243,
11.718,3.261455623,3.364353418,3.336184243,
11.738,3.262972781,3.360718966,3.332475816,
11.758,3.264492661,3.357028484,3.328412469,
11.778,3.266001397,3.355360746,3.328412469,
11.798,3.26749744,3.353725433,3.322923356,
11.818,3.268985605,3.349269629,3.322923356,
11.838,3.270472804,3.343576193,3.315455966,
11.858,3.271964849,3.338168144,3.312062491,
11.878,3.27347078,3.332903624,3.312062491,
11.898,3.274995322,3.330534697,3.3057218,
11.918,3.276541494,3.326812506,3.3057218,
11.938,3.278096091,3.324579954,3.301319989,
11.958,3.279636558,3.320309401,3.301319989,
11.978,3.281158519,3.314819098,3.295538414,
11.998,3.282666498,3.312988043,3.295538414,
12.018,3.284160445,3.311146259,3.285776806,
12.038,3.285642764,3.307462931,3.285776806,
12.058,3.287104889,3.303789377,3.280488851,
12.078,3.288548697,3.301975489,3.275793408,
12.098,3.289988442,3.299252987,3.27919174,
12.118,3.291428108,3.29571414,3.27394633,
12.138,3.292864953,3.29069829,3.267164481,
12.158,3.294283535,3.286444426,3.261505415,
12.178,3.295681823,3.284266233,3.255364627,
12.198,3.297061131,3.279720783,3.255364627,
12.218,3.298432845,3.274852037,3.248456612,
12.238,3.299803824,3.269699574,3.248456612,
12.258,3.301178843,3.267398119,3.24854582,
12.278,3.302578286,3.26311326,3.242429809,
12.298,3.303993681,3.258893013,3.242429809,
12.318,3.305411653,3.25459528,3.233551895,
12.338,3.306822227,3.249861956,3.233551895,
12.358,3.308221121,3.246260881,3.227218427,
12.378,3.309607789,3.244863987,3.227218427,
12.398,3.310988629,3.243535757,3.220999315,
12.418,3.312372401,3.241029024,3.217856381,
12.438,3.3137542,3.239512682,3.217856381,
12.458,3.31513609,3.23727417,3.214938008,
12.478,3.316517083,3.235421419,3.214938008,
12.498,3.317891458,3.234342813,3.215529965,
12.518,3.319263223,3.232316494,3.212064427,
12.538,3.320637153,3.228765726,3.212064427,
12.558,3.322014562,3.224392176,3.206189008,
12.578,3.32340056,3.218784809,3.206189008,
12.598,3.324786304,3.216618776,3.193351762,
12.618,3.326163228,3.212198973,3.193351762,
12.638,3.32752387,3.207585335,3.188606797,
12.658,3.328862982,3.205769777,3.188606797,
12.678,3.330184376,3.202145815,3.182610821,
12.698,3.331492581,3.199898005,3.17575359,
12.718,3.332799074,3.194159269,3.17575359,
12.738,3.334101265,3.190987349,3.169259666,
12.758,3.335407815,3.184726238,3.169259666,
12.778,3.336713959,3.178518534,3.159988341,
12.798,3.338009304,3.173151493,3.159988341,
12.818,3.339288093,3.170218468,3.151918065,
12.838,3.340554197,3.163382053,3.145039101,
12.858,3.341835837,3.160953522,3.145218411,
12.878,3.343132831,3.155301571,3.13758109,
12.898,3.344442246,3.150289536,3.13758109,
12.918,3.345772066,3.146005154,3.130460632,
12.938,3.347118232,3.143844366,3.124224368,
12.958,3.348469353,3.139717102,3.124224368,
12.978,3.349815096,3.135724068,3.11851472,
12.998,3.351155025,3.13115263,3.11851472,
13.018,3.35249117,3.124890804,3.112158196,
13.038,3.35382319,3.119884253,3.104225397,
13.058,3.355153801,3.117228985,3.104225397,
13.078,3.356486627,3.112766981,3.097277156,
13.098,3.35782024,3.108702183,3.090711357,
13.118,3.359161285,3.102390528,3.090711357,
13.138,3.360519472,3.095400333,3.080585509,
13.158,3.361889354,3.088730812,3.07126449,
13.178,3.363258103,3.082880974,3.07126449,
13.198,3.364626864,3.078123331,3.060108616,
13.218,3.366003509,3.073939085,3.060108616,
13.238,3.367378079,3.072327852,3.054838,
13.258,3.368750651,3.0694561,3.05064728,
13.278,3.370135802,3.065042734,3.048525826,
13.298,3.371520812,3.063373804,3.044009644,
13.318,3.372898118,3.060323715,3.044009644,
13.338,3.374258645,3.05730176,3.039531894,
13.358,3.375600628,3.055934668,3.035712238,
13.378,3.376933243,3.052835941,3.035712238,
13.398,3.378262281,3.050050259,3.029986555,
13.418,3.379593967,3.048226118,3.029986555,
13.438,3.380935003,3.044505119,3.024597617,
13.458,3.382283535,3.041758299,3.024597617,
13.478,3.3836318,3.039324284,3.020748806,
13.498,3.384966393,3.0383811,3.017691723,
13.518,3.386277685,3.035830498,3.020513634,
13.538,3.387570412,3.033941507,3.018004611,
13.558,3.388848861,3.033168077,3.015873606,
13.578,3.390125727,3.032180786,3.015873606,
13.598,3.391398846,3.031848431,3.014780521,
13.618,3.392657391,3.031526804,3.015446548,
13.638,3.39389626,3.03092289,3.014646926,
13.658,3.395116197,3.03031683,3.014646926,
13.678,3.396320721,3.029540777,3.013642736,
13.698,3.397512574,3.029337168,3.012474739,
13.718,3.398709933,3.028084755,3.012474739,
13.738,3.399911038,3.027617931,3.011289976,
13.758,3.401102531,3.026952505,3.011289976,
13.778,3.402279287,3.026799202,3.00724628,
13.798,3.403442115,3.026049376,3.00724628,
13.818,3.40460179,3.025408983,3.006036472,
13.838,3.405759782,3.02513814,3.00521525,
13.858,3.406920949,3.024348974,3.00521525,
13.878,3.408088185,3.023386478,3.009026263,
13.898,3.409271257,3.023072481,3.009026263,
13.918,3.410477739,3.022596836,3.008243681,
13.938,3.411716874,3.022080421,3.008243681,
13.958,3.412983549,3.021770239,3.007514845,
13.978,3.414270005,3.021677971,3.002347315,
13.998,3.41556504,3.021904945,3.002478394,
14.018,3.416860626,3.022349834,3.003062802,
14.038,3.418154036,3.02234149,3.003062802,
14.058,3.419419469,3.02101922,3.001616516,
14.078,3.42064283,3.020025015,3.001616516,
14.098,3.421827855,3.018903732,3.000749027,
14.118,3.422992084,3.015334606,3.000749027,
14.138,3.424146074,3.014490366,2.997369834,
14.158,3.425288366,3.012827635,2.990219446,
14.178,3.426406779,3.011711121,2.990219446,
14.198,3.427493264,3.010875702,2.988931293,
14.218,3.428547173,3.010556936,2.989198537,
14.238,3.429565797,3.010203838,2.989198537,
14.258,3.430545558,3.010197878,2.989261948,
14.278,3.431495803,3.00975585,2.988830783,
14.298,3.432428645,3.009763002,2.988830783,
14.318,3.433349407,3.009845257,2.988980319,
14.338,3.434260962,3.009140015,2.987513896,
14.358,3.435173733,3.008043766,2.985697935,
14.378,3.43608183,3.007521868,2.985697935,
14.398,3.436979318,3.007342339,2.98606982,
14.418,3.437864627,3.007343769,2.986199988,
14.438,3.438743783,3.007632494,2.987246238,
14.458,3.439627643,3.00763011,2.987496277,
14.478,3.440495363,3.007111073,2.986887709,
14.498,3.441332257,3.007041454,2.987918592,
14.518,3.442144584,3.007310152,2.988113249,
14.538,3.442935392,3.007598877,2.988889546,
14.558,3.443720746,3.008200169,2.98655335,
14.578,3.44450669,3.009188652,2.98727141,
14.598,3.44528728,3.009304762,2.98784995,
14.618,3.446048435,3.009433508,2.98875709,
14.638,3.44678825,3.009831905,2.989241811,
14.658,3.447512557,3.009966612,2.989241811,
14.678,3.448226874,3.009382248,2.988138266,
14.698,3.448943723,3.008335829,2.988138266,
14.718,3.449670606,3.007938862,2.987020986,
14.738,3.450410492,3.007513046,2.989888442,
14.758,3.45114951,3.007374763,2.98961313,
14.778,3.451890405,3.00726819,2.98961313,
14.798,3.452633922,3.00707531,2.989490899,
14.818,3.453369964,3.007234097,2.989486953,
14.838,3.454098502,3.007361174,2.989623691,
14.858,3.454827553,3.007234573,2.989623691,
14.878,3.455561226,3.006776333,2.989038173,
14.898,3.456301442,3.006025314,2.989160914,
14.918,3.457052093,3.004749775,2.989160914,
14.938,3.457804411,3.002387524,2.981497521,
14.958,3.458558075,3.001261234,2.979661177,
14.978,3.459319785,3.000286818,2.977618339,
14.998,3.460098235,2.997875452,2.98020392,
15.018,3.460877929,2.996829987,2.977153505,
15.038,3.46163225,2.995514393,2.977153505,
15.058,3.462356203,2.994636059,2.975771172,
15.078,3.463049041,2.994714499,2.975771172,
15.098,3.463710356,2.995235205,2.976357369,
15.118,3.464350294,2.996641159,2.981402845,
15.138,3.464970438,2.997932434,2.981402845,
15.158,3.465581675,2.998788595,2.982812237,
15.178,3.466195422,2.998605967,2.982812237,
15.198,3.466815388,2.998410225,2.982431434,
15.218,3.467424269,2.997922421,2.980241971,
15.238,3.468016009,2.997775078,2.980241971,
15.258,3.468588941,2.997805595,2.980170204,
15.278,3.469150994,2.997932673,2.980530033,
15.298,3.46971083,2.998120785,2.980790417,
15.318,3.470279488,2.998244047,2.980790417,
15.338,3.470862145,2.998043299,2.980858262,
15.358,3.471461487,2.997663736,2.977240294,
15.378,3.472069379,2.997612238,2.97724076,
15.398,3.472684884,2.997925043,2.97724076,
15.418,3.473317052,2.998798847,2.978349851,
15.438,3.473957426,2.998745203,2.98278133,
15.458,3.474603113,2.998596907,2.98278133,
15.478,3.475255665,2.998321533,2.982285762,
15.498,3.475926362,2.998239756,2.982285762,
15.518,3.476612331,2.998381615,2.974409951,
15.538,3.477324565,2.998961926,2.975304314,
15.558,3.478079751,2.999571323,2.975304314,
15.578,3.47889008,2.999806404,2.984866958,
15.598,3.479743399,2.999691963,2.984866958,
15.618,3.480607548,2.998620033,2.983303606,
15.638,3.481464297,2.997974396,2.983303606,
15.658,3.482319159,2.997728348,2.982484148,
15.678,3.483186383,2.997802258,2.972450838,
15.698,3.484069687,2.997941494,2.972450838,
15.718,3.484974033,2.998101473,2.972724643,
15.738,3.485897606,2.997610092,2.972759226,
15.758,3.486834333,2.996485233,2.971572006,
15.778,3.487775898,2.996285915,2.970990705,
15.798,3.488717386,2.996991873,2.975317898,
15.818,3.489658259,2.998123646,2.975317898,
15.838,3.49059558,2.99981904,2.977431736,
15.858,3.491532433,3.000709295,2.977431736,
15.878,3.492480212,2.994678736,2.972412272,
15.898,3.493445674,2.987493038,2.973734902,
15.918,3.494431735,2.985742092,2.964993244,
15.938,3.49543525,2.982205153,2.964993244,
15.958,3.496457004,2.981220007,2.960569825,
15.978,3.497482467,2.980796814,2.960040423,
15.998,3.498498816,2.980853558,2.960040423,
16.018,3.49950176,2.981894493,2.961219631,
16.038,3.500486928,2.983340502,2.961219631,
16.058,3.50144979,2.985276461,2.963795526,
16.078,3.502391227,2.986342669,2.966844439,
16.098,3.503313052,2.98857522,2.966844439,
16.118,3.504228551,2.990686178,2.967095055,
16.138,3.505142839,2.992895842,2.970336191,
16.158,3.506058408,2.994974613,2.970336191,
16.178,3.50696415,2.997094393,2.973365655,
16.198,3.507846115,2.999400854,2.97861272,
16.218,3.508697573,3.00165844,2.97861272,
16.238,3.509527309,3.004216909,2.982241383,
16.258,3.510343627,3.006942272,2.985735022,
16.278,3.511151941,3.008127451,2.985735022,
16.298,3.511958676,3.008544445,2.987547367,
16.318,3.512766871,3.00957799,2.987547367,
16.338,3.513569225,3.010935307,2.989194039,
16.358,3.514362203,3.012567997,2.996237177,
16.378,3.515149855,3.013872147,2.996237177,
16.398,3.515946425,3.016161919,2.997180492,
16.418,3.516758059,3.018918753,3.001051934,
16.438,3.517579869,3.021811724,3.001051934,
16.458,3.518412615,3.024582624,3.001581133,
16.478,3.519263696,3.026069164,3.001581133,
16.498,3.520125219,3.02894187,3.005846409,
16.518,3.52098731,3.031094074,3.009061695,
16.538,3.521846285,3.033474922,3.009061695,
16.558,3.522692215,3.035752773,3.012647096,
16.578,3.523517111,3.037935019,3.015868594,
16.598,3.524315017,3.040364027,3.015868594,
16.618,3.52509208,3.041670084,3.018313182,
16.638,3.525855901,3.042561769,3.018984082,
16.658,3.526604225,3.043019533,3.020429879,
16.678,3.527334458,3.04429841,3.020429879,
16.698,3.528038998,3.044709206,3.02240819,
16.718,3.528718691,3.047572851,3.026390027,
16.738,3.529375521,3.050067186,3.026390027,
16.758,3.530008235,3.051728725,3.029400137,
16.778,3.530635875,3.053966284,3.029400137,
16.798,3.531260314,3.054823875,3.032543807,
16.818,3.531872018,3.057073832,3.035640768,
16.838,3.532472524,3.058757067,3.030350383,
16.858,3.533049703,3.059244633,3.031631838,
16.878,3.533589746,3.057071447,3.031631838,
16.898,3.53409655,3.055899858,3.0344426,
16.918,3.534596485,3.054281235,3.032684978,
16.938,3.535113144,3.053850889,3.032684978,
16.958,3.535665944,3.05422163,3.032796962,
16.978,3.536258587,3.055485249,3.02279474,
16.998,3.536872021,3.056406498,3.025364937,
17.018,3.537487396,3.058340073,3.025364937,
17.038,3.538092439,3.060231924,3.031595336,
17.058,3.538681423,3.063008785,3.034992074,
17.078,3.539252384,3.064502716,3.034992074,
17.098,3.539808116,3.066226959,3.037736756,
17.118,3.540358869,3.067117214,3.040363115,
17.138,3.540906515,3.068912745,3.037236179,
17.158,3.541443451,3.070754051,3.039641008,
17.178,3.541967786,3.07230258,3.04138361,
17.198,3.542491097,3.072770357,3.051013977,
17.218,3.543013505,3.073371887,3.051635458,
17.238,3.543514819,3.074418068,3.051635458,
17.258,3.543986714,3.074613571,3.053041916,
17.278,3.544430305,3.075248003,3.054313661,
17.298,3.54485667,3.075109959,3.054313661,
17.318,3.545260148,3.075183153,3.054235723,
17.338,3.545643111,3.074525833,3.045677734,
17.358,3.546017594,3.073186159,3.045677734,
17.378,3.546390784,3.071933985,3.044035214,
17.398,3.54677212,3.071772337,3.044713545,
17.418,3.547168307,3.071987152,3.044713545,
17.438,3.547576457,3.071718693,3.044445217,
17.458,3.547958436,3.072084904,3.044445217,
17.478,3.548288746,3.072396278,3.045110569,
17.498,3.548560281,3.073590994,3.04536151,
17.518,3.548802392,3.073215008,3.04536151,
17.538,3.549050001,3.073810339,3.045575505,
17.558,3.549306694,3.073812962,3.045575505,
17.578,3.549570588,3.073294878,3.045072618,
17.598,3.549854779,3.073040485,3.037979446,
17.618,3.550160378,3.073006868,3.037979446,
17.638,3.550474654,3.072939157,3.037920709,
17.658,3.550774134,3.072848558,3.041799314,
17.678,3.551047051,3.073305607,3.041799314,
17.698,3.551314028,3.073241234,3.041840388,
17.718,3.551593434,3.073129654,3.041840388,
17.738,3.551887295,3.072807074,3.035470642,
17.758,3.55218078,3.073242188,3.035470642,
17.778,3.552465808,3.073757172,3.053463817,
17.798,3.552742071,3.072977304,3.052618419,
17.818,3.553026797,3.072226048,3.052618419,
17.838,3.553332291,3.070735931,3.036590535,
17.858,3.553643466,3.069323301,3.036590535,
17.878,3.55393779,3.068498611,3.034418192,
17.898,3.55420994,3.068023443,3.034418192,
17.918,3.554469646,3.066928148,3.032893339,
17.938,3.554711263,3.065829277,3.030896701,
17.958,3.554920767,3.063891649,3.045110708,
17.978,3.555091132,3.060880899,3.040991369,
17.998,3.555223564,3.056318998,3.036702091,
18.018,3.55532137,3.055348396,3.036702091,
18.038,3.555392788,3.054019928,3.026732998,
18.058,3.555433964,3.052491426,3.024778365,
18.078,3.555444721,3.051425219,3.024778365,
18.098,3.555434478,3.051078558,3.013695428,
18.118,3.555416355,3.050674915,3.013695428,
18.138,3.555388511,3.050585508,3.013487933,
18.158,3.555342713,3.050809383,3.013487933,
18.178,3.555272188,3.050421953,3.013554867,
18.198,3.555190032,3.049875021,3.018903613,
18.218,3.555107911,3.049330235,3.018903613,
18.238,3.555032436,3.04906559,3.018090213,
18.258,3.554940603,3.048764229,3.018090213,
18.278,3.554818202,3.048320532,3.027126772,
18.298,3.554666477,3.047977448,3.026448225,
18.318,3.554498314,3.047531366,3.026448225,
18.338,3.554324855,3.0470469,3.025806426,
18.358,3.554137432,3.046803236,3.019858311,
18.378,3.553941474,3.046477318,3.019540712,
18.398,3.553741592,3.045774937,3.017518932,
18.418,3.553538151,3.043479204,3.014553802,
18.438,3.553336211,3.040997505,3.010864601,
18.458,3.553126943,3.039856672,3.010864601,
18.478,3.552901799,3.037630081,3.007714206,
18.498,3.552659956,3.035630465,3.007714206,
18.518,3.552399154,3.035001993,3.009949642,
18.538,3.552121817,3.034411669,3.008833661,
18.558,3.551810247,3.033043385,3.008833661,
18.578,3.551449662,3.028437138,2.999437262,
18.598,3.551061084,3.023193359,2.999437262,
18.618,3.550682379,3.019775391,2.992486775,
18.638,3.550312327,3.018219471,2.981918918,
18.658,3.549936486,3.012783051,2.981918918,
18.678,3.549531683,3.009423733,2.976288683,
18.698,3.549095227,3.007852077,2.976288683,
18.718,3.548641482,3.007697582,2.965340298,
18.738,3.548166875,3.008145332,2.965893221,
18.758,3.547648673,3.008726358,2.965893221,
18.778,3.547065748,3.010013819,2.958925798,
18.798,3.54643527,3.010878086,2.960978363,
18.818,3.545800906,3.012069225,2.960978363,
18.838,3.545180613,3.012568712,2.962487388,
18.858,3.544552651,3.014050961,2.973037262,
18.878,3.543913442,3.014256954,2.974235308,
18.898,3.543264012,3.013669968,2.972797698,
18.918,3.542601858,3.011066437,2.972024187,
18.938,3.54192613,3.009139538,2.969781143,
18.958,3.541207524,3.008083582,2.966690552,
18.978,3.540434319,3.006959438,2.966690552,
18.998,3.539621874,3.006764889,2.966001763,
19.018,3.538786922,3.006511927,2.981566924,
19.038,3.537937405,3.00677371,2.981818397,
19.058,3.537053573,3.007299662,2.981818397,
19.078,3.536124177,3.008157015,2.976071656,
19.098,3.535158279,3.008473873,2.977037276,
19.118,3.534184779,3.00869894,2.977037276,
19.138,3.533214005,3.009027719,2.977037276,
19.158,3.53221845,3.010580301,2.982242986,
19.178,3.531176856,3.012130499,2.983518781,
19.198,3.530092724,3.01287508,2.986651695,
19.218,3.528996562,3.013367176,2.987859972,
19.238,3.527904057,3.014706135,2.987859972,
19.258,3.526796082,3.015399218,2.989845347,
19.278,3.525657553,3.017374754,2.994588584,
19.298,3.524495509,3.018637419,2.994588584,
19.318,3.523332802,3.019730091,2.996237247,
19.338,3.522186161,3.021130085,2.996237247,
19.358,3.521034452,3.022553444,2.998174941,
19.378,3.519845771,3.024549484,3.000624063,
19.398,3.518622728,3.025942087,3.000624063,
19.418,3.517394491,3.02764678,3.003156906,
19.438,3.5161727,3.029690504,3.008069344,
19.458,3.51492804,3.031858921,3.008069344,
19.478,3.513637748,3.034345627,3.011488877,
19.498,3.512314914,3.035527945,3.00473517,
19.518,3.510981101,3.036510944,3.00473517,
19.538,3.509648556,3.037658453,3.006273797,
19.558,3.50830735,3.039293051,3.016335116,
19.578,3.506967054,3.041365862,3.016335116,
19.598,3.505650983,3.043135166,3.019035244,
19.618,3.504376974,3.044576645,3.021100761,
19.638,3.503145234,3.046472788,3.01794718,
19.658,3.501912501,3.04766345,3.020306081,
19.678,3.500646342,3.048864841,3.020306081,
19.698,3.49934477,3.048533678,3.021194507,
19.718,3.498024365,3.047838926,3.020477299,
19.738,3.496712155,3.047948837,3.021000484,
19.758,3.495398071,3.047804356,3.02106379,
19.778,3.494069759,3.048101425,3.020977909,
19.798,3.492738049,3.047579765,3.020977909,
19.818,3.491411788,3.047015667,3.020196831,
19.838,3.490087072,3.040842295,3.018130953,
19.858,3.488743326,3.036465406,3.018130953,
19.878,3.487365064,3.033463478,3.013244878,
19.898,3.485951158,3.03126502,3.004419582,
19.918,3.484518559,3.029686689,3.004419582,
19.938,3.483089508,3.029201031,3.003377327,
19.958,3.481647902,3.029357672,3.003177117,
19.978,3.480178855,3.028995991,3.003177117,
19.998,3.478691769,3.029737949,3.007753198,
20.018,3.477202812,3.030072212,3.007753198,
20.038,3.475724948,3.030750275,3.008414385,
20.058,3.474237339,3.031888962,3.008414385,
20.078,3.472732977,3.031961679,3.006325322,
20.098,3.471218452,3.032194853,3.006912132,
20.118,3.4696931,3.032385349,3.006912132,
20.138,3.468160629,3.03223443,3.006736019,
20.158,3.46659388,3.03195405,3.009748419,
20.178,3.464980598,3.032347441,3.009748419,
20.198,3.463345365,3.032254934,3.00981569,
20.218,3.461716828,3.032016993,3.008028426,
20.238,3.460119035,3.032723904,3.008404796,
20.258,3.458556694,3.032715559,3.008437443,
20.278,3.457013017,3.03257823,3.008437443,
20.298,3.455473275,3.03301692,3.008685092,
20.318,3.453946207,3.032761574,3.009011872,
20.338,3.452441463,3.032640696,3.008732429,
20.358,3.450939262,3.032813311,3.008732429,
20.378,3.449424393,3.032996416,3.008683211,
20.398,3.447912406,3.033853531,3.009433308,
20.418,3.446425352,3.034183502,3.009433308,
20.438,3.444969608,3.033865452,3.009444965,
20.458,3.443521757,3.032839775,3.014330214,
20.478,3.44205769,3.032081842,3.012952217,
20.498,3.440583413,3.031380892,3.011529466,
20.518,3.439111396,3.031015635,3.011529466,
20.538,3.437649835,3.029803514,3.004699531,
20.558,3.436179347,3.028791904,3.006610761,
20.578,3.434686448,3.028054476,3.005422485,
20.598,3.433175115,3.027970791,3.005422485,
20.618,3.431643403,3.02755475,3.004932783,
20.638,3.430089897,3.026836872,3.006954324,
20.658,3.428509118,3.026111603,3.005824956,
20.678,3.426903855,3.025929928,3.005226918,
20.698,3.425274502,3.025583744,3.005226918,
20.718,3.423621445,3.025233984,3.004700738,
20.738,3.421957676,3.024922609,3.002872345,
20.758,3.420278347,3.025124311,3.002740082,
20.778,3.418576328,3.024897575,3.00254496,
20.798,3.416860182,3.024708748,3.002892336,
20.818,3.415144015,3.024891853,3.003029079,
20.838,3.413438297,3.025395393,3.003029079,
20.858,3.411734557,3.025845051,2.997392382,
20.878,3.410008886,3.025974274,2.997507382,
20.898,3.408262171,3.026328564,2.997507382,
20.918,3.406513943,3.026727438,2.998447121,
20.938,3.404775595,3.026900768,2.998393741,
20.958,3.403040182,3.026699066,2.998393741,
20.978,3.401295725,3.02686739,2.998393741,
20.998,3.399539141,3.025969505,2.998015922,
21.018,3.397770535,3.025922537,2.997599763,
21.038,3.395999311,3.026333094,3.003981229,
21.058,3.394216264,3.023290157,3.002501765,
21.078,3.392426209,3.021916151,3.000134624,
21.098,3.390654546,3.021616697,3.000134624,
21.118,3.388930049,3.02125144,2.998906579,
21.138,3.387258533,3.020781279,2.998906579,
21.158,3.385607086,3.020198584,2.997874914,
21.178,3.383953531,3.019684076,3.003595005,
21.198,3.38229301,3.019512653,3.003595005,
21.218,3.380639797,3.018249512,3.002134123,
21.238,3.378993498,3.016108751,3.000026931,
21.258,3.377326626,3.014671803,2.992419939,
21.278,3.375628584,3.014129639,2.990486682,
21.298,3.373910542,3.013609171,2.990486682,
21.318,3.372200221,3.013213158,2.989854607,
21.338,3.370512775,3.012466431,2.988862011,
21.358,3.368834417,3.012222052,2.99745529,
21.378,3.367149218,3.011797428,2.996796515,
21.398,3.365458344,3.01097846,2.996796515,
21.418,3.36377027,3.009752035,2.994782391,
21.438,3.362091649,3.009056568,2.994782391,
21.458,3.360395115,3.008976221,2.985786061,
21.478,3.358657553,3.009495497,2.986771403,
21.498,3.3568878,3.010526896,2.986771403,
21.518,3.355111645,3.012093544,2.988829609,
21.538,3.353340857,3.013265848,2.992653077,
21.558,3.351572666,3.013748407,2.992653077,
21.578,3.349817967,3.013054132,2.991874854,
21.598,3.348085812,3.012825489,2.994311497,
21.618,3.346384029,3.012941837,2.994311497,
21.638,3.344706441,3.013542175,2.989993932,
21.658,3.34298182,3.012929916,2.989993932,
21.678,3.34115984,3.012370825,2.988848851,
21.698,3.339262168,3.011735916,2.989088738,
21.718,3.337342216,3.01196003,2.989088738,
21.738,3.335460178,3.013056517,2.990317706,
21.758,3.333641042,3.014593601,2.992555925,
21.778,3.331876343,3.01607585,2.992898045,
21.798,3.330154351,3.017678976,2.995182565,
21.818,3.328471223,3.01964283,2.995390782,
21.838,3.326826564,3.020664692,2.997613353,
21.858,3.325212444,3.021208286,2.999324907,
21.878,3.323618914,3.022372961,2.999324907,
21.898,3.32204572,3.022967339,3.000566513,
21.918,3.320501791,3.023599148,3.001551416,
21.938,3.318985838,3.0242064,3.001551416,
21.958,3.317481157,3.024025202,3.001113644,
21.978,3.31598386,3.024242878,3.001005284,
21.998,3.314506573,3.024845123,3.001898132,
22.018,3.313042883,3.025523424,3.001898132,
22.038,3.311583638,3.026992321,3.003998154,
22.058,3.310133262,3.028056622,3.006655686,
22.078,3.308692688,3.029242039,3.006655686,
22.098,3.307260934,3.031289816,3.00938796,
22.118,3.305839727,3.03354454,3.01270299,
22.138,3.30443471,3.036249399,3.01270299,
22.158,3.303046704,3.038090229,3.015644185,
22.178,3.301679506,3.040534496,3.018583915,
22.198,3.300331761,3.04207015,3.018583915,
22.218,3.299004335,3.043218613,3.02075614,
22.238,3.29769844,3.044262648,3.021639727,
22.258,3.29641179,3.04547286,3.0232899,
22.278,3.295137579,3.046734571,3.0232899,
22.298,3.293870018,3.047745943,3.024948242,
22.318,3.29261572,3.048410416,3.026603549,
22.338,3.291384734,3.049129009,3.026329898,
22.358,3.290172277,3.048870325,3.026342265,
22.378,3.288968765,3.047896624,3.025381132,
22.398,3.287763311,3.047857285,3.022342402,
22.418,3.286564034,3.047338724,3.021806167,
22.438,3.285380912,3.04737854,3.021806167,
22.458,3.284222944,3.046860218,3.021502804,
22.478,3.283094923,3.047009706,3.021502804,
22.498,3.281994803,3.047573805,3.022025081,
22.518,3.280909022,3.048795223,3.025710095,
22.538,3.279828331,3.049899817,3.025710095,
22.558,3.27874316,3.050400734,3.027013119,
22.578,3.277652594,3.051002026,3.027644973,
22.598,3.276560734,3.051476479,3.029167918,
22.618,3.275466417,3.050709963,3.028354747,
22.638,3.274375092,3.051022291,3.026800251,
22.658,3.273284027,3.05185461,3.027794934,
22.678,3.272205942,3.052864313,3.03021825,
22.698,3.271144823,3.055040836,3.03021825,
22.718,3.270090835,3.055472374,3.031455545,
22.738,3.269036789,3.056251526,3.031911307,
22.758,3.267983455,3.05688715,3.033047653,
22.778,3.266931945,3.05793643,3.03483424,
22.798,3.265875497,3.058764935,3.03483424,
22.818,3.264819902,3.059095144,3.036142647,
22.838,3.263762092,3.060350895,3.030157528,
22.858,3.2627023,3.058462858,3.028858137,
22.878,3.261644139,3.05649066,3.026940804,
22.898,3.2605887,3.056030989,3.026181937,
22.918,3.259545652,3.055708885,3.0271808,
22.938,3.258523097,3.055555582,3.02743206,
22.958,3.257511183,3.054118633,3.0299389,
22.978,3.256505598,3.053909302,3.0299389,
22.998,3.255500153,3.053677559,3.029710107,
23.018,3.254487634,3.053900003,3.029725251,
23.038,3.25346962,3.05376792,3.030600509,
23.058,3.25245333,3.05380249,3.030339804,
23.078,3.25144643,3.053900242,3.029764919,
23.098,3.250444711,3.053961515,3.029486695,
23.118,3.249443183,3.053621054,3.029486695,
23.138,3.248432497,3.054011822,3.029564756,
23.158,3.247408623,3.054107428,3.031313898,
23.178,3.246368161,3.054729223,3.032125956,
23.198,3.245318698,3.055012226,3.032125956,
23.218,3.244265418,3.054885149,3.028458297,
23.238,3.243209776,3.054550648,3.028205803,
23.258,3.24216256,3.054569006,3.028205803,
23.278,3.241132037,3.054464817,3.028955398,
23.298,3.240114383,3.054447412,3.028906299,
23.318,3.239104554,3.055054665,3.028906299,
23.338,3.238110661,3.055697441,3.029014497,
23.358,3.237152988,3.05729413,3.030194962,
23.378,3.236234338,3.058207512,3.026518624,
23.398,3.235362123,3.058988094,3.028011074,
23.418,3.234529798,3.059152603,3.028011074,
23.438,3.233724394,3.060285091,3.028995545,
23.458,3.232948697,3.060416937,3.030273365,
23.478,3.232201039,3.060637951,3.032952473,
23.498,3.231476809,3.060137987,3.031956889,
23.518,3.230761711,3.059375048,3.031956889,
23.538,3.230042028,3.058321953,3.030188793,
23.558,3.229311811,3.058190346,3.02797726,
23.578,3.228571085,3.05826664,3.027691026,
23.598,3.227824558,3.057807922,3.027477971,
23.618,3.227081723,3.057928801,3.027477971,
23.638,3.226348788,3.058407545,3.033888316,
23.658,3.225625416,3.059678316,3.03551332,
23.678,3.224915539,3.060736179,3.03551332,
23.698,3.224220369,3.061149597,3.037159525,
23.718,3.223537913,3.061070442,3.029114872,
23.738,3.222865116,3.060375452,3.028585299,
23.758,3.222201355,3.060463667,3.02824296,
23.778,3.221559796,3.059950829,3.02824296,
23.798,3.220941968,3.06008172,3.026644869,
23.818,3.220340419,3.059244156,3.025954009,
23.838,3.219745253,3.059146404,3.025954009,
23.858,3.219138429,3.059146404,3.02573904,
23.878,3.218517248,3.05941391,3.029278902,
23.898,3.217891965,3.059518337,3.029278902,
23.918,3.217273387,3.0596838,3.029481997,
23.938,3.216665387,3.059871197,3.023562249,
23.958,3.216071843,3.060171127,3.023607605,
23.978,3.215486127,3.060065269,3.023961935,
23.998,3.214899228,3.06018877,3.023961935,
24.018,3.214308663,3.057537317,3.028107246,
24.038,3.213719877,3.055840969,3.028107246,
24.058,3.213127972,3.053074598,3.023670218,
24.078,3.212534801,3.051221132,3.021494355,
24.098,3.211965301,3.050440073,3.021494355,
24.118,3.211425255,3.050130844,3.020477932,
24.138,3.210893327,3.04916811,3.021614062,
24.158,3.210352018,3.048591852,3.020545148,
24.178,3.209796026,3.048557281,3.020545148,
24.198,3.209217647,3.048550129,3.020504536,
24.218,3.208615461,3.04607892,3.016842474,
24.238,3.207998486,3.04383111,3.016842474,
24.258,3.207377278,3.042462111,3.019550132,
24.278,3.206765294,3.041396141,3.019550132,
24.298,3.206155587,3.040605783,3.018060744,
24.318,3.205543297,3.040369272,3.017329687,
24.338,3.204938605,3.040043592,3.017329687,
24.358,3.204344252,3.040339231,3.01499882,
24.378,3.203755762,3.041050911,3.01499882,
24.398,3.203178577,3.0418396,3.015541854,
24.418,3.202609273,3.038930178,3.015541854,
24.438,3.202047368,3.035606623,3.009879051,
24.458,3.201490852,3.034268379,3.009879051,
24.478,3.200942039,3.032564163,3.008312617,
24.498,3.200404687,3.031851292,3.008312617,
24.518,3.199873782,3.032107115,3.007775706,
24.538,3.199341728,3.033024788,3.007775706,
24.558,3.198803487,3.033910036,3.011461408,
24.578,3.198254214,3.034116745,3.011997551,
24.598,3.197703781,3.03476572,3.011997551,
24.618,3.197162703,3.035435677,3.013160555,
24.638,3.196626064,3.035738468,2.996043203,
24.658,3.196087996,3.036787987,2.996043203,
24.678,3.195559741,3.037778378,2.997607215,
24.698,3.195052084,3.038646221,3.013132523,
24.718,3.194564247,3.039015532,3.014490509,
24.738,3.194103933,3.039892912,3.014490509,
24.758,3.193673569,3.041317701,3.016585642,
24.778,3.193267238,3.04159379,3.016585642,
24.798,3.192877795,3.041679382,3.016938513,
24.818,3.192499234,3.040864468,3.010559829,
24.838,3.192146885,3.039465427,3.008413616,
24.858,3.191826081,3.038714886,3.007564468,
24.878,3.191532834,3.03853178,3.007564468,
24.898,3.191266012,3.038657427,3.014445317,
24.918,3.191020819,3.039231777,3.014700867,
24.938,3.190803981,3.040208817,3.017031539,
24.958,3.190604414,3.041810751,3.017031539,
24.978,3.190408243,3.042562723,3.018664685,
24.998,3.190197872,3.043618917,3.009508536,
25.018,3.189961545,3.044366598,3.010915634,
25.038,3.18969777,3.045198441,3.012473081,
25.058,3.189416731,3.046213865,3.012473081,
25.078,3.18913242,3.047385931,3.020408516,
25.098,3.188854628,3.047837257,3.020408516,
25.118,3.188593361,3.048944712,3.021926163,
25.138,3.18835052,3.048854589,3.021926163,
25.158,3.188125501,3.049220085,3.02219427,
25.178,3.187918678,3.049217463,3.017572373,
25.198,3.187722274,3.049682379,3.017572373,
25.218,3.187532541,3.049723387,3.017578378,
25.238,3.187353349,3.049324274,3.017578378,
25.258,3.187182852,3.046141386,3.014247466,
25.278,3.187016666,3.041010141,3.016949016,
25.298,3.186848995,3.037517548,3.010111226,
25.318,3.186688788,3.035984755,3.005540192,
25.338,3.186534895,3.033105612,3.005540192,
25.358,3.186384514,3.030224562,3.002065595,
25.378,3.186243095,3.029690266,3.000560832,
25.398,3.186119095,3.028807878,3.000802612,
25.418,3.18599598,3.028234482,2.999794969,
25.438,3.185864522,3.028000593,2.999794969,
25.458,3.185723504,3.027388096,2.99924423,
25.478,3.185591752,3.026919842,2.99844071,
25.498,3.185477127,3.026549578,2.994333313,
25.518,3.18536432,3.025519609,2.992971066,
25.538,3.185243113,3.024106264,2.992971066,
25.558,3.185106877,3.023454189,2.991055752,
25.578,3.184941413,3.022533894,2.990165123,
25.598,3.184748565,3.021924973,3.000332733,
25.618,3.184537007,3.02132225,2.999034224,
25.638,3.184328308,3.019405842,2.997273577,
25.658,3.184137942,3.018318176,2.995520566,
25.678,3.183982794,3.017772198,2.995520566,
25.698,3.183871509,3.01724267,2.99486145,
25.718,3.183793123,3.01711297,2.99486145,
25.738,3.183734823,3.017143965,2.994906215,
25.758,3.183695717,3.016956091,2.986403289,
25.778,3.183672083,3.016669989,2.986003888,
25.798,3.183660025,3.01673317,2.986003888,
25.818,3.1836551,3.017006636,2.986115758,
25.838,3.183666613,3.016062737,2.983500241,
25.858,3.183697664,3.012051821,2.983500241,
25.878,3.183746813,3.009167194,2.980270089,
25.898,3.183815893,3.00810051,2.980270089,
25.918,3.183905136,3.00663805,2.977853831,
25.938,3.184011432,3.006362915,2.977853831,
25.958,3.18413081,3.006578922,2.977683192,
25.978,3.1842423,3.006681442,2.981947536,
25.998,3.184341775,3.006865025,2.981947536,
26.018,3.184439109,3.007274151,2.982530001,
26.038,3.184542511,3.007697344,2.986172887,
26.058,3.184657714,3.008374929,2.986172887,
26.078,3.184780951,3.008618832,2.987123975,
26.098,3.184925193,3.009221315,2.987123975,
26.118,3.185095697,3.009811163,2.98800438,
26.138,3.185280224,3.010174036,2.98800438,
26.158,3.185465317,3.011013269,2.978556443,
26.178,3.185644415,3.011458158,2.978556443,
26.198,3.185814418,3.011398315,2.98602651,
26.218,3.185973831,3.011269093,2.985182291,
26.238,3.186127453,3.010037899,2.985182291,
26.258,3.186286951,3.008229494,2.98164986,
26.278,3.186459472,3.007742882,2.977188044,
26.298,3.186664728,3.006686211,2.977188044,
26.318,3.186930383,3.006163836,2.976192949,
26.338,3.187266591,3.005997896,2.976192949,
26.358,3.187673619,3.006111145,2.976141818,
26.378,3.188145295,3.006530285,2.982151835,
26.398,3.188674434,3.006790161,2.982814814,
26.418,3.189250098,3.007502079,2.984238311,
26.438,3.189854806,3.008666277,2.980818669,
26.458,3.190480585,3.00938797,2.982675238,
26.478,3.191133032,3.011178732,2.983442886,
26.498,3.1918167,3.012072325,2.984923084,
26.518,3.192514552,3.012185812,2.985642402,
26.538,3.19321018,3.012396812,2.985642402,
26.558,3.193904701,3.012234926,2.987713133,
26.578,3.194610016,3.010297298,2.98471938,
26.598,3.195324462,3.008060217,2.98471938,
26.618,3.196041046,3.00814414,2.98015038,
26.638,3.196755964,3.008737803,2.980777181,
26.658,3.197475075,3.009693861,2.980777181,
26.678,3.198199137,3.009650469,2.988761782,
26.698,3.198932185,3.008957386,2.976570598,
26.718,3.199678084,3.008647442,2.976570598,
26.738,3.200435838,3.00842309,2.976570598,
26.758,3.201208188,3.007971048,2.97591538,
26.778,3.201993461,3.007692814,2.97591538,
26.798,3.202794475,3.006818056,2.975527838,
26.818,3.203598407,3.005919456,2.973928014,
26.838,3.204404723,3.005856991,2.978572677,
26.858,3.205215925,3.006008148,2.978730697,
26.878,3.206026952,3.006540298,2.978730697,
26.898,3.206833605,3.00617671,2.97882305,
26.918,3.207624348,3.005013943,2.97882305,
26.938,3.208397929,3.003248215,2.976928658,
26.958,3.209162061,3.001687765,2.974388262,
26.978,3.209926534,3.001440287,2.981458384,
26.998,3.210702421,3.001854658,2.98167806,
27.018,3.21149526,3.00086689,2.98167806,
27.038,3.212302329,3.000422955,2.980409552,
27.058,3.213125606,3.00024581,2.980111355,
27.078,3.213953355,3.000617743,2.979942665,
27.098,3.214782072,3.001538992,2.980720064,
27.118,3.215598037,3.00231719,2.982536099,
27.138,3.216397711,3.003221989,2.982536099,
27.158,3.217180708,3.00364399,2.983273074,
27.178,3.217945882,3.003873825,2.980748963,
27.198,3.218701847,3.004813433,2.98189212,
27.218,3.219457209,3.000656843,2.98189212,
27.238,3.220205346,2.997743607,2.974135726,
27.258,3.220938606,2.996344328,2.972836656,
27.278,3.221657308,2.994764805,2.972836656,
27.298,3.222359018,2.994023323,2.971377125,
27.318,3.223039872,2.994617462,2.971377125,
27.338,3.223701051,2.995865107,2.972537151,
27.358,3.224353042,2.996856689,2.973036552,
27.378,3.224999519,2.998477697,2.973036552,
27.398,3.225643113,2.999762774,2.974923445,
27.418,3.226281932,3.001640797,2.974923445,
27.438,3.226916161,3.003940582,2.981595133,
27.458,3.227563713,3.004963636,2.985024493,
27.478,3.228218685,3.007477283,2.985024493,
27.498,3.228867224,3.008709669,2.987282101,
27.518,3.229498666,3.008830786,2.984279014,
27.538,3.230112894,3.009145021,2.984464244,
27.558,3.230731039,3.010387897,2.985917001,
27.578,3.231368814,3.011611462,2.9914141,
27.598,3.232021235,3.012935162,2.993219767,
27.618,3.232682861,3.013638973,2.995495746,
27.638,3.233342082,3.015115976,2.991832928,
27.658,3.233988523,3.016582012,2.993822724,
27.678,3.234615195,3.018085718,2.995930006,
27.698,3.235227371,3.019356012,2.995930006,
27.718,3.235820425,3.020868778,2.998013978,
27.738,3.23639229,3.022166967,2.997896119,
27.758,3.236943504,3.023933649,2.997896119,
27.778,3.237480486,3.02449894,2.99885374,
27.798,3.237996879,3.024996758,3.002724353,
27.818,3.238482423,3.026003361,3.003960928,
27.838,3.238942745,3.027748346,3.006260393,
27.858,3.239389988,3.028572559,3.007598349,
27.878,3.239822657,3.030707598,3.009859232,
27.898,3.240243096,3.031724453,3.011496689,
27.918,3.240655675,3.032301188,3.009092874,
27.938,3.241058483,3.033983946,3.011214509,
27.958,3.241445933,3.035595417,3.013615748,
27.978,3.241828244,3.037018776,3.013615748,
27.998,3.242214715,3.037702799,3.016005498,
28.018,3.242627731,3.038909435,3.016005498,
28.038,3.243076973,3.040208817,3.017751532,
28.058,3.243549838,3.040811062,3.017751532,
28.078,3.244037222,3.040410519,3.018580608,
28.098,3.24453608,3.040143728,3.018580608,
28.118,3.245041313,3.039671659,3.017228905,
28.138,3.245536885,3.040158987,3.017660657,
28.158,3.24600785,3.040924072,3.01667652,
28.178,3.246442539,3.04086709,3.017193828,
28.198,3.246835397,3.041237354,3.017193828,
28.218,3.247200422,3.040795088,3.01744619,
28.238,3.247545036,3.041410685,3.01826829,
28.258,3.247863124,3.042028666,3.01826829,
28.278,3.24815482,3.043837547,3.020271809,
28.298,3.248419738,3.044545174,3.019328252,
28.318,3.248661116,3.045429468,3.020744886,
28.338,3.248880965,3.046540022,3.022412486,
28.358,3.249075859,3.047576427,3.025735329,
28.378,3.249256145,3.047856092,3.027487966,
28.398,3.249426397,3.049160004,3.027487966,
28.418,3.249586128,3.050477743,3.029145556,
28.438,3.249720501,3.051516056,3.029194515,
28.458,3.249819413,3.052123547,3.031213456,
28.478,3.24988455,3.053619862,3.031213456,
28.498,3.249920989,3.054215431,3.032348454,
28.518,3.249938338,3.054798365,3.033260779,
28.538,3.249948689,3.055151463,3.033260779,
28.558,3.249947181,3.055532455,3.033979688,
28.578,3.249930136,3.055752516,3.034368211,
28.598,3.249896102,3.056350231,3.034342044,
28.618,3.249853493,3.056551933,3.034951883,
28.638,3.249813496,3.055478096,3.033062598,
28.658,3.249778883,3.054206848,3.033062598,
28.678,3.249745687,3.053855658,3.032400928,
28.698,3.249712156,3.054050446,3.030042734,
28.718,3.249666579,3.054089308,3.029922779,
28.738,3.2495999,3.054064989,3.029922779,
28.758,3.249519777,3.05452323,3.030617124,
28.778,3.249437806,3.054175377,3.030346234,
28.798,3.249358966,3.054626942,3.028499359,
28.818,3.249284513,3.055324554,3.029539784,
28.838,3.249197891,3.055399179,3.029539784,
28.858,3.249090054,3.055085182,3.029473379,
28.878,3.24896296,3.054875851,3.029265688,
28.898,3.248825847,3.054781437,3.029265688,
28.918,3.24868016,3.054951906,3.029525011,
28.938,3.248525608,3.055993319,3.029525011,
28.958,3.248356916,3.056447268,3.031415398,
28.978,3.248174194,3.057769299,3.035148134,
28.998,3.24797594,3.058780193,3.035148134,
29.018,3.247750963,3.059975624,3.036177416,
29.038,3.247494434,3.061467171,3.043019773,
29.058,3.247218604,3.061484575,3.044296423,
29.078,3.246920517,3.061808348,3.044208439,
29.098,3.246596479,3.06275177,3.044208439,
29.118,3.246259407,3.065295219,3.034799301,
29.138,3.245916247,3.066204309,3.036042936,
29.158,3.245563023,3.067267895,3.036042936,
29.178,3.245190542,3.068478823,3.037856242,
29.198,3.244798846,3.069482565,3.037856242,
29.218,3.244392062,3.070148468,3.041693403,
29.238,3.243975266,3.071024418,3.041693403,
29.258,3.243552715,3.070483923,3.042148054,
29.278,3.243117571,3.06957674,3.042998554,
29.298,3.24266141,3.06944108,3.042707917,
29.318,3.242183111,3.070081949,3.042834867,
29.338,3.241686709,3.070183039,3.042834867,
29.358,3.241157994,3.069029808,3.043582665,
29.378,3.240598807,3.067759991,3.041990061,
29.398,3.240031408,3.067796469,3.040828501,
29.418,3.239472745,3.068576336,3.041976978,
29.438,3.23892391,3.069954395,3.041976978,
29.458,3.238381148,3.070028782,3.042609098,
29.478,3.237835638,3.07115221,3.043450118,
29.498,3.237283985,3.072007895,3.043450118,
29.518,3.236726937,3.072284698,3.047652055,
29.538,3.236176993,3.07328105,3.048588032,
29.558,3.235645768,3.073418379,3.048588032,
29.578,3.23513011,3.07371068,3.047646914,
29.598,3.234644559,3.074820757,3.0485499,
29.618,3.234191543,3.075991631,3.0485499,
29.638,3.233764876,3.076409578,3.0501012,
29.658,3.233350488,3.078261614,3.051873782,
29.678,3.232934318,3.07903409,3.053933389,
29.698,3.2325243,3.079098701,3.054656455,
29.718,3.232122039,3.079899073,3.054656455,
29.738,3.231731312,3.079926014,3.051748963,
29.758,3.231345028,3.079504251,3.051748963,
29.778,3.230966032,3.080392122,3.051956753,
29.798,3.230606931,3.081163645,3.052671465,
29.818,3.230274936,3.081613779,3.056286216,
29.838,3.229965406,3.082101345,3.05754413,
29.858,3.229680226,3.082751989,3.05754413,
29.878,3.229412576,3.083530903,3.058873638,
29.898,3.229149626,3.083818913,3.056400605,
29.918,3.228881027,3.084794998,3.056400605,
29.938,3.228616619,3.085145235,3.056872454,
29.958,3.228358999,3.08536768,3.060631379,
29.978,3.228118578,3.085541487,3.060631379,
29.998,3.227883332,3.086676359,3.061420191,
30.018,3.227650593,3.086384058,3.058583528,
30.038,3.227420475,3.086926222,3.058947943,
30.058,3.227175317,3.087779284,3.058947943,
30.078,3.226907375,3.088209152,3.060363745,
30.098,3.226627316,3.088101864,3.064484041,
30.118,3.226334668,3.087087631,3.064174735,
30.138,3.226036138,3.086720228,3.062945217,
30.158,3.22573785,3.086276293,3.062945217,
30.178,3.225438528,3.085445404,3.061873036,
30.198,3.225144422,3.085080862,3.057698548,
30.218,3.224866822,3.084774494,3.056949436,
30.238,3.224603439,3.085337162,3.056949436,
30.258,3.224348832,3.084795237,3.054928458,
30.278,3.22409888,3.084471941,3.054870887,
30.298,3.223846485,3.084897041,3.054870887,
30.318,3.223584648,3.08442831,3.054417511,
30.338,3.223318489,3.083820343,3.054417511,
30.358,3.223054913,3.083175898,3.053697866,
30.378,3.222793427,3.082315207,3.061715374,
30.398,3.222529903,3.081680298,3.061715374,
30.418,3.222253804,3.080428123,3.060706326,
30.438,3.221966631,3.08030057,3.059250476,
30.458,3.221689624,3.079184532,3.048678385,
30.478,3.221431125,3.079378605,3.048262882,
30.498,3.22119769,3.079105616,3.048262882,
30.518,3.220996865,3.078710794,3.053031586,
30.538,3.220836978,3.078375816,3.053031586,
30.558,3.220715288,3.078773499,3.053092898,
30.578,3.22061947,3.079113483,3.045750342,
30.598,3.220540216,3.078703165,3.045750342,
30.618,3.220482769,3.076398373,3.042932057,
30.638,3.220456715,3.073956728,3.047812925,
30.658,3.220463945,3.071303368,3.047812925,
30.678,3.220501551,3.069494724,3.045049412,
30.698,3.220574553,3.068348169,3.045049412,
30.718,3.220664603,3.0680902,3.034830739,
30.738,3.220760854,3.067601919,3.034830739,
30.758,3.220858354,3.067627192,3.034370481,
30.778,3.220954526,3.067613602,3.03415679,
30.798,3.221054482,3.067605257,3.041649543,
30.818,3.221167169,3.067237377,3.041649543,
30.838,3.221305514,3.064786911,3.038278556,
30.858,3.221482125,3.062993526,3.038278556,
30.878,3.221695021,3.061553478,3.038825558,
30.898,3.221939764,3.060725212,3.038825558,
30.918,3.222228373,3.060114861,3.037926987,
30.938,3.222567489,3.059983969,3.027197058,
30.958,3.222950321,3.059946537,3.027197058,
30.978,3.2233717,3.058465004,3.025720882,
30.998,3.223823231,3.055318117,3.025720882,
31.018,3.224286222,3.052844763,3.021478413,
31.038,3.22475614,3.051906824,3.028734147,
31.058,3.225233249,3.050252914,3.028734147,
31.078,3.225714387,3.048938751,3.027186127,
31.098,3.22620216,3.048648357,3.018781666,
31.118,3.226692855,3.048142433,3.018781666,
31.138,3.227180643,3.047285557,3.017949062,
31.158,3.227673787,3.046882868,3.017443644,
31.178,3.228172187,3.046858311,3.012676597,
31.198,3.228666155,3.046721697,3.012466928,
31.218,3.22914809,3.046742916,3.012466928,
31.238,3.229621317,3.046707153,3.025811017,
31.258,3.230091054,3.046282768,3.025811017,
31.278,3.230568854,3.046329975,3.025281753,
31.298,3.231055567,3.041522503,3.017868084,
31.318,3.231538518,3.035726786,3.017868084,
31.338,3.232010974,3.028575897,2.997377859,
31.358,3.232486428,3.024269819,2.991189574,
31.378,3.232973735,3.020277262,2.991189574,
31.398,3.233469457,3.018488884,2.994734461,
31.418,3.233972614,3.016438723,2.994734461,
31.438,3.234488608,3.015876293,2.992175729,
31.458,3.235014373,3.015092134,2.992175729,
31.478,3.235555715,3.014322281,2.990975987,
31.498,3.236113836,3.012410402,2.988781287,
31.518,3.236688007,3.009679556,2.986652227,
31.538,3.237277827,3.008405209,2.982736586,
31.558,3.237878814,3.005409718,2.979612745,
31.578,3.238488642,3.00374794,2.980847631,
31.598,3.239094813,3.003239632,2.978919017,
31.618,3.239696572,3.002867699,2.97851341,
31.638,3.240287345,3.00285244,2.97851341,
31.658,3.240866669,3.003303766,2.978981795,
31.678,3.241439025,3.004059792,2.975811258,
31.698,3.241996573,3.005482912,2.975811258,
31.718,3.242542362,3.006441116,2.978257775,
31.738,3.243097537,3.00784111,2.9822293,
31.758,3.243667367,3.009344816,2.984317039,
31.778,3.244235711,3.010079145,2.98544431,
31.798,3.244803217,3.010783672,2.98544431,
31.818,3.245370469,3.011853456,2.985494342,
31.838,3.245941073,3.012400389,2.985494342,
31.858,3.246513168,3.012816906,2.986216341,
31.878,3.24708234,3.012528896,2.983927903,
31.898,3.247644754,3.012078285,2.983927903,
31.918,3.248193083,3.009926796,2.982805581,
31.938,3.248726797,3.008756399,2.978067203,
31.958,3.249244187,3.006034374,2.978067203,
31.978,3.249741321,3.004383087,2.975962299,
31.998,3.250213758,3.002605438,2.974886811,
32.018,3.250658302,3.001609564,2.974886811,
32.038,3.25107617,3.000211,2.973511763,
32.058,3.25147038,2.999080181,2.967147087,
32.078,3.251845349,2.997158289,2.967147087,
32.098,3.252195399,2.996246099,2.965306745,
32.118,3.252510707,2.99603653,2.968591391,
32.138,3.252796477,2.996770144,2.968591391,
32.158,3.253067634,2.997344494,2.970218928,
32.178,3.253335717,2.997840643,2.970940524,
32.198,3.253596711,2.998253345,2.971738518,
32.218,3.253855075,2.998960733,2.971738518,
32.238,3.254095142,2.999730349,2.971111453,
32.258,3.254297545,3.000447512,2.971111453,
32.278,3.254466187,3.001154184,2.969353388,
32.298,3.254607765,3.001519442,2.97049107,
32.318,3.254721954,3.002599239,2.97049107,
32.338,3.254809622,3.003403425,2.970294598,
32.358,3.254876178,3.003720999,2.971574613,
32.378,3.254925665,3.004768848,2.972192599,
32.398,3.254967033,3.005021334,2.96804557,
32.418,3.254995693,3.005679607,2.96893624,
32.438,3.255009097,3.006604433,2.96893624,
32.458,3.255009403,3.006792068,2.969901518,
32.478,3.255003423,3.006769657,2.967257037,
32.498,3.254987024,3.006721258,2.967257037,
32.518,3.254952839,3.006934166,2.96743543,
32.538,3.254897779, , ,
32.558,3.254818973, , ,
32.578,3.254711018, , ,
32.598,3.254567455, , ,
32.618,3.254394947, , ,
32.638,3.254202492, , ,
32.658,3.253993582, , ,
32.678,3.253771159, , ,
32.698,3.253538752, , ,
32.718,3.253291004, , ,
32.738,3.253029006, , ,
32.758,3.252762577, , ,
32.778,3.252506545, , ,
32.798,3.252267693, , ,
32.818,3.252026876, , ,
32.838,3.25177493, , ,
32.858,3.251518749, , ,
32.878,3.251285796, , ,
32.898,3.251076874, , ,
32.918,3.250886509, , ,
32.938,3.250716691, , ,
32.958,3.250570954, , ,
32.978,3.250441788, , ,
32.998,3.250319321, , ,
33.018,3.250198606, , ,
33.038,3.250072746, , ,
33.058,3.249946252, , ,
33.078,3.249811972, , ,
33.098,3.249678386, , ,
33.118,3.249556805, , ,
33.138,3.249443476, , ,
33.158,3.249341705, , ,
33.178,3.249246541, , ,
33.198,3.249154858, , ,
33.218,3.249067333, , ,
33.238,3.248986416, , ,
33.258,3.248898967, , ,
33.278,3.248791802, , ,
33.298,3.248668143, , ,
33.318,3.248538646, , ,
33.338,3.248402989, , ,
33.358,3.248267943, , ,
33.378,3.248138869, , ,
33.398,3.248021159, , ,
33.418,3.247911312, , ,
33.438,3.247808201, , ,
33.458,3.247705123, , ,
33.478,3.247596339, , ,
33.498,3.247488421, , ,
33.518,3.247378826, , ,
33.538,3.247262073, , ,
33.558,3.247141775, , ,
33.578,3.247008746, , ,
33.598,3.246859207, , ,
33.618,3.2466943, , ,
33.638,3.246521013, , ,
33.658,3.246334057, , ,
33.678,3.246132702, , ,
33.698,3.245924467, , ,
33.718,3.245716148, , ,
33.738,3.245505468, , ,
33.758,3.245291055, , ,
33.778,3.245074378, , ,
33.798,3.244860166, , ,
33.818,3.244636702, , ,
33.838,3.244396758, , ,
33.858,3.244136695, , ,
33.878,3.243868601, , ,
33.898,3.243609802, , ,
33.918,3.24336669, , ,
33.938,3.24313328, , ,
33.958,3.242908659, , ,
33.978,3.242685255, , ,
33.998,3.242453102, , ,
34.018,3.242217817, , ,
34.038,3.241984534, , ,
34.058,3.241764203, , ,
34.078,3.241559482, , ,
34.098,3.241359278, , ,
34.118,3.241150276, , ,
34.138,3.240936568, , ,
34.158,3.240726243, , ,
34.178,3.240506658, , ,
34.198,3.240275352, , ,
34.218,3.240037131, , ,
34.238,3.239801039, , ,
34.258,3.239566734, , ,
34.278,3.239334245, , ,
34.298,3.239105363, , ,
34.318,3.238875604, , ,
34.338,3.238642065, , ,
34.358,3.23840824, , ,
34.378,3.238179796, , ,
34.398,3.237954498, , ,
34.418,3.237721323, , ,
34.438,3.237479972, , ,
34.458,3.237234859, , ,
34.478,3.23699677, , ,
34.498,3.236759676, , ,
34.518,3.236524971, , ,
34.538,3.236288989, , ,
34.558,3.236045566, , ,
34.578,3.235788223, , ,
34.598,3.235519857, , ,
34.618,3.235249182, , ,
34.638,3.234981896, , ,
34.658,3.23471712, , ,
34.678,3.23444327, , ,
34.698,3.234158401, , ,
34.718,3.23387828, , ,
34.738,3.233605409, , ,
34.758,3.233339251, , ,
34.778,3.233084494, , ,
34.798,3.232844193, , ,
34.818,3.232602462, , ,
34.838,3.232356239, , ,
34.858,3.232110237, , ,
34.878,3.231856959, , ,
34.898,3.23159231, , ,
34.918,3.231318018, , ,
34.938,3.231039403, , ,
34.958,3.230765447, , ,
34.978,3.230499259, , ,
34.998,3.230249616, , ,
35.018,3.230016563, , ,
35.038,3.229787612, , ,
35.058,3.229562385, , ,
35.078,3.229341213, , ,
35.098,3.229132833, , ,
35.118,3.228939541, , ,
35.138,3.22875351, , ,
35.158,3.228571972, , ,
35.178,3.228392908, , ,
35.198,3.228207218, , ,
35.218,3.228012495, , ,
35.238,3.227817438, , ,
35.258,3.227647909, , ,
35.278,3.227525153, , ,
35.298,3.2274458, , ,
35.318,3.22739062, , ,
35.338,3.227356091, , ,
35.358,3.227342595, , ,
35.378,3.227346369, , ,
35.398,3.227357941, , ,
35.418,3.227384051, , ,
35.438,3.227434791, , ,
35.458,3.227507658, , ,
35.478,3.227594023, , ,
35.498,3.227682953, , ,
35.518,3.227784163, , ,
35.538,3.227905488, , ,
35.558,3.228045854, , ,
35.578,3.228200995, , ,
35.598,3.228366568, , ,
35.618,3.228546141, , ,
35.638,3.228740006, , ,
35.658,3.228937441, , ,
35.678,3.229123144, , ,
35.698,3.229289639, , ,
35.718,3.229441737, , ,
35.738,3.229583878, , ,
35.758,3.229719438, , ,
35.778,3.229864559, , ,
35.798,3.230025017, , ,
35.818,3.230196481, , ,
35.838,3.230383593, , ,
35.858,3.230584637, , ,
35.878,3.230803531, , ,
35.898,3.231043796, , ,
35.918,3.231299718, , ,
35.938,3.231566774, , ,
35.958,3.23185247, , ,
35.978,3.232163256, , ,
35.998,3.232508338, , ,
36.018,3.232878286, , ,
36.038,3.233251632, , ,
36.058,3.233626507, , ,
36.078,3.233999815, , ,
36.098,3.234368964, , ,
36.118,3.234731779, , ,
36.138,3.235095427, , ,
36.158,3.235478682, , ,
36.178,3.23588087, , ,
36.198,3.236291646, , ,
36.218,3.236693336, , ,
36.238,3.237087947, , ,
36.258,3.237477242, , ,
36.278,3.237857516, , ,
36.298,3.238236959, , ,
36.318,3.238617133, , ,
36.338,3.239002225, , ,
36.358,3.239404063, , ,
36.378,3.239831224, , ,
36.398,3.240283697, , ,
36.418,3.24075756, , ,
36.438,3.241249522, , ,
36.458,3.241758865, , ,
36.478,3.24227339, , ,
36.498,3.242790265, , ,
36.518,3.243297808, , ,
36.538,3.243804685, , ,
36.558,3.244306094, , ,
36.578,3.244786877, , ,
36.598,3.245257639, , ,
36.618,3.245723961, , ,
36.638,3.246194026, , ,
36.658,3.246666064, , ,
36.678,3.247130448, , ,
36.698,3.24757945, , ,
36.718,3.248011372, , ,
36.738,3.248439062, , ,
36.758,3.248877416, , ,
36.778,3.249325177, , ,
36.798,3.249757304, , ,
36.818,3.250151824, , ,
36.838,3.250518791, , ,
36.858,3.250872963, , ,
36.878,3.251217227, , ,
36.898,3.251558692, , ,
36.918,3.251900771, , ,
36.938,3.252235225, , ,
36.958,3.252559246, , ,
36.978,3.252881382, , ,
36.998,3.253201101, , ,
37.018,3.253509069, , ,
37.038,3.253799004, , ,
37.058,3.254070946, , ,
37.078,3.254323798, , ,
37.098,3.254553231, , ,
37.118,3.254760733, , ,
37.138,3.254949086, , ,
37.158,3.255118995, , ,
37.178,3.25527494, , ,
37.198,3.255414936, , ,
37.218,3.255556167, , ,
37.238,3.255706947, , ,
37.258,3.255868983, , ,
37.278,3.256037395, , ,
37.298,3.256211635, , ,
37.318,3.256399053, , ,
37.338,3.256594722, , ,
37.358,3.256790472, , ,
37.378,3.25698196, , ,
37.398,3.257166602, , ,
37.418,3.257329731, , ,
37.438,3.25747653, , ,
37.458,3.257621074, , ,
37.478,3.257770644, , ,
37.498,3.257933334, , ,
37.518,3.258107689, , ,
37.538,3.258292177, , ,
37.558,3.25848018, , ,
37.578,3.258661688, , ,
37.598,3.258836581, , ,
37.618,3.259007326, , ,
37.638,3.259166784, , ,
37.658,3.259302103, , ,
37.678,3.259413858, , ,
37.698,3.259503687, , ,
37.718,3.259575465, , ,
37.738,3.259639398, , ,
37.758,3.259699647, , ,
37.778,3.259766563, , ,
37.798,3.259839266, , ,
37.818,3.259910318, , ,
37.838,3.259954773, , ,
37.858,3.259953363, , ,
37.878,3.259904023, , ,
37.898,3.259819605, , ,
37.918,3.259735499, , ,
37.938,3.259676599, , ,
37.958,3.259654842, , ,
37.978,3.259645443, , ,
37.998,3.259630598, , ,
38.018,3.259607703, , ,
38.038,3.25957993, , ,
38.058,3.259544589, , ,
38.078,3.259498488, , ,
38.098,3.259446684, , ,
38.118,3.259401282, , ,
38.138,3.259367015, , ,
38.158,3.259337888, , ,
38.178,3.259299301, , ,
38.198,3.259238942, , ,
38.218,3.259152064, , ,
38.238,3.2590441, , ,
38.258,3.258923088, , ,
38.278,3.258805409, , ,
38.298,3.258694654, , ,
38.318,3.258589903, , ,
38.338,3.258495163, , ,
38.358,3.258399801, , ,
38.378,3.258293569, , ,
38.398,3.258164859, , ,
38.418,3.258009844, , ,
38.438,3.257837713, , ,
38.458,3.257656009, , ,
38.478,3.2574737, , ,
38.498,3.257301872, , ,
38.518,3.257129077, , ,
38.538,3.256947851, , ,
38.558,3.256759601, , ,
38.578,3.256575352, , ,
38.598,3.256407137, , ,
38.618,3.256247037, , ,
38.638,3.256087962, , ,
38.658,3.255936182, , ,
38.678,3.255799835, , ,
38.698,3.25567819, , ,
38.718,3.255561861, , ,
38.738,3.255436324, , ,
38.758,3.255302886, , ,
38.778,3.255156172, , ,
38.798,3.254990346, , ,
38.818,3.254795174, , ,
38.838,3.254586444, , ,
38.858,3.254379028, , ,
38.878,3.254164027, , ,
38.898,3.253933388, , ,
38.918,3.253681241, , ,
38.938,3.253407439, , ,
38.958,3.253116395, , ,
38.978,3.252819172, , ,
38.998,3.252518634, , ,
39.018,3.252224731, , ,
39.038,3.251946098, , ,
39.058,3.251677955, , ,
39.078,3.251420319, , ,
39.098,3.251155022, , ,
39.118,3.250870836, , ,
39.138,3.250576675, , ,
39.158,3.250277355, , ,
39.178,3.249978636, , ,
39.198,3.249692006, , ,
39.218,3.24940714, , ,
39.238,3.24911894, , ,
39.258,3.24881915, , ,
39.278,3.248493397, , ,
39.298,3.248138213, , ,
39.318,3.247756554, , ,
39.338,3.247356074, , ,
39.358,3.246951366, , ,
39.378,3.246553845, , ,
39.398,3.246172909, , ,
39.418,3.245802188, , ,
39.438,3.245434849, , ,
39.458,3.24506672, , ,
39.478,3.244702709, , ,
39.498,3.244334668, , ,
39.518,3.243961914, , ,
39.538,3.243597332, , ,
39.558,3.243232384, , ,
39.578,3.242863467, , ,
39.598,3.24248949, , ,
39.618,3.242105985, , ,
39.638,3.241719244, , ,
39.658,3.241338082, , ,
39.678,3.240962219, , ,
39.698,3.240589553, , ,
39.718,3.240210536, , ,
39.738,3.23981938, , ,
39.758,3.239416214, , ,
39.778,3.239003576, , ,
39.798,3.23859228, , ,
39.818,3.238183836, , ,
39.838,3.237775108, , ,
39.858,3.237370199, , ,
39.878,3.236989973, , ,
39.898,3.236652109, , ,
39.918,3.236364365, , ,
39.938,3.236121751, , ,
39.958,3.235913662, , ,
39.978,3.235716212, , ,
39.998,3.235507719, , ,
40.018,3.235285032, , ,
40.038,3.235053195, , ,
40.058,3.234822454, , ,
40.078,3.234610973, , ,
40.098,3.234420156, , ,
40.118,3.234246404, , ,
40.138,3.234085843, , ,
40.158,3.233935165, , ,
40.178,3.233798811, , ,
40.198,3.233685835, , ,
40.218,3.233602294, , ,
40.238,3.23354428, , ,
40.258,3.23349547, , ,
40.278,3.233449812, , ,
40.298,3.233399331, , ,
40.318,3.233344965, , ,
40.338,3.23328111, , ,
40.358,3.233206252, , ,
40.378,3.233128268, , ,
40.398,3.233051596, , ,
40.418,3.232971465, , ,
40.438,3.232887752, , ,
40.458,3.232790166, , ,
40.478,3.232674095, , ,
40.498,3.232546904, , ,
40.518,3.23241351, , ,
40.538,3.232280098, , ,
40.558,3.232160481, , ,
40.578,3.232063574, , ,
40.598,3.232001426, , ,
40.618,3.231973254, , ,
40.638,3.231981968, , ,
40.658,3.232006633, , ,
40.678,3.232034672, , ,
40.698,3.232068103, , ,
40.718,3.232096334, , ,
40.738,3.232114236, , ,
40.758,3.23212119, , ,
40.778,3.23212422, , ,
40.798,3.232129848, , ,
40.818,3.232126236, , ,
40.838,3.232113653, , ,
40.858,3.232093838, , ,
40.878,3.232070489, , ,
40.898,3.232064003, , ,
40.918,3.232075615, , ,
40.938,3.232083646, , ,
40.958,3.232068687, , ,
40.978,3.232035792, , ,
40.998,3.232001821, , ,
41.018,3.231974626, , ,
41.038,3.231942933, , ,
41.058,3.231899332, , ,
41.078,3.231843992, , ,
41.098,3.231772666, , ,
41.118,3.231682658, , ,
41.138,3.231578026, , ,
41.158,3.231464581, , ,
41.178,3.231338785, , ,
41.198,3.231205983, , ,
41.218,3.231074904, , ,
41.238,3.230943101, , ,
41.258,3.230808782, , ,
41.278,3.230662648, , ,
41.298,3.230501232, , ,
41.318,3.230353936, , ,
41.338,3.230213333, , ,
41.358,3.230070662, , ,
41.378,3.229917756, , ,
41.398,3.229746654, , ,
41.418,3.229553874, , ,
41.438,3.22934116, , ,
41.458,3.229104992, , ,
41.478,3.22884376, , ,
41.498,3.228554615, , ,
41.518,3.228237006, , ,
41.538,3.227903789, , ,
41.558,3.227568802, , ,
41.578,3.227234124, , ,
41.598,3.226887372, , ,
41.618,3.22652439, , ,
41.638,3.226141501, , ,
41.658,3.225742833, , ,
41.678,3.22532675, , ,
41.698,3.224887271, , ,
41.718,3.224434977, , ,
41.738,3.223989369, , ,
41.758,3.223558255, , ,
41.778,3.223136748, , ,
41.798,3.222720532, , ,
41.818,3.222298357, , ,
41.838,3.221863845, , ,
41.858,3.221404981, , ,
41.878,3.220919851, , ,
41.898,3.220417493, , ,
41.918,3.219915748, , ,
41.938,3.219437325, , ,
41.958,3.218990438, , ,
41.978,3.218563556, , ,
41.998,3.218146996, , ,
42.018,3.217738693, , ,
42.038,3.217346961, , ,
42.058,3.216976247, , ,
42.078,3.21662244, , ,
42.098,3.216284105, , ,
42.118,3.215955128, , ,
42.138,3.215628052, , ,
42.158,3.215303767, , ,
42.178,3.214978365, , ,
42.198,3.214649538, , ,
42.218,3.214329225, , ,
42.238,3.21402029, , ,
42.258,3.213708739, , ,
42.278,3.213384835, , ,
42.298,3.213049523, , ,
42.318,3.212696192, , ,
42.338,3.21232742, , ,
42.358,3.211958945, , ,
42.378,3.211598169, , ,
42.398,3.211252545, , ,
42.418,3.210907003, , ,
42.438,3.210558869, , ,
42.458,3.210211793, , ,
42.478,3.209861556, , ,
42.498,3.209511104, , ,
42.518,3.209154117, , ,
42.538,3.208772462, , ,
42.558,3.208376974, , ,
42.578,3.20798875, , ,
42.598,3.207622239, , ,
42.618,3.207293144, , ,
42.638,3.206998375, , ,
42.658,3.206719478, , ,
42.678,3.206449478, , ,
42.698,3.206191922, , ,
42.718,3.205938084, , ,
42.738,3.205685579, , ,
42.758,3.205449127, , ,
42.778,3.20521521, , ,
42.798,3.204976783, , ,
42.818,3.204735893, , ,
42.838,3.20448768, , ,
42.858,3.204238843, , ,
42.878,3.203985928, , ,
42.898,3.203723816, , ,
42.918,3.203451896, , ,
42.938,3.203176605, , ,
42.958,3.202917678, , ,
42.978,3.202683641, , ,
42.998,3.202479277, , ,
43.018,3.202309941, , ,
43.038,3.202162836, , ,
43.058,3.202016627, , ,
43.078,3.201859061, , ,
43.098,3.201695113, , ,
43.118,3.201534457, , ,
43.138,3.201380682, , ,
43.158,3.201226369, , ,
43.178,3.2010703, , ,
43.198,3.200909166, , ,
43.218,3.200740348, , ,
43.238,3.20055417, , ,
43.258,3.200347126, , ,
43.278,3.200124863, , ,
43.298,3.199897629, , ,
43.318,3.199679176, , ,
43.338,3.199481824, , ,
43.358,3.19929572, , ,
43.378,3.1991132, , ,
43.398,3.198927274, , ,
43.418,3.198737155, , ,
43.438,3.198533711, , ,
43.458,3.198316669, , ,
43.478,3.198080714, , ,
43.498,3.197826634, , ,
43.518,3.197570818, , ,
43.538,3.197317321, , ,
43.558,3.197076717, , ,
43.578,3.196861244, , ,
43.598,3.19667079, , ,
43.618,3.196489854, , ,
43.638,3.196310257, , ,
43.658,3.196139836, , ,
43.678,3.195983895, , ,
43.698,3.19583491, , ,
43.718,3.195694625, , ,
43.738,3.19556816, , ,
43.758,3.195442408, , ,
43.778,3.195311658, , ,
43.798,3.195175076, , ,
43.818,3.195033358, , ,
43.838,3.194886107, , ,
43.858,3.19473119, , ,
43.878,3.194559581, , ,
43.898,3.194372232, , ,
43.918,3.194177645, , ,
43.938,3.193977999, , ,
43.958,3.193770443, , ,
43.978,3.19355515, , ,
43.998,3.193335103, , ,
44.018,3.19312638, , ,
44.038,3.192933331, , ,
44.058,3.192758881, , ,
44.078,3.192597786, , ,
44.098,3.192445198, , ,
44.118,3.192306643, , ,
44.138,3.192185738, , ,
44.158,3.192093111, , ,
44.178,3.192027366, , ,
44.198,3.191968253, , ,
44.218,3.191912767, , ,
44.238,3.191864404, , ,
44.258,3.191815765, , ,
44.278,3.191755222, , ,
44.298,3.191680543, , ,
44.318,3.191606903, , ,
44.338,3.191548637, , ,
44.358,3.191522268, , ,
44.378,3.191528705, , ,
44.398,3.19156348, , ,
44.418,3.19162092, , ,
44.438,3.191696369, , ,
44.458,3.191787117, , ,
44.478,3.191888031, , ,
44.498,3.1919964, , ,
44.518,3.192114591, , ,
44.538,3.192236732, , ,
44.558,3.192368756, , ,
44.578,3.192512483, , ,
44.598,3.192667256, , ,
44.618,3.192831941, , ,
44.638,3.193004574, , ,
44.658,3.193177461, , ,
44.678,3.193356365, , ,
44.698,3.193548504, , ,
44.718,3.193754494, , ,
44.738,3.193974586, , ,
44.758,3.194205027, , ,
44.778,3.194446529, , ,
44.798,3.194696911, , ,
44.818,3.194955173, , ,
44.838,3.195213443, , ,
44.858,3.195471697, , ,
44.878,3.195727186, , ,
44.898,3.195988508, , ,
44.918,3.196278419, , ,
44.938,3.196610184, , ,
44.958,3.196969704, , ,
44.978,3.197342011, , ,
44.998,3.197720876, , ,
45.018,3.198097618, , ,
45.038,3.198468026, , ,
45.058,3.198840527, , ,
45.078,3.199215382, , ,
45.098,3.199601134, , ,
45.118,3.200009723, , ,
45.138,3.200434547, , ,
45.158,3.20086929, , ,
45.178,3.20131239, , ,
45.198,3.201776208, , ,
45.218,3.20227013, , ,
45.238,3.202795256, , ,
45.258,3.203342066, , ,
45.278,3.203903409, , ,
45.298,3.204484108, , ,
45.318,3.205090108, , ,
45.338,3.205725985, , ,
45.358,3.206388179, , ,
45.378,3.207053537, , ,
45.398,3.207708184, , ,
45.418,3.208348946, , ,
45.438,3.208974168, , ,
45.458,3.209593422, , ,
45.478,3.210214643, , ,
45.498,3.210836496, , ,
45.518,3.211457318, , ,
45.538,3.21207828, , ,
45.558,3.212689069, , ,
45.578,3.21328778, , ,
45.598,3.213877129, , ,
45.618,3.214456455, , ,
45.638,3.215031982, , ,
45.658,3.21560829, , ,
45.678,3.216186518, , ,
45.698,3.216774046, , ,
45.718,3.217371447, , ,
45.738,3.217982818, , ,
45.758,3.218617787, , ,
45.778,3.219275814, , ,
45.798,3.219937958, , ,
45.818,3.220599369, , ,
45.838,3.221263275, , ,
45.858,3.221929648, , ,
45.878,3.22259569, , ,
45.898,3.223265754, , ,
45.918,3.223935892, , ,
45.938,3.22459414, , ,
45.958,3.225235778, , ,
45.978,3.225857024, , ,
45.998,3.226465999, , ,
46.018,3.22707961, , ,
46.038,3.227714585, , ,
46.058,3.228370805, , ,
46.078,3.229031405, , ,
46.098,3.229690476, , ,
46.118,3.230354309, , ,
46.138,3.231018373, , ,
46.158,3.23168879, , ,
46.178,3.232366645, , ,
46.198,3.23305003, , ,
46.218,3.233735639, , ,
46.238,3.234421488, , ,
46.258,3.235111411, , ,
46.278,3.235812267, , ,
46.298,3.236526288, , ,
46.318,3.237240926, , ,
46.338,3.237947414, , ,
46.358,3.238639995, , ,
46.378,3.239313711, , ,
46.398,3.239960499, , ,
46.418,3.240582323, , ,
46.438,3.241178068, , ,
46.458,3.241751833, , ,
46.478,3.242316933, , ,
46.498,3.242890219, , ,
46.518,3.243471946, , ,
46.538,3.244066696, , ,
46.558,3.244665154, , ,
46.578,3.245265361, , ,
46.598,3.24586452, , ,
46.618,3.246447128, , ,
46.638,3.247009784, , ,
46.658,3.247566766, , ,
46.678,3.248127918, , ,
46.698,3.248695013, , ,
46.718,3.249265407, , ,
46.738,3.249850442, , ,
46.758,3.250451015, , ,
46.778,3.251061092, , ,
46.798,3.251682082, , ,
46.818,3.252319999, , ,
46.838,3.252967301, , ,
46.858,3.25361728, , ,
46.878,3.254272662, , ,
46.898,3.254923268, , ,
46.918,3.255566665, , ,
46.938,3.256211222, , ,
46.958,3.25685386, , ,
46.978,3.257487884, , ,
46.998,3.258114231, , ,
47.018,3.258738876, , ,
47.038,3.259355098, , ,
47.058,3.259955973, , ,
47.078,3.260542412, , ,
47.098,3.261120817, , ,
47.118,3.261695488, , ,
47.138,3.2622644, , ,
47.158,3.26283689, , ,
47.178,3.263413176, , ,
47.198,3.263985804, , ,
47.218,3.264553054, , ,
47.238,3.265111363, , ,
47.258,3.265656993, , ,
47.278,3.266192155, , ,
47.298,3.26672053, , ,
47.318,3.267246891, , ,
47.338,3.267779435, , ,
47.358,3.268311126, , ,
47.378,3.268832379, , ,
47.398,3.269347749, , ,
47.418,3.26986378, , ,
47.438,3.270384331, , ,
47.458,3.270910907, , ,
47.478,3.271449034, , ,
47.498,3.27198815, , ,
47.518,3.272527359, , ,
47.538,3.273070528, , ,
47.558,3.273613123, , ,
47.578,3.274153073, , ,
47.598,3.274692002, , ,
47.618,3.275239175, , ,
47.638,3.275778934, , ,
47.658,3.276312385, , ,
47.678,3.276845936, , ,
47.698,3.277377275, , ,
47.718,3.277888009, , ,
47.738,3.278373505, , ,
47.758,3.278852975, , ,
47.778,3.279338716, , ,
47.798,3.279837056, , ,
47.818,3.28033317, , ,
47.838,3.280811948, , ,
47.858,3.281265952, , ,
47.878,3.281696933, , ,
47.898,3.282112088, , ,
47.918,3.282527592, , ,
47.938,3.282956423, , ,
47.958,3.283397902, , ,
47.978,3.283854912, , ,
47.998,3.284322064, , ,
48.018,3.28479753, , ,
48.038,3.285280293, , ,
48.058,3.285761785, , ,
48.078,3.286228548, , ,
48.098,3.286678496, , ,
48.118,3.287117331, , ,
48.138,3.287535149, , ,
48.158,3.287928084, , ,
48.178,3.288307968, , ,
48.198,3.288676711, , ,
48.218,3.289023066, , ,
48.238,3.289349048, , ,
48.258,3.289668142, , ,
48.278,3.289997081, , ,
48.298,3.290333626, , ,
48.318,3.290666417, , ,
48.338,3.290984043, , ,
48.358,3.291287262, , ,
48.378,3.291587345, , ,
48.398,3.291891337, , ,
48.418,3.292182489, , ,
48.438,3.292453881, , ,
48.458,3.29271138, , ,
48.478,3.292970006, , ,
48.498,3.293231171, , ,
48.518,3.293497031, , ,
48.538,3.293765435, , ,
48.558,3.294031089, , ,
48.578,3.294292408, , ,
48.598,3.2945487, , ,
48.618,3.294815341, , ,
48.638,3.295087899, , ,
48.658,3.29536122, , ,
48.678,3.295627085, , ,
48.698,3.295883502, , ,
48.718,3.296133025, , ,
48.738,3.296374514, , ,
48.758,3.296610612, , ,
48.778,3.296848447, , ,
48.798,3.297093936, , ,
48.818,3.297355467, , ,
48.838,3.297638118, , ,
48.858,3.297925475, , ,
48.878,3.298210218, , ,
48.898,3.298500234, , ,
48.918,3.298793628, , ,
48.938,3.299090017, , ,
48.958,3.299375967, , ,
48.978,3.299652051, , ,
48.998,3.299928843, , ,
49.018,3.300190889, , ,
49.038,3.300427077, , ,
49.058,3.300640735, , ,
49.078,3.300834255, , ,
49.098,3.301021982, , ,
49.118,3.301219761, , ,
49.138,3.301421079, , ,
49.158,3.301611479, , ,
49.178,3.301777961, , ,
49.198,3.301907336, , ,
49.218,3.302005357, , ,
49.238,3.302086695, , ,
49.258,3.30215853, , ,
49.278,3.30222805, , ,
49.298,3.302296543, , ,
49.318,3.302361434, , ,
49.338,3.302420528, , ,
49.358,3.302474112, , ,
49.378,3.302525673, , ,
49.398,3.302572047, , ,
49.418,3.302607388, , ,
49.438,3.302635925, , ,
49.458,3.302653079, , ,
49.478,3.302653959, , ,
49.498,3.30263838, , ,
49.518,3.302615702, , ,
49.538,3.30257957, , ,
49.558,3.302515964, , ,
49.578,3.302418394, , ,
49.598,3.302294059, , ,
49.618,3.302164469, , ,
49.638,3.302039517, , ,
49.658,3.301923128, , ,
49.678,3.301804278, , ,
49.698,3.301672628, , ,
49.718,3.301522682, , ,
49.738,3.301349679, , ,
49.758,3.30115991, , ,
49.778,3.30095607, , ,
49.798,3.300740415, , ,
49.818,3.300506361, , ,
49.838,3.30024885, , ,
49.858,3.299973568, , ,
49.878,3.299699875, , ,
49.898,3.299439423, , ,
49.918,3.299185313, , ,
49.938,3.298921495, , ,
49.958,3.29863534, , ,
49.978,3.29832148, , ,
49.998,3.297977426, , ,
50.018,3.297610624, , ,
50.038,3.297233601, , ,
50.058,3.29685741, , ,
50.078,3.296487423, , ,
50.098,3.296127365, , ,
50.118,3.295772916, , ,
50.138,3.295416457, , ,
50.158,3.295055753, , ,
50.178,3.294690647, , ,
50.198,3.294315443, , ,
50.218,3.293927424, , ,
50.238,3.293527852, , ,
50.258,3.293119639, , ,
50.278,3.292714655, , ,
50.298,3.292310349, , ,
50.318,3.291904491, , ,
50.338,3.291495476, , ,
50.358,3.291072215, , ,
50.378,3.290630524, , ,
50.398,3.290182373, , ,
50.418,3.289739466, , ,
50.438,3.289296128, , ,
50.458,3.288853709, , ,
50.478,3.288414849, , ,
50.498,3.28796905, , ,
50.518,3.287519908, , ,
50.538,3.287068454, , ,
50.558,3.286615423, , ,
50.578,3.286165067, , ,
50.598,3.285710075, , ,
50.618,3.285238057, , ,
50.638,3.28475046, , ,
50.658,3.284249869, , ,
50.678,3.283737338, , ,
50.698,3.283211989, , ,
50.718,3.282674789, , ,
50.738,3.282134129, , ,
50.758,3.281605091, , ,
50.778,3.281077702, , ,
50.798,3.28053536, , ,
50.818,3.279970893, , ,
50.838,3.279388669, , ,
50.858,3.278791993, , ,
50.878,3.278173187, , ,
50.898,3.277550972, , ,
50.918,3.276948926, , ,
50.938,3.276369209, , ,
50.958,3.275815818, , ,
50.978,3.275284127, , ,
50.998,3.274763739, , ,
51.018,3.274250478, , ,
51.038,3.273736417, , ,
51.058,3.273222206, , ,
51.078,3.272701385, , ,
51.098,3.272168876, , ,
51.118,3.271619747, , ,
51.138,3.271052653, , ,
51.158,3.270469943, , ,
51.178,3.269871161, , ,
51.198,3.269244189, , ,
51.218,3.268584562, , ,
51.238,3.267910045, , ,
51.258,3.26723848, , ,
51.278,3.26655713, , ,
51.298,3.265864461, , ,
51.318,3.265170005, , ,
51.338,3.264465153, , ,
51.358,3.263742663, , ,
51.378,3.262996934, , ,
51.398,3.262223679, , ,
51.418,3.261426166, , ,
51.438,3.260618484, , ,
51.458,3.259808804, , ,
51.478,3.259003379, , ,
51.498,3.258195968, , ,
51.518,3.257389598, , ,
51.538,3.256590304, , ,
51.558,3.255813028, , ,
51.578,3.255057337, , ,
51.598,3.254309512, , ,
51.618,3.253563634, , ,
51.638,3.252803514, , ,
51.658,3.252004526, , ,
51.678,3.251155462, , ,
51.698,3.250277914, , ,
51.718,3.249389793, , ,
51.738,3.248501189, , ,
51.758,3.247614201, , ,
51.778,3.246726735, , ,
51.798,3.245832618, , ,
51.818,3.244927818, , ,
51.838,3.244000228, , ,
51.858,3.243044479, , ,
51.878,3.242059563, , ,
51.898,3.241045654, , ,
51.918,3.240010438, , ,
51.938,3.238970738, , ,
51.958,3.23793532, , ,
51.978,3.23689119, , ,
51.998,3.235844204, , ,
52.018,3.23482022, , ,
52.038,3.233840745, , ,
52.058,3.232920962, , ,
52.078,3.232057633, , ,
52.098,3.231230826, , ,
52.118,3.230420479, , ,
52.138,3.229615714, , ,
52.158,3.228818912, , ,
52.178,3.228050673, , ,
52.198,3.227309673, , ,
52.218,3.226585591, , ,
52.238,3.225873233, , ,
52.258,3.22517391, , ,
52.278,3.224487024, , ,
52.298,3.223807582, , ,
52.318,3.223143385, , ,
52.338,3.222497806, , ,
52.358,3.221866217, , ,
52.378,3.221246724, , ,
52.398,3.220637812, , ,
52.418,3.220036783, , ,
52.438,3.21944997, , ,
52.458,3.218887511, , ,
52.478,3.218346891, , ,
52.498,3.217824726, , ,
52.518,3.217323008, , ,
52.538,3.21684441, , ,
52.558,3.216381144, , ,
52.578,3.215929786, , ,
52.598,3.215478466, , ,
52.618,3.2150238, , ,
52.638,3.214557064, , ,
52.658,3.214072389, , ,
52.678,3.213564689, , ,
52.698,3.213042224, , ,
52.718,3.212505522, , ,
52.738,3.211953973, , ,
52.758,3.211394028, , ,
52.778,3.210813655, , ,
52.798,3.210219654, , ,
52.818,3.209636936, , ,
52.838,3.209070075, , ,
52.858,3.208503962, , ,
52.878,3.207937438, , ,
52.898,3.207369516, , ,
52.918,3.20679915, , ,
52.938,3.206222287, , ,
52.958,3.205640976, , ,
52.978,3.20505659, , ,
52.998,3.204475134, , ,
53.018,3.20390202, , ,
53.038,3.203342217, , ,
53.058,3.202803172, , ,
53.078,3.202279366, , ,
53.098,3.201765534, , ,
53.118,3.201254526, , ,
53.138,3.200746494, , ,
53.158,3.20025221, , ,
53.178,3.199782509, , ,
53.198,3.199325411, , ,
53.218,3.198869233, , ,
53.238,3.198414399, , ,
53.258,3.197961489, , ,
53.278,3.197519991, , ,
53.298,3.197086711, , ,
53.318,3.196658706, , ,
53.338,3.196239409, , ,
53.358,3.195827282, , ,
53.378,3.195412303, , ,
53.398,3.194990398, , ,
53.418,3.19455324, , ,
53.438,3.194096419, , ,
53.458,3.193623872, , ,
53.478,3.193130403, , ,
53.498,3.192618354, , ,
53.518,3.192089895, , ,
53.538,3.191552416, , ,
53.558,3.191006798, , ,
53.578,3.190469255, , ,
53.598,3.1899295, , ,
53.618,3.189367821, , ,
53.638,3.188775054, , ,
53.658,3.188157968, , ,
53.678,3.187526486, , ,
53.698,3.186878548, , ,
53.718,3.186216698, , ,
53.738,3.185553496, , ,
53.758,3.184898234, , ,
53.778,3.184249917, , ,
53.798,3.183593999, , ,
53.818,3.182927294, , ,
53.838,3.182257081, , ,
53.858,3.181591326, , ,
53.878,3.180917828, , ,
53.898,3.180221181, , ,
53.918,3.179498343, , ,
53.938,3.17875926, , ,
53.958,3.178020326, , ,
53.978,3.17728967, , ,
53.998,3.17656909, , ,
54.018,3.175845127, , ,
54.038,3.175115679, , ,
