"/ual/odom/pose/pose/position/z_x","/ual/odom/pose/pose/position/z_y","/del_uav/KF_pose/z_y"
0.184,-0.1662724018,-0.1652395576,
0.217,-0.1660538912,-0.1659933725,
0.25,-0.1593194157,-0.1660538912,
0.284,-0.1506147683,-0.1611387761,
0.317,-0.1403736472,-0.1506147683,
0.35,-0.1274251491,-0.1431403497,
0.384,-0.1144110262,-0.123909303,
0.417,-0.08667381108,-0.1144110262,
0.45,-0.07121690363,-0.08133151943,
0.484,-0.0522203818,-0.07005039155,
0.517,-0.03720919415,-0.05618589809,
0.55,-0.02058268897,-0.03426966285,
0.584,-0.009067276493,-0.02213491133,
0.617,0.006300102919,-0.004915683484,
0.65,0.03912121803,0.006300102919,
0.684,0.06164198369,0.04539256326,
0.717,0.1019115597,0.06182920419,
0.75,0.1201820225,0.09121970409,
0.784,0.142198503,0.1211336337,
0.817,0.1603580415,0.1372022253,
0.85,0.2022331655,0.1655717502,
0.884,0.230792433,0.1961340493,
0.917,0.2984310985,0.2401877886,
0.95,0.3356338441,0.2895534484,
0.984,0.3743527234,0.3460939899,
1.017,0.4474258721,0.3743527234,
1.05,0.487908721,0.4583625652,
1.084,0.5397554636,0.487908721,
1.117,0.5508602858,0.5427555003,
1.15,0.5703203082,0.5508602858,
1.184,0.5734726787,0.5711719407,
1.217,0.574616611,0.5734726787,
1.25,0.570078671,0.5743075706,
1.284,0.5598629117,0.570078671,
1.317,0.5557463765,0.5626227625,
1.35,0.5505121946,0.5557463765,
1.384,0.5433129072,0.5519262414,
1.417,0.5342711806,0.5433129072,
1.45,0.5314075351,0.5367138592,
1.484,0.5222817063,0.5305721662,
1.517,0.5145174265,0.5239117368,
1.55,0.5182152987,0.5151567466,
1.584,0.5152137876,0.5178556157,
1.618,0.5081126094,0.5136674582,
1.65,0.5072622299,0.5084847075,
1.684,0.5073311925,0.5072808606,
1.717,0.5146473646,0.5073311925,
1.75,0.5174040198,0.5153920921,
1.784,0.5138508081,0.5174040198,
1.818,0.5026150346,0.5148107304,
1.85,0.4917122722,0.5026150346,
1.884,0.4800295234,0.4946577212,
1.917,0.4534799159,0.4760505393,
1.95,0.4471405149,0.4566734732,
1.984,0.4232748449,0.4434457169,
2.017,0.4071768224,0.4260275059,
2.05,0.3968926072,0.4043984778,
2.084,0.3791817129,0.3968926072,
2.117,0.3517239988,0.383966421,
2.15,0.3398519754,0.3517239988,
2.184,0.3109042346,0.3430592763,
2.217,0.2947426438,0.3109042346,
2.25,0.2773064375,0.299108798,
2.284,0.2407493293,0.2722243633,
2.317,0.2242589742,0.245543385,
2.35,0.2066741884,0.2195083351,
2.384,0.1660234481,0.2066741884,
2.417,0.1660234481,0.1770054981,
2.45,0.1346197575,0.1613394857,
2.484,0.1200054958,0.1384196972,
2.517,0.09248848259,0.1158697694,
2.55,0.08140984178,0.09578664821,
2.584,0.05013765022,0.07720020254,
2.617,0.0356066674,0.0543763878,
2.65,0.01710410044,0.0299777433,
2.684,-0.0189948827,0.01647375974,
2.717,-0.03815006837,-0.009872858861,
2.751,-0.06304625422,-0.0389691978,
2.784,-0.07991125435,-0.05713952439,
2.817,-0.1310742199,-0.08750120643,
2.85,-0.1572862566,-0.1248421791,
2.884,-0.1783452928,-0.162975486,
2.917,-0.2201381028,-0.1783452928,
2.95,-0.2433571219,-0.226410865,
2.986,-0.2804710567,-0.2433571219,
3.017,-0.2954115868,-0.2847324395,
3.05,-0.3416729569,-0.2956366926,
3.084,-0.3672447801,-0.3485813438,
3.117,-0.4193082452,-0.3672447801,
3.15,-0.4501840174,-0.4052429767,
3.184,-0.4827108085,-0.4519391245,
3.218,-0.5196263194,-0.475678601,
3.25,-0.5564342141,-0.5299198519,
3.284,-0.6143001914,-0.5567838652,
3.318,-0.6383102536,-0.6207866589,
3.35,-0.6637779474,-0.6383102536,
3.384,-0.6995530128,-0.6568976917,
3.417,-0.7235133052,-0.7007774036,
3.45,-0.7606585026,-0.7182646741,
3.486,-0.7724931836,-0.7682732488,
3.517,-0.7952558994,-0.7682732488,
3.55,-0.7986747622,-0.7961795265,
3.584,-0.8229093552,-0.7986747622,
3.617,-0.8368961215,-0.826687967,
3.65,-0.8489142656,-0.8368961215,
3.684,-0.8563005328,-0.8509097116,
3.717,-0.8608217835,-0.8563005328,
3.75,-0.8507852554,-0.8596003396,
3.784,-0.8553928733,-0.8507852554,
3.817,-0.8446764946,-0.8541480967,
3.85,-0.8420128822,-0.844295524,
3.884,-0.8408232331,-0.8423515031,
3.917,-0.838709712,-0.8385035942,
3.95,-0.8231281042,-0.836961054,
3.984,-0.8178818822,-0.8198612641,
4.017,-0.8050826788,-0.8160323416,
4.05,-0.8073455095,-0.8066909225,
4.084,-0.8094032407,-0.8077175754,
4.117,-0.8150069118,-0.8092193977,
4.15,-0.813881278,-0.8147028148,
4.184,-0.8172959685,-0.813881278,
4.217,-0.8105992675,-0.8163734687,
4.25,-0.7976179123,-0.8090037609,
4.284,-0.7915545702,-0.7995293995,
4.317,-0.7892389894,-0.7902081381,
4.35,-0.78198421,-0.7885181258,
4.384,-0.7860229611,-0.7830753037,
4.417,-0.7764593959,-0.7860229611,
4.45,-0.7770913243,-0.7779508155,
4.484,-0.7828661799,-0.7784120245,
4.519,-0.7903927565,-0.782626767,
4.55,-0.7889910936,-0.7903927565,
4.584,-0.798104763,-0.7893697616,
4.617,-0.81509763,-0.8015239817,
4.65,-0.8203188181,-0.8139261201,
4.684,-0.8170838952,-0.8194448836,
4.717,-0.806030333,-0.8170838952,
4.75,-0.7974885702,-0.8037227228,
4.784,-0.7891492844,-0.7974885702,
4.817,-0.7912811637,-0.7897252248,
4.85,-0.7882467508,-0.7912811637,
4.884,-0.7863352299,-0.7877303416,
4.917,-0.7866886258,-0.7863352299,
4.95,-0.7900470495,-0.7865931537,
4.984,-0.7780427933,-0.7870067242,
5.017,-0.7771479487,-0.7782454924,
5.05,-0.778155148,-0.7762013595,
5.084,-0.7915601134,-0.7769364576,
5.117,-0.7996621728,-0.7937489351,
5.15,-0.8208245635,-0.7996621728,
5.184,-0.8296501637,-0.8232088542,
5.217,-0.8312341571,-0.8296501637,
5.25,-0.8237122297,-0.8308062314,
5.284,-0.8263849616,-0.8244313864,
5.317,-0.8255462646,-0.8263820631,
5.35,-0.8168619871,-0.8235428318,
5.384,-0.812846899,-0.8172046658,
5.417,-0.7958104014,-0.8106904757,
5.45,-0.7910118103,-0.7982564938,
5.484,-0.7813379765,-0.7870147833,
5.517,-0.7485823631,-0.7799543958,
5.55,-0.7263926268,-0.742954098,
5.584,-0.6960384846,-0.7267590567,
5.617,-0.6799111962,-0.7046052746,
5.65,-0.6666144133,-0.6799111962,
5.684,-0.6486192346,-0.6702066218,
5.717,-0.6261746287,-0.6425556849,
5.75,-0.5852348208,-0.6261746287,
5.784,-0.5692124963,-0.5809062903,
5.817,-0.532767117,-0.5692124963,
5.85,-0.5218943357,-0.5426130626,
5.884,-0.5071083903,-0.5218943357,
5.917,-0.4952052236,-0.5111029053,
5.95,-0.4821832478,-0.4923693445,
5.984,-0.4815600812,-0.4828653364,
6.017,-0.4797946513,-0.4813116348,
6.05,-0.4884141684,-0.4800231467,
6.084,-0.4993373454,-0.4913651325,
6.117,-0.5217282772,-0.4993373454,
6.15,-0.5310683846,-0.5241223422,
6.184,-0.5385524631,-0.5309391616,
6.217,-0.5478438139,-0.5364013697,
6.25,-0.5486037731,-0.5481190228,
6.284,-0.5492228866,-0.5486736744,
6.317,-0.556894362,-0.5492228866,
6.35,-0.5671541691,-0.5548218652,
6.384,-0.5829530358,-0.5696788903,
6.417,-0.5895864964,-0.581209595,
6.45,-0.5930024981,-0.5905093505,
6.484,-0.6012861133,-0.5930024981,
6.517,-0.6128665209,-0.5990482432,
6.55,-0.6237667203,-0.6129633617,
6.584,-0.6279930472,-0.6209188045,
6.617,-0.6299753189,-0.6285285702,
6.65,-0.6346484423,-0.6299753189,
6.684,-0.6320943236,-0.633385969,
6.717,-0.6307394505,-0.6320943236,
6.75,-0.6277350187,-0.6311054779,
6.784,-0.6231614947,-0.6264994528,
6.817,-0.6115662456,-0.6231614947,
6.85,-0.602150619,-0.6090225556,
6.884,-0.5858388543,-0.602150619,
6.917,-0.5539870262,-0.5902455789,
6.95,-0.5404605865,-0.5530614186,
6.984,-0.5357961655,-0.5431892306,
7.017,-0.5201151967,-0.5330255098,
7.05,-0.5165428519,-0.5215808522,
7.084,-0.5151026845,-0.5165024506,
7.117,-0.5058714151,-0.5154513533,
7.15,-0.4979335964,-0.503851759,
7.184,-0.4922930002,-0.4980583913,
7.217,-0.493778944,-0.4923966846,
7.25,-0.4946865737,-0.4934811915,
7.284,-0.5013318062,-0.4941436194,
7.317,-0.5095869303,-0.5018781179,
7.35,-0.5160111785,-0.5079030689,
7.384,-0.5146132708,-0.5165195365,
7.417,-0.5100426674,-0.5154992822,
7.45,-0.4970145226,-0.5087179416,
7.484,-0.4854887128,-0.499209431,
7.517,-0.473244369,-0.4821808273,
7.55,-0.4395124018,-0.473244369,
7.584,-0.4107251167,-0.431176748,
7.617,-0.3611110151,-0.4101665268,
7.65,-0.3428664505,-0.3561821326,
7.684,-0.3295558393,-0.3428664505,
7.717,-0.3136131465,-0.3252872506,
7.75,-0.3089435995,-0.3136515753,
7.784,-0.3069863617,-0.3082763575,
7.817,-0.290822953,-0.3068478797,
7.85,-0.2836579084,-0.288747904,
7.884,-0.2738436759,-0.2835185407,
7.917,-0.2718890905,-0.2733328703,
7.95,-0.2710788846,-0.2719063283,
7.984,-0.2578290403,-0.2713150046,
8.017,-0.2493813038,-0.2578290403,
8.05,-0.2333360165,-0.2516635123,
8.084,-0.2317753732,-0.2333360165,
8.117,-0.2298923135,-0.2321969907,
8.15,-0.219825238,-0.2281339818,
8.184,-0.2127393633,-0.2207865893,
8.217,-0.2066796422,-0.211102292,
8.25,-0.2026846558,-0.2066796422,
8.284,-0.2030709237,-0.2027890085,
8.317,-0.2100830972,-0.2030709237,
8.35,-0.2173995972,-0.2124694813,
8.384,-0.2235978693,-0.2178093833,
8.417,-0.2280212045,-0.2223331537,
8.45,-0.2465460002,-0.2307318137,
8.484,-0.2560095489,-0.2442520208,
8.517,-0.2822851241,-0.2594539037,
8.55,-0.2950328887,-0.278630969,
8.584,-0.3168220818,-0.2981283491,
8.617,-0.3229806423,-0.3140310564,
8.65,-0.3238832057,-0.3231656527,
8.684,-0.3203315735,-0.323824383,
8.717,-0.317024678,-0.3194412466,
8.75,-0.3178266287,-0.3170277294,
8.784,-0.3226071596,-0.3191181188,
8.817,-0.3382048309,-0.3226071596,
8.85,-0.3410679996,-0.3389783337,
8.884,-0.3430756032,-0.3410679996,
8.917,-0.3389915824,-0.3425332367,
8.95,-0.3373067081,-0.3385364031,
8.984,-0.3306358457,-0.3373067081,
9.017,-0.3223364353,-0.3283937084,
9.05,-0.3146905899,-0.3167561625,
9.084,-0.2960253656,-0.3167561625,
9.117,-0.2800345719,-0.2960253656,
9.15,-0.2386386991,-0.2843545841,
9.184,-0.2166501731,-0.2386386991,
9.218,-0.1541054398,-0.22259051,
9.25,-0.1249877661,-0.1541054398,
9.284,-0.0632610172,-0.1328540866,
9.317,-0.03336608037,-0.0632610172,
9.35,-0.006636175327,-0.04144238326,
9.384,0.02173653618,0.001883191399,
9.417,0.06899756193,0.02259083864,
9.45,0.08915542811,0.05708400471,
9.484,0.1123367399,0.08915542811,
9.517,0.1351877898,0.1060741645,
9.55,0.1755249202,0.1410999552,
9.584,0.1902839988,0.1705397593,
9.617,0.1992783993,0.1923610727,
9.65,0.1999282837,0.1989255801,
9.684,0.2121891975,0.1993998941,
9.717,0.2179200053,0.2126464903,
9.75,0.2245770991,0.2168290847,
9.784,0.2307189256,0.2255126259,
9.817,0.2314234674,0.2299951998,
9.851,0.2338568866,0.2319873269,
9.884,0.2280554473,0.2337633428,
9.917,0.2249413133,0.2272141447,
9.95,0.2114274651,0.2249413133,
9.984,0.1922081858,0.2092998291,
10.017,0.185101524,0.1952727575,
10.05,0.1739548296,0.1820901753,
10.084,0.164279148,0.1739548296,
10.117,0.1537871063,0.1619145789,
10.15,0.151393652,0.1542570274,
10.184,0.1593333781,0.1525101797,
10.217,0.1638008505,0.1593333781,
10.25,0.1755171567,0.1625939351,
10.284,0.2042002082,0.1788837804,
10.317,0.2232963294,0.1998179273,
10.35,0.2616486549,0.229020594,
10.384,0.2757767141,0.2570118006,
10.417,0.3005363345,0.2827728841,
10.45,0.3539445102,0.3008435393,
10.484,0.3822959363,0.3616038241,
10.517,0.4081118107,0.3822959363,
10.55,0.4716494679,0.4011374919,
10.584,0.5006592274,0.4716494679,
10.617,0.5307901502,0.4928220607,
10.65,0.5918923616,0.5401997646,
10.684,0.6177783012,0.584794834,
10.717,0.6416489482,0.6242271048,
10.75,0.6677591801,0.6416489482,
10.784,0.707106173,0.6607053387,
10.817,0.7246396542,0.7069087717,
10.85,0.752188623,0.719705474,
10.884,0.7655435205,0.7557965315,
10.917,0.783295393,0.7655435205,
10.95,0.7963956594,0.7784996144,
10.984,0.7983494997,0.7963956594,
11.017,0.7860501409,0.7978216576,
11.05,0.7880014777,0.7872800709,
11.084,0.7742058039,0.788704242,
11.117,0.7682284713,0.7726846268,
11.15,0.7531796694,0.7683221077,
11.184,0.7284913659,0.7500985885,
11.217,0.719145,0.7320799836,
11.25,0.7043708563,0.7151536733,
11.284,0.6791598797,0.7043708563,
11.317,0.6619021893,0.6859707816,
11.35,0.6403955817,0.6619021893,
11.384,0.6114509702,0.6462057253,
11.417,0.5638026595,0.6052213708,
11.45,0.5349572897,0.5704455473,
11.484,0.5039733052,0.5265867738,
11.517,0.443747431,0.5039733052,
11.55,0.4144278169,0.4358265551,
11.584,0.3858788908,0.4144278169,
11.617,0.3263367414,0.3935915605,
11.65,0.3023468554,0.3260733196,
11.684,0.258690685,0.3085644503,
11.717,0.2474477589,0.258690685,
11.75,0.2270419896,0.2504851052,
11.784,0.2209796607,0.2270419896,
11.817,0.2175658792,0.2226174365,
11.85,0.2234461606,0.2175836685,
11.884,0.2348920852,0.2218753553,
11.917,0.2460343242,0.2379022303,
11.95,0.2744370699,0.2460343242,
11.984,0.297758311,0.2807374481,
12.018,0.33913818,0.297758311,
12.05,0.355460763,0.3279591514,
12.084,0.3708800077,0.355460763,
12.117,0.3900486827,0.366714403,
12.152,0.3967498839,0.3903132076,
12.184,0.4026552141,0.3952040376,
12.217,0.4104017913,0.4036700219,
12.25,0.4110724628,0.4093238132,
12.284,0.4115672112,0.4112061221,
12.317,0.4095588326,0.4115672112,
12.35,0.3998034298,0.4061461758,
12.384,0.3882241845,0.3990262556,
12.417,0.356716454,0.3905752154,
12.45,0.3308273554,0.355564702,
12.484,0.2718372941,0.3366697041,
12.517,0.2368486524,0.2718372941,
12.55,0.2090195864,0.2463010513,
12.584,0.1441250592,0.1985266237,
12.618,0.1129083708,0.1511637561,
12.65,0.08219116926,0.12838045,
12.684,0.04836105555,0.08219116926,
12.717,0.01523911208,0.05750047092,
12.75,-0.0408546254,0.007038916056,
12.784,-0.06492554396,-0.0339007498,
12.817,-0.1131834462,-0.07169778565,
12.85,-0.1368526965,-0.1069185158,
12.884,-0.1589149982,-0.1432654626,
12.917,-0.2042431682,-0.1593674964,
12.95,-0.2210993022,-0.2095635886,
12.984,-0.2584478259,-0.2218659332,
13.017,-0.2657684386,-0.2604255349,
13.05,-0.2804104984,-0.2657684386,
13.084,-0.3132272363,-0.276454855,
13.117,-0.3251175284,-0.3132272363,
13.15,-0.3449141085,-0.3219052921,
13.184,-0.3531486094,-0.3449141085,
13.217,-0.3720949292,-0.3509240078,
13.25,-0.3901034594,-0.3733607116,
13.284,-0.4242674708,-0.3865041255,
13.317,-0.4385190904,-0.423746738,
13.351,-0.4576067924,-0.4341481941,
13.384,-0.4755341113,-0.4620837161,
13.417,-0.5094078183,-0.4751678584,
13.45,-0.5435978174,-0.5138548798,
13.484,-0.564604938,-0.5388082383,
13.517,-0.5822077394,-0.5693604442,
13.55,-0.6047664285,-0.5822077394,
13.584,-0.6487756968,-0.6166558057,
13.617,-0.6724473238,-0.6487756968,
13.65,-0.6895773411,-0.6660522867,
13.684,-0.7016351819,-0.6928348417,
13.717,-0.7334030271,-0.7016351819,
13.75,-0.7428461313,-0.7376018192,
13.784,-0.7578797936,-0.7444938102,
13.817,-0.761973381,-0.7554660352,
13.85,-0.7680014372,-0.7633218259,
13.884,-0.77682513,-0.7677213653,
13.917,-0.7790047526,-0.7785356894,
13.95,-0.7829609513,-0.7801264734,
13.984,-0.7976405621,-0.7857835861,
14.017,-0.7999471426,-0.7964974088,
14.05,-0.7887485027,-0.7982734581,
14.084,-0.7903729081,-0.7901002003,
14.117,-0.7914958596,-0.7912857625,
14.15,-0.7853517532,-0.7917657064,
14.184,-0.7789869905,-0.7872814685,
14.217,-0.767826736,-0.7761217,
14.25,-0.763379693,-0.7679764576,
14.284,-0.7591519356,-0.7607890963,
14.317,-0.7504408956,-0.7577034937,
14.35,-0.7448211312,-0.7513457953,
14.384,-0.7338101268,-0.7440420408,
14.417,-0.7302206755,-0.7360057276,
14.45,-0.7164364457,-0.7280405814,
14.484,-0.7171829343,-0.7179802469,
14.517,-0.7165083289,-0.7172275223,
14.55,-0.7266963124,-0.7167351657,
14.584,-0.7262123227,-0.7254988613,
14.617,-0.7307143807,-0.7251456244,
14.65,-0.7411308289,-0.7311748497,
14.684,-0.7456191182,-0.7387772296,
14.717,-0.7471368909,-0.7460291539,
14.75,-0.754616797,-0.7471368909,
14.784,-0.7608490586,-0.7551302756,
14.817,-0.7619386315,-0.759678853,
14.85,-0.7660152316,-0.760474071,
14.884,-0.7680594921,-0.7648679077,
14.917,-0.7813709974,-0.7663598986,
14.95,-0.7923249006,-0.7825647772,
14.984,-0.8337119818,-0.7905594154,
15.017,-0.8469911218,-0.8337119818,
15.05,-0.8652394414,-0.8434036796,
15.085,-0.9147137403,-0.8728882081,
15.117,-0.9338958263,-0.9089967179,
15.15,-0.9518918991,-0.9387575772,
15.184,-0.9929985404,-0.9518918991,
15.217,-1.0163517,-0.9818933259,
15.25,-1.037074208,-1.0163517,
15.284,-1.052874088,-1.031475894,
15.317,-1.08562243,-1.056426668,
15.35,-1.09437263,-1.080327842,
15.384,-1.108452559,-1.097215184,
15.418,-1.114643455,-1.107491332,
15.45,-1.111415625,-1.116086792,
15.484,-1.107999206,-1.11373098,
15.517,-1.095557332,-1.104778467,
15.55,-1.076913714,-1.095697843,
15.584,-1.063422322,-1.073268931,
15.617,-1.038081288,-1.063422322,
15.65,-1.014699936,-1.031764671,
15.684,-0.9585625529,-1.014699936,
15.717,-0.9356877208,-0.9499392429,
15.75,-0.8751760721,-0.9332441887,
15.784,-0.8386030793,-0.8890801379,
15.817,-0.8132894635,-0.8388443118,
15.85,-0.7642201185,-0.8203693266,
15.884,-0.740739882,-0.7642201185,
15.917,-0.7105223536,-0.7470832137,
15.95,-0.6865039468,-0.704170568,
15.984,-0.6357666254,-0.686640883,
16.017,-0.6108621955,-0.6496105642,
16.059,-0.5659035444,-0.6108621955,
16.084,-0.5485280752,-0.5780494033,
16.117,-0.5358048081,-0.5485949331,
16.15,-0.5268517137,-0.5393089356,
16.184,-0.5108844042,-0.5241496066,
16.217,-0.5089560747,-0.512495965,
16.25,-0.5048677921,-0.5080875668,
16.284,-0.5035136342,-0.5051037591,
16.317,-0.5003627539,-0.5041154354,
16.35,-0.4961184561,-0.4992989943,
16.384,-0.487781018,-0.4962013199,
16.417,-0.4765533805,-0.4846873771,
16.451,-0.466311723,-0.4764929556,
16.484,-0.4583478272,-0.4690181455,
16.517,-0.447842598,-0.4548793588,
16.55,-0.4253143966,-0.4472121825,
16.584,-0.4167353213,-0.4307701147,
16.617,-0.4056458175,-0.4167353213,
16.65,-0.3841061294,-0.399826737,
16.684,-0.3722527027,-0.3841061294,
16.717,-0.3625131547,-0.3754549796,
16.75,-0.3517478406,-0.3623346659,
16.784,-0.3341796398,-0.3544776682,
16.817,-0.3245215714,-0.3341796398,
16.85,-0.3164589405,-0.3271307586,
16.891,-0.3039889634,-0.3144036655,
16.917,-0.2984548509,-0.3053025301,
16.95,-0.2952937484,-0.2975103228,
16.984,-0.2949208915,-0.2952032117,
17.017,-0.2988786995,-0.2949310844,
17.05,-0.3026808798,-0.2990550951,
17.084,-0.3030544221,-0.3018300928,
17.117,-0.3014421761,-0.302232193,
17.15,-0.3057546914,-0.3010555052,
17.184,-0.3294119835,-0.3087473048,
17.217,-0.3449608684,-0.3260134325,
17.251,-0.3648341298,-0.3482422652,
17.284,-0.367284447,-0.3627466416,
17.317,-0.3696439564,-0.3680423705,
17.35,-0.3743470013,-0.3697644439,
17.384,-0.374917835,-0.3745012156,
17.417,-0.3872455657,-0.374917835,
17.45,-0.3918055296,-0.3886810208,
17.484,-0.3956886232,-0.3920090821,
17.517,-0.3909502029,-0.3944368742,
17.55,-0.3851164281,-0.3909785676,
17.584,-0.3573671281,-0.3776197824,
17.617,-0.3401784897,-0.3573671281,
17.65,-0.3114549518,-0.3448221071,
17.684,-0.2982898057,-0.3114549518,
17.717,-0.2746998668,-0.2919168371,
17.75,-0.2356635928,-0.2746998668,
17.784,-0.2130184472,-0.2462094847,
17.817,-0.1920071989,-0.2130184472,
17.85,-0.170960933,-0.1976835182,
17.884,-0.1396205425,-0.1655435027,
17.917,-0.1313035041,-0.1426699134,
17.95,-0.1167011485,-0.1286182424,
17.984,-0.1012363359,-0.1179608038,
18.017,-0.1015791073,-0.1012363359,
18.05,-0.09539314359,-0.09964061414,
18.084,-0.0909255594,-0.09512582692,
18.117,-0.07955864072,-0.08785471571,
18.15,-0.06514210254,-0.07955864072,
18.184,-0.03765644878,-0.06903681988,
18.217,-0.02252984792,-0.03759951716,
18.25,-0.005872928537,-0.02655946148,
18.284,0.02062802203,-0.001905306077,
18.317,0.03105665557,0.01743624807,
18.35,0.03397224844,0.03184534965,
18.384,0.03057476506,0.03397327699,
18.417,0.0306677334,0.03093398913,
18.45,0.03095914237,0.0310018415,
18.484,0.02496104687,0.03121452452,
18.517,0.02746175043,0.02496104687,
18.55,0.03393424302,0.02678616983,
18.584,0.04068222269,0.0352943965,
18.617,0.04186020046,0.04021936755,
18.65,0.04186962545,0.04186274668,
18.684,0.03826037049,0.04186962545,
18.717,0.03852504492,0.03923543314,
18.75,0.04439329728,0.03852504492,
18.784,0.0460996069,0.04280795246,
18.817,0.0523273237,0.0470948209,
18.85,0.05462862551,0.05164008133,
18.884,0.0577561222,0.0559416337,
18.917,0.07379744947,0.05822421773,
18.95,0.07993746549,0.07545621294,
18.985,0.08543799073,0.07993746549,
19.017,0.08530808985,0.08395198966,
19.05,0.08302082866,0.08530808985,
19.084,0.08227802813,0.08363874648,
19.117,0.0810347572,0.08221804608,
19.15,0.0872213766,0.08131065251,
19.184,0.09394294024,0.08903724877,
19.217,0.1074020267,0.09394294024,
19.25,0.1157756001,0.1037659709,
19.284,0.1272747517,0.1157756001,
19.317,0.1557296515,0.1241681844,
19.351,0.171207726,0.1557296515,
19.384,0.2032363415,0.167026228,
19.417,0.2190307677,0.2044069013,
19.45,0.2341360897,0.2159343652,
19.484,0.2415868193,0.2346720273,
19.517,0.2432902902,0.2401098961,
19.55,0.2476872355,0.2413531637,
19.584,0.2535635829,0.2476872355,
19.617,0.2486261278,0.2519760511,
19.65,0.2401288748,0.2486261278,
19.684,0.2240959406,0.2424244605,
19.717,0.2105981559,0.2240959406,
19.75,0.182009846,0.2142446662,
19.785,0.1724743545,0.1810174328,
19.817,0.1639565378,0.1740580136,
19.85,0.1518197656,0.1618330564,
19.884,0.1461862922,0.1529751085,
19.917,0.144201234,0.1467337834,
19.95,0.1366153061,0.145285001,
19.984,0.1225546747,0.1340946589,
20.017,0.1251705438,0.1238325944,
20.05,0.1276666373,0.1261019363,
20.084,0.1309453994,0.1279236946,
20.117,0.1367338598,0.1303166788,
20.15,0.155052036,0.1390405683,
20.184,0.1701396555,0.1524099755,
20.217,0.209456265,0.1751620536,
20.251,0.2240445465,0.2038570368,
20.284,0.2373416573,0.2276368436,
20.317,0.2733623385,0.2373416573,
20.35,0.2954251766,0.2793227513,
20.384,0.337279886,0.2954251766,
20.417,0.3548476398,0.3259725763,
20.45,0.3726732433,0.3548476398,
20.484,0.3886449933,0.3678575458,
20.518,0.4218699336,0.3925451875,
20.552,0.4329828024,0.4167942038,
20.585,0.449329555,0.4385721154,
20.617,0.4640350044,0.4505026913,
20.65,0.4840528369,0.4612353722,
20.684,0.4907097518,0.4840528369,
20.717,0.4960621595,0.4889113449,
20.75,0.5019994974,0.4976661682,
20.788,0.5178759694,0.5019994974,
20.817,0.5240588188,0.5135868419,
20.85,0.5311047435,0.5235196405,
20.884,0.5383161902,0.5286620649,
20.918,0.5459949374,0.538516329,
20.95,0.5467774868,0.544120615,
20.984,0.5531200767,0.5478699009,
21.017,0.551815331,0.5524990007,
21.05,0.5528794527,0.5515606689,
21.084,0.547845602,0.5523373115,
21.117,0.5370634794,0.5472811588,
21.15,0.519567728,0.5394118936,
21.185,0.5037066936,0.5152827711,
21.217,0.4852703214,0.5037066936,
21.251,0.4678423405,0.4902510219,
21.284,0.4511075318,0.463598131,
21.317,0.4158800244,0.4513843349,
21.35,0.3903789818,0.4089907594,
21.384,0.3754307032,0.3903789818,
21.417,0.356335789,0.3794690735,
21.45,0.3556161225,0.356335789,
21.484,0.3498633802,0.3558105449,
21.517,0.3525158465,0.3502126368,
21.55,0.3539061248,0.3521485228,
21.591,0.3533081412,0.3531632088,
21.617,0.3505611122,0.3533081412,
21.651,0.3491978943,0.3513032391,
21.684,0.3464821875,0.3484642293,
21.717,0.3348285258,0.3464821875,
21.75,0.3331877291,0.3337764405,
21.784,0.325734973,0.3325789153,
21.817,0.3172544539,0.3271395675,
21.85,0.3017134666,0.3146953537,
21.884,0.2955349982,0.3033528607,
21.917,0.2934827805,0.2946792274,
21.95,0.2875585556,0.293181429,
21.984,0.2868463397,0.2870615177,
22.017,0.2886581421,0.2865417114,
22.05,0.2921047509,0.2895892649,
22.084,0.2971217334,0.2921047509,
22.117,0.3090353906,0.2957663644,
22.15,0.3161111474,0.3093331512,
22.184,0.3320172429,0.3144973483,
22.217,0.3393349648,0.3320313568,
22.25,0.3624984622,0.3373721506,
22.284,0.3777446747,0.3632440673,
22.317,0.399868995,0.3743714208,
22.35,0.4496564269,0.4069649767,
22.384,0.4696125388,0.4433020246,
22.417,0.4849606752,0.4737589332,
22.45,0.5118075609,0.4849606752,
22.484,0.5243992805,0.5152092922,
22.518,0.5506978035,0.5243992805,
22.55,0.5636446476,0.5435930942,
22.584,0.573412478,0.5635537486,
22.617,0.595390141,0.5706827389,
22.65,0.6119118333,0.595390141,
22.684,0.6114320755,0.6117822237,
22.717,0.6138724685,0.6114320755,
22.75,0.625911057,0.6171247679,
22.784,0.6253222823,0.625911057,
22.817,0.6310814619,0.6268781605,
22.85,0.6316174269,0.6310814619,
22.884,0.6290509105,0.6314726326,
22.917,0.6110523939,0.6271092149,
22.95,0.5735957623,0.6139731094,
22.984,0.5583959818,0.5735957623,
23.017,0.51602,0.5625022969,
23.05,0.4850665331,0.514471368,
23.084,0.4582505226,0.4918801725,
23.117,0.430642128,0.4492659435,
23.15,0.3904817104,0.4291161282,
23.184,0.3744817972,0.3861592345,
23.217,0.3508048356,0.3744817972,
23.25,0.3398720324,0.3478512709,
23.284,0.3336283565,0.3398720324,
23.317,0.3407016993,0.3353151243,
23.35,0.345248282,0.3405634829,
23.384,0.3528943658,0.343881778,
23.417,0.3717462718,0.3555769404,
23.45,0.3822416663,0.3693358869,
23.484,0.3884010613,0.3838170769,
23.517,0.3860859573,0.388312473,
23.55,0.383694917,0.3860859573,
23.585,0.3771896064,0.3843408714,
23.617,0.3502347767,0.3741633387,
23.65,0.3345609605,0.3544905237,
23.684,0.320353508,0.330722729,
23.717,0.3000041842,0.320353508,
23.75,0.2876664102,0.2966710579,
23.784,0.2523095608,0.2876664102,
23.817,0.2202147245,0.2478589084,
23.85,0.2040328085,0.2244346916,
23.884,0.1899720132,0.2126244207,
23.917,0.1601448059,0.1894278874,
23.95,0.1396233588,0.1676586854,
23.984,0.1165430248,0.1396233588,
24.017,0.07482074201,0.1227783204,
24.05,0.05383341014,0.07417797391,
24.084,0.03307113796,0.05886050012,
24.117,0.01785983704,0.02838821365,
24.15,-0.002119568177,0.01728634016,
24.184,-0.01425396465,-0.004468574889,
24.217,-0.01282145269,-0.01332478878,
24.25,-0.01318804547,-0.01253093348,
24.284,-0.01303074975,-0.01279848895,
24.317,-0.01214239467,-0.0127907551,
24.35,-0.01389728673,-0.01214239467,
24.384,-0.02037842013,-0.01564820518,
24.417,-0.04131249338,-0.02037842013,
24.45,-0.05983512104,-0.0463164963,
24.484,-0.1054261625,-0.05983512104,
24.517,-0.1290494949,-0.1118817855,
24.55,-0.1686594486,-0.1291231279,
24.592,-0.2105586231,-0.174631423,
24.617,-0.2277873755,-0.2052112752,
24.65,-0.2423162162,-0.2314546904,
24.684,-0.2663444281,-0.2420584745,
24.717,-0.2719569504,-0.2686553716,
24.75,-0.2749402821,-0.2727516362,
24.784,-0.282250762,-0.2762743796,
24.817,-0.2964220047,-0.2816098879,
24.85,-0.3066230714,-0.2991778862,
24.884,-0.3242822886,-0.3066230714,
24.917,-0.3330001235,-0.3261596786,
24.95,-0.3391284347,-0.3325223362,
24.984,-0.362149328,-0.3369950461,
25.017,-0.3663010597,-0.362149328,
25.05,-0.3609965742,-0.3651794436,
25.084,-0.3595260978,-0.3609965742,
25.117,-0.3595000207,-0.3599233561,
25.15,-0.3520483673,-0.3588481648,
25.184,-0.3508137465,-0.3534096218,
25.217,-0.3516214192,-0.3510319443,
25.25,-0.3627831936,-0.3516214192,
25.284,-0.369974494,-0.363663086,
25.317,-0.3790929317,-0.368911612,
25.35,-0.379296273,-0.3791478656,
25.384,-0.3883261681,-0.379296273,
25.417,-0.394916594,-0.3911852026,
25.45,-0.4148952663,-0.3959951841,
25.484,-0.4278939664,-0.4105764939,
25.517,-0.4421046674,-0.4278939664,
25.55,-0.4751008153,-0.4382655583,
25.584,-0.4922877848,-0.4759815451,
25.617,-0.5155133605,-0.488525348,
25.65,-0.5286934376,-0.5190740402,
25.684,-0.539226532,-0.5286934376,
25.717,-0.5668820143,-0.5363809511,
25.75,-0.5875987411,-0.5667953181,
25.784,-0.598444283,-0.5819152924,
25.817,-0.6131505966,-0.602417285,
25.85,-0.6340450048,-0.6131505966,
25.884,-0.6440963149,-0.6356099165,
25.917,-0.6459966302,-0.6429458027,
25.95,-0.647106111,-0.6462963633,
25.984,-0.6412960291,-0.647106111,
26.017,-0.6358239055,-0.6411345204,
26.05,-0.6285771728,-0.6371407249,
26.084,-0.619645834,-0.6245681171,
26.117,-0.6000440717,-0.618049635,
26.15,-0.5815905333,-0.6037434106,
26.184,-0.5576469898,-0.5797043915,
26.217,-0.5321481824,-0.5622293451,
26.25,-0.5150507092,-0.5307323966,
26.284,-0.5077987313,-0.518253912,
26.317,-0.5009213686,-0.5069564545,
26.35,-0.4978761971,-0.501937054,
26.384,-0.4939312339,-0.4968104408,
26.417,-0.4945358038,-0.4939312339,
26.45,-0.4993737042,-0.4943724755,
26.486,-0.5021213293,-0.4993737042,
26.517,-0.5076050162,-0.5013790413,
26.55,-0.5227006674,-0.5092542731,
26.584,-0.5300853252,-0.5202717404,
26.617,-0.5487112999,-0.5331657298,
26.65,-0.5582643747,-0.5467597817,
26.684,-0.564848721,-0.5600431768,
26.717,-0.5788543224,-0.564848721,
26.75,-0.5913687348,-0.5822351687,
26.784,-0.5969033837,-0.5913687348,
26.817,-0.6084242463,-0.595408164,
26.851,-0.6045171618,-0.6077539287,
26.884,-0.6051985621,-0.6049023674,
26.918,-0.5872566104,-0.6032767371,
26.95,-0.5743869543,-0.5901819151,
26.984,-0.546916604,-0.5706940081,
27.017,-0.5326489806,-0.5506449436,
27.05,-0.5155548453,-0.5280308938,
27.084,-0.4835117459,-0.5155548453,
27.117,-0.4788025618,-0.4829567066,
27.15,-0.4758554101,-0.4795197378,
27.184,-0.4727857113,-0.475447194,
27.217,-0.4689481258,-0.4732067934,
27.25,-0.4727752507,-0.4704059555,
27.284,-0.4801598489,-0.4727752507,
27.317,-0.5089038014,-0.4781648538,
27.35,-0.5236286521,-0.5089038014,
27.384,-0.5370227098,-0.5196506422,
27.417,-0.5493832827,-0.5411694424,
27.45,-0.5697627068,-0.5501907297,
27.484,-0.5809907913,-0.5727960435,
27.517,-0.5895608068,-0.5809907913,
27.55,-0.6078011394,-0.5944885459,
27.584,-0.6130385399,-0.6078011394,
27.617,-0.6183077097,-0.6116236236,
27.65,-0.6068140268,-0.6176011452,
27.684,-0.57732898,-0.6092125522,
27.717,-0.5647634268,-0.57732898,
27.75,-0.5341568589,-0.568158089,
27.784,-0.5205528736,-0.5342957757,
27.817,-0.5037172437,-0.5243669916,
27.85,-0.4988443851,-0.5028592024,
27.884,-0.4781760275,-0.4993027769,
27.917,-0.4662484229,-0.4783107255,
27.95,-0.4293783307,-0.4696054373,
27.984,-0.4030122757,-0.4293783307,
28.017,-0.3507820964,-0.4101352292,
28.053,-0.3240685761,-0.3504062062,
28.084,-0.2748370767,-0.3309095093,
28.117,-0.2433485389,-0.2737278434,
28.15,-0.1941304058,-0.2507461297,
28.184,-0.1693112105,-0.1931679635,
28.217,-0.1416162848,-0.175053828,
28.25,-0.09521368891,-0.1344062325,
28.284,-0.07853551954,-0.1005395861,
28.317,-0.04854631051,-0.07398501819,
28.35,-0.03724001348,-0.05209758027,
28.384,-0.03039212711,-0.03541564268,
28.417,-0.03415187076,-0.03041775535,
28.45,-0.03845236078,-0.03516169482,
28.484,-0.04998113215,-0.03830038074,
28.517,-0.05871054903,-0.05233943835,
28.55,-0.07085090131,-0.05871054903,
28.584,-0.09871638566,-0.06757110972,
28.618,-0.1146078631,-0.0988292888,
28.65,-0.1285884678,-0.1104275849,
28.684,-0.1396635026,-0.130458189,
28.717,-0.1460552663,-0.1385412343,
28.75,-0.1580094099,-0.1479648815,
28.784,-0.1607719958,-0.156689539,
28.817,-0.1626244187,-0.1587057951,
28.85,-0.165976584,-0.1628819954,
28.885,-0.1728148758,-0.1653285523,
28.917,-0.1784892678,-0.1743478481,
28.95,-0.1796249747,-0.1784892678,
28.984,-0.1667069495,-0.1793181565,
29.017,-0.1619510651,-0.1667069495,
29.05,-0.1637627631,-0.1632358968,
29.084,-0.1650437415,-0.1637315362,
29.117,-0.1676568985,-0.1646664503,
29.15,-0.1733268946,-0.1682927968,
29.184,-0.1784695089,-0.1724310083,
29.217,-0.1741718799,-0.178238421,
29.25,-0.172270745,-0.1751018231,
29.284,-0.1786388606,-0.173991131,
29.317,-0.1975248605,-0.1786388606,
29.35,-0.2051901668,-0.1924226903,
29.384,-0.2154283524,-0.2054850692,
29.417,-0.2294073701,-0.2129573453,
29.45,-0.2367257178,-0.2298545343,
29.485,-0.2415048629,-0.2351957849,
29.517,-0.2457711101,-0.2423833987,
29.55,-0.2492196858,-0.2454970927,
29.584,-0.2552928329,-0.2502780591,
29.617,-0.2548798025,-0.2547105077,
29.65,-0.2493180037,-0.2529425592,
29.684,-0.2358366996,-0.2488833149,
29.717,-0.2345977128,-0.2357903363,
29.75,-0.2376431525,-0.2348860694,
29.784,-0.2342661619,-0.2371087647,
29.817,-0.235937342,-0.2342661619,
29.85,-0.2371857017,-0.2354858624,
29.884,-0.2376803756,-0.2373193409,
29.917,-0.2361779362,-0.2376803756,
29.95,-0.2339703292,-0.2365838295,
29.984,-0.2295893282,-0.2339703292,
30.017,-0.2175617367,-0.2307728828,
30.05,-0.2114917636,-0.217385627,
30.084,-0.2055897713,-0.2129554948,
30.117,-0.1955174357,-0.2028686672,
30.15,-0.1860911399,-0.1955174357,
30.184,-0.1670209318,-0.1886377123,
30.217,-0.1553320587,-0.1670209318,
30.25,-0.1409269273,-0.1584898804,
30.284,-0.1022206172,-0.1355465451,
30.317,-0.0747942701,-0.1072969851,
30.35,-0.04585323483,-0.06697566964,
30.384,0.02398534864,-0.04585323483,
30.417,0.06530658901,0.03514853841,
30.45,0.1401792914,0.06530658901,
30.484,0.1764905304,0.1514829619,
30.517,0.2101869434,0.1779844942,
30.55,0.2780870795,0.2025776119,
30.584,0.3064406812,0.2780870795,
30.617,0.3631729186,0.2987807796,
30.65,0.3876661956,0.3637839948,
30.684,0.4409724176,0.3816602609,
30.717,0.4684985578,0.4420748475,
30.75,0.492054224,0.4621646299,
30.784,0.5441922545,0.4998355309,
30.817,0.5669353008,0.5378881486,
30.85,0.6113283038,0.573674498,
30.884,0.6352112293,0.6060744555,
30.917,0.6806454062,0.641338674,
30.95,0.7002057433,0.6744985258,
30.984,0.7231450081,0.7064029282,
31.017,0.7674387693,0.7231450081,
31.05,0.7864763737,0.7725818964,
31.084,0.8270334005,0.7864763737,
31.117,0.8455289602,0.8320300909,
31.15,0.8852892518,0.8455289602,
31.184,0.9083955884,0.874547762,
31.217,0.9243515134,0.9079042508,
31.25,0.9652563334,0.9195495836,
31.284,0.9856291413,0.9652563334,
31.317,1.015495062,0.9801253007,
31.35,1.032270551,1.016582049,
31.384,1.051336288,1.028825536,
31.417,1.070701718,1.05656798,
31.45,1.110305667,1.070701718,
31.484,1.12702179,1.099606414,
31.517,1.139001012,1.12702179,
31.55,1.156367779,1.135764751,
31.584,1.187373161,1.160508199,
31.617,1.203107595,1.183137285,
31.65,1.21247983,1.206868768,
31.684,1.238260508,1.213709035,
31.717,1.24665761,1.232524903,
31.75,1.257471204,1.247752874,
31.784,1.282120466,1.255645109,
31.818,1.294861674,1.281598711,
31.85,1.305852294,1.290897802,
31.884,1.325467587,1.307980699,
31.917,1.330685019,1.322296798,
31.95,1.346096516,1.333874422,
31.984,1.359261274,1.345122407,
32.017,1.372167706,1.360199957,
32.05,1.382964611,1.369619637,
32.084,1.402742982,1.386345055,
32.119,1.41394031,1.400780176,
32.15,1.421784997,1.417037188,
32.184,1.441372156,1.422762584,
32.217,1.448395133,1.442913687,
32.25,1.459044218,1.448039363,
32.284,1.460541844,1.460324952,
32.317,1.471234798,1.461417985,
32.35,1.476261258,1.472592728,
32.384,1.491742611,1.476261258,
32.417,1.495341539,1.492714884,
32.45,1.500591397,1.495341539,
32.484,1.504735708,1.501036665,
32.517,1.509705186,1.504061365,
32.55,1.517421007,1.511789663,
32.584,1.522949576,1.517421007,
32.617,1.528380275,1.523807682,
32.65,1.540733218,1.527771244,
32.684,1.547473073,1.541753541,
32.717,1.563122034,1.546672582,
32.75,1.567129135,1.563188989,
32.784,1.570629597,1.566113546,
32.817,1.581321001,1.571914614,
32.85,1.588577271,1.579717669,
32.884,1.588740349,1.588621327,
32.917,1.595247984,1.588740349,
32.95,1.59307301,1.594660401,
32.984,1.601778388,1.59307301,
33.017,1.599108338,1.599426576,
33.05,1.601264119,1.599108338,
33.084,1.602258563,1.600681722,
33.117,1.60777998,1.603833201,
33.15,1.60819912,1.607862972,
33.184,1.6106354,1.609487454,
33.217,1.61642766,1.611265558,
33.25,1.618883967,1.615493003,
33.284,1.61676836,1.617909891,
33.317,1.618614793,1.616365828,
33.35,1.622349501,1.619450935,
33.384,1.625423908,1.622176688,
33.417,1.626986265,1.624764895,
33.45,1.627792597,1.625905171,
33.484,1.632890105,1.628567839,
33.517,1.630049586,1.632288224,
33.55,1.632624865,1.631371188,
33.584,1.637485623,1.633250739,
33.617,1.641749024,1.636798334,
33.65,1.644246459,1.641230007,
33.684,1.646143794,1.643052744,
33.717,1.64918077,1.646953721,
33.751,1.651212335,1.649170239,
33.784,1.654816389,1.652185992,
33.817,1.659483314,1.654816389,
33.85,1.658510804,1.658222515,
33.884,1.662473559,1.659078194,
33.917,1.664109945,1.661970386,
33.95,1.667686582,1.665076196,
33.984,1.664954782,1.667686582,
34.017,1.667131305,1.664577982,
34.05,1.666682482,1.666166503,
34.084,1.672399879,1.667470992,
34.117,1.674640775,1.671643799,
34.15,1.673597932,1.673279303,
34.184,1.675412655,1.673597932,
34.217,1.677231193,1.674922396,
34.25,1.67952311,1.676223204,
34.284,1.677085638,1.677895946,
34.317,1.678361893,1.677472003,
34.35,1.680337667,1.67840347,
34.384,1.683232188,1.68111964,
34.417,1.682532907,1.683232188,
34.45,1.686250329,1.682721822,
34.484,1.690636754,1.687058774,
34.517,1.68991363,1.690260179,
34.55,1.692483425,1.690409235,
34.584,1.690115452,1.692284784,
34.618,1.69324863,1.690728315,
34.65,1.695501566,1.693015046,
34.684,1.701699853,1.696561888,
34.717,1.705932021,1.701085669,
34.75,1.710396767,1.706726296,
34.784,1.713343263,1.709984863,
34.817,1.716781378,1.714272091,
34.85,1.720115542,1.716781378,
34.884,1.722096205,1.720650631,
34.917,1.72024703,1.722096205,
34.95,1.72243309,1.720746596,
34.984,1.723191261,1.72243309,
35.017,1.722821474,1.722986437,
35.05,1.720278263,1.722934675,
35.084,1.726914406,1.721078528,
35.117,1.727260351,1.726448301,
35.15,1.728309274,1.726700787,
35.184,1.730676651,1.728948835,
35.217,1.727725387,1.730676651,
35.25,1.730111361,1.728522689,
35.284,1.740804434,1.731235352,
35.317,1.741203427,1.739039625,
35.35,1.745088339,1.74225296,
35.384,1.747924685,1.745088339,
35.417,1.749018312,1.747158429,
35.45,1.751345396,1.749018312,
35.484,1.752852917,1.75071672,
35.517,1.759872317,1.753658625,
35.55,1.76005733,1.758781691,
35.584,1.762903929,1.760826356,
35.617,1.768861651,1.762903929,
35.65,1.768440366,1.767252136,
35.684,1.77912426,1.769018512,
35.717,1.783820033,1.776816086,
35.75,1.788689971,1.783501975,
35.784,1.791709423,1.787056269,
35.817,1.794363856,1.791709423,
35.85,1.796586871,1.793646745,
35.884,1.802445531,1.797583266,
35.917,1.80005753,1.801859172,
35.95,1.801659822,1.801152988,
35.984,1.806637168,1.802322411,
36.017,1.80887711,1.80670116,
36.05,1.810815811,1.808335968,
36.084,1.811789036,1.809750916,
36.117,1.814649582,1.812351853,
36.15,1.81635201,1.815625075,
36.184,1.822530866,1.816867582,
36.217,1.825380445,1.823300697,
36.25,1.831164002,1.825380445,
36.284,1.830228806,1.830911353,
36.317,1.831889987,1.830228806,
36.35,1.835750222,1.831441209,
36.384,1.834476352,1.835750222,
36.417,1.840364099,1.834820496,
36.45,1.837006211,1.839948781,
36.484,1.839928985,1.837498048,
36.517,1.849437952,1.841097258,
36.55,1.852605939,1.848037319,
36.584,1.858180761,1.853183924,
36.617,1.857816339,1.857252674,
36.65,1.866219997,1.859235844,
36.684,1.874332428,1.865369202,
36.717,1.879662275,1.873770255,
36.75,1.882986188,1.877660211,
36.784,1.892009258,1.883731318,
36.817,1.892243505,1.89031675,
36.85,1.895407438,1.893098261,
36.884,1.899196744,1.895407438,
36.917,1.903025985,1.900231237,
36.95,1.906200647,1.903025985,
36.984,1.909701705,1.907609815,
37.017,1.913133979,1.91016504,
37.05,1.919959307,1.912670064,
37.084,1.923443794,1.919959307,
37.117,1.926238656,1.922502438,
37.15,1.93087244,1.926720252,
37.184,1.932898164,1.93010219,
37.217,1.935606241,1.933629768,
37.25,1.941464901,1.935606241,
37.284,1.944702864,1.942339657,
37.317,1.947476983,1.944702864,
37.35,1.951919794,1.946727537,
37.384,1.95345974,1.951919794,
37.418,1.957644105,1.953043714,
37.45,1.958086967,1.95749171,
37.484,1.960274696,1.957814931,
37.517,1.962808013,1.960959088,
37.55,1.963470101,1.962808013,
37.584,1.966787696,1.96404258,
37.617,1.970984936,1.966463906,
37.65,1.971615076,1.969527235,
37.684,1.974127889,1.971615076,
37.717,1.976772666,1.973449037,
37.75,1.980096459,1.977123412,
37.784,1.98687017,1.979549262,
37.817,1.989109159,1.98687017,
37.85,1.993313193,1.988504282,
37.884,1.994518995,1.993313193,
37.917,1.999658346,1.99419324,
37.95,2.003903151,2.000116045,
37.984,2.007711649,2.00321409,
38.017,2.010661125,2.007711649,
38.05,2.017705441,2.012564191,
38.084,2.020364285,2.017705441,
38.117,2.024748087,2.019645981,
38.15,2.030309439,2.02579894,
38.184,2.033401251,2.029857858,
38.217,2.037598848,2.03350843,
38.25,2.036662817,2.03657202,
38.284,2.038321972,2.037560954,
38.317,2.043864965,2.038771878,
38.35,2.045411348,2.04428273,
38.384,2.04773736,2.045411348,
38.417,2.050986528,2.047108974,
38.45,2.050889015,2.050539135,
38.484,2.053755045,2.050467965,
38.517,2.055730343,2.054198896,
38.55,2.057528734,2.055640555,
38.584,2.058297396,2.058241305,
38.618,2.061022282,2.058802308,
38.65,2.060213089,2.060791049,
38.684,2.060966969,2.060183976,
38.717,2.06106329,2.06073419,
38.75,2.062841654,2.060804489,
38.784,2.064129829,2.063176201,
38.819,2.061151743,2.064116368,
38.85,2.058656216,2.061151743,
38.884,2.056728601,2.059330398,
38.917,2.055833101,2.056989077,
38.95,2.054922819,2.056335501,
38.984,2.052979231,2.054479612,
39.017,2.053692579,2.053061096,
39.05,2.052582979,2.053392814,
39.084,2.053366184,2.052582979,
39.117,2.055790901,2.054021237,
39.15,2.056799412,2.055790901,
39.184,2.062148333,2.056526956,
39.217,2.064136028,2.061809148,
39.25,2.066972733,2.063259856,
39.284,2.069816828,2.066590393,
39.317,2.072638273,2.068666138,
39.35,2.07530427,2.073358509,
39.384,2.08047533,2.07530427,
39.417,2.085280895,2.079078336,
39.45,2.08757472,2.085280895,
39.484,2.090651512,2.086955029,
39.517,2.093052387,2.091300123,
39.55,2.097950935,2.093052387,
39.584,2.098284006,2.096627562,
39.617,2.099254131,2.098714331,
39.65,2.103244066,2.100041418,
39.684,2.106571913,2.102953447,
39.717,2.112103462,2.10722967,
39.75,2.114811897,2.111266837,
39.784,2.114727259,2.115071921,
39.817,2.116527796,2.115010149,
39.85,2.117676735,2.116324259,
39.884,2.11954689,2.118068543,
39.917,2.12278223,2.119433464,
39.95,2.124967098,2.123062222,
39.984,2.127161741,2.124656834,
40.017,2.130499125,2.128063356,
40.05,2.132091999,2.130499125,
40.084,2.135066509,2.131661674,
40.117,2.139294386,2.136208696,
40.15,2.144774675,2.139294386,
40.184,2.147736549,2.143294141,
40.217,2.150215626,2.147736549,
40.25,2.153771162,2.149545888,
40.284,2.155813456,2.153771162,
40.317,2.156799793,2.155261717,
40.35,2.158010244,2.156799793,
40.384,2.160810947,2.157683233,
40.417,2.163566828,2.161059571,
40.45,2.16660428,2.163070933,
40.484,2.166269064,2.16660428,
40.517,2.17043829,2.166359625,
40.55,2.173325539,2.17043829,
40.584,2.174473047,2.17254553,
40.617,2.180128336,2.175388317,
40.65,2.182370424,2.179515794,
40.684,2.184830427,2.183035009,
40.717,2.187529802,2.184830427,
40.75,2.187200546,2.187440852,
40.784,2.189215899,2.187200546,
40.817,2.189142466,2.188671439,
40.85,2.190088511,2.189409124,
40.884,2.190073013,2.190099589,
40.917,2.190008879,2.190336516,
40.95,2.191209078,2.190289707,
40.984,2.191576958,2.191428395,
41.017,2.192538738,2.19169689,
41.05,2.194448471,2.193065614,
41.084,2.195846081,2.194459421,
41.117,2.19749403,2.196492309,
41.15,2.198551416,2.197695054,
41.184,2.199951172,2.198929569,
41.217,2.201117039,2.199951172,
41.25,2.20269227,2.200802073,
41.284,2.203852177,2.20269227,
41.317,2.204428911,2.203538821,
41.35,2.207177162,2.204610291,
41.384,2.2063241,2.206616084,
41.417,2.209162474,2.206895935,
41.45,2.209494829,2.208967504,
41.484,2.210947275,2.209887216,
41.517,2.214226484,2.210947275,
41.55,2.215382099,2.214403355,
41.584,2.216075897,2.215246773,
41.617,2.218353033,2.215753137,
41.65,2.218796968,2.218353033,
41.684,2.221443176,2.218677037,
41.717,2.222269058,2.221648516,
41.75,2.222429037,2.222251281,
41.784,2.224162102,2.222897235,
41.817,2.227881193,2.224162102,
41.85,2.228805065,2.22790554,
41.884,2.228321075,2.228579822,
41.917,2.230448723,2.228226586,
41.95,2.231196404,2.230668942,
41.984,2.231739283,2.231214632,
42.017,2.231533289,2.231433334,
42.05,2.230111361,2.231282991,
42.084,2.230491638,2.230245205,
42.117,2.23086834,2.230749408,
42.15,2.232218742,2.231024341,
42.184,2.233557701,2.232079809,
42.217,2.23417902,2.23305704,
42.25,2.234174967,2.234177925,
42.284,2.235947371,2.234174967,
42.317,2.237177134,2.236176735,
42.35,2.239160538,2.23707427,
42.384,2.239331484,2.238521846,
42.417,2.240757465,2.239331484,
42.45,2.24199152,2.240372228,
42.484,2.243016243,2.242268355,
42.517,2.246637344,2.243016243,
42.55,2.247984171,2.247001198,
42.584,2.249163628,2.247984171,
42.617,2.250921249,2.24884499,
42.65,2.252447605,2.251170131,
42.684,2.252968073,2.252284132,
42.717,2.253031969,2.253147069,
42.75,2.24951601,2.253193703,
42.784,2.247555733,2.249210512,
42.817,2.246953249,2.247779816,
42.85,2.244466066,2.247340097,
42.884,2.243106127,2.244466066,
42.918,2.241827965,2.243473523,
42.95,2.242265224,2.241946093,
42.984,2.240440845,2.242265224,
43.017,2.242156744,2.240933713,
43.051,2.241631508,2.24234727,
43.086,2.241668224,2.241963929,
43.117,2.241801739,2.241990727,
43.15,2.242470741,2.242049976,
43.184,2.241845846,2.242301922,
43.218,2.243886232,2.241845846,
43.25,2.244492292,2.244049963,
43.284,2.24557662,2.244492292,
43.317,2.246420622,2.245804632,
43.35,2.248322964,2.246420622,
43.384,2.249147654,2.247809034,
43.417,2.250106573,2.249177218,
43.45,2.251380205,2.249877079,
43.484,2.253419638,2.25182747,
43.517,2.255206108,2.253315937,
43.55,2.255282402,2.254058845,
43.584,2.256162643,2.255418372,
43.617,2.257463694,2.256060811,
43.65,2.25855422,2.257463694,
43.684,2.258618832,2.258259608,
43.717,2.261021852,2.259089928,
43.75,2.260536671,2.260843758,
43.784,2.261573792,2.261051309,
43.817,2.263442993,2.261808245,
43.85,2.265039444,2.263717252,
43.884,2.265887737,2.264882412,
43.917,2.26581049,2.265501533,
43.95,2.26693964,2.266004815,
43.984,2.268995523,2.266828919,
44.017,2.269698381,2.268995523,
44.05,2.271105289,2.2695085,
44.084,2.274106741,2.271524149,
44.117,2.276348352,2.27371474,
44.15,2.275972605,2.276246842,
44.184,2.276897669,2.275972605,
44.217,2.27704072,2.276795192,
44.25,2.276893616,2.276899597,
44.284,2.278305531,2.277155443,
44.317,2.278146744,2.278185921,
44.35,2.278611898,2.278272408,
44.384,2.27837801,2.278611898,
44.418,2.279598713,2.27870779,
44.45,2.280431271,2.279598713,
44.484,2.281889439,2.28020635,
44.517,2.282939672,2.281751472,
44.55,2.283107042,2.282517978,
44.584,2.283545017,2.283412476,
44.617,2.285094261,2.283732129,
44.65,2.285313368,2.285043828,
44.684,2.285314322,2.285203742,
44.717,2.286116123,2.285204438,
44.75,2.284993649,2.286116123,
44.784,2.282436371,2.285296892,
44.817,2.280772924,2.282158698,
44.85,2.280590057,2.280944642,
44.884,2.280184269,2.280453894,
44.917,2.280659437,2.280157732,
44.95,2.281317949,2.280640951,
44.984,2.281000376,2.281121562,
45.017,2.282042027,2.281452858,
45.05,2.281267881,2.2822131,
45.084,2.280042648,2.281648095,
45.117,2.278378487,2.279762206,
45.15,2.27833271,2.278547628,
45.184,2.277018785,2.27833271,
45.218,2.277183771,2.27737375,
45.25,2.278037786,2.277359611,
45.284,2.278679371,2.277982909,
45.317,2.280466318,2.279006704,
45.35,2.28184247,2.280310896,
45.384,2.283337116,2.282386672,
45.417,2.286012411,2.283477531,
45.45,2.287264347,2.286350629,
45.484,2.289692402,2.287264347,
45.517,2.290937185,2.289945019,
45.55,2.292954445,2.290853516,
45.584,2.294039011,2.293418907,
45.617,2.296215773,2.294210471,
45.65,2.297806501,2.296645518,
45.684,2.299052954,2.297806501,
45.717,2.300073624,2.299208118,
45.75,2.302006245,2.299953048,
45.784,2.302794695,2.302350646,
45.817,2.304649591,2.302926092,
45.85,2.305800915,2.304279877,
45.884,2.307612181,2.306195299,
45.917,2.307351351,2.30751724,
45.95,2.308139086,2.307564162,
45.984,2.309858799,2.308139086,
46.017,2.310598373,2.310164683,
46.05,2.311462879,2.310704457,
46.084,2.312433958,2.311335411,
46.117,2.313341379,2.312559687,
46.15,2.314405918,2.313221963,
46.184,2.315132141,2.314389043,
46.217,2.315063953,2.314919072,
46.25,2.315809011,2.315265235,
46.284,2.315922737,2.315809011,
46.317,2.315941095,2.315892013,
46.35,2.316497564,2.316055874,
46.384,2.316697836,2.31646201,
46.417,2.316476107,2.316429632,
46.45,2.315147161,2.316267804,
46.484,2.315920353,2.315297881,
46.518,2.316813707,2.316075839,
46.55,2.317350864,2.316727848,
46.584,2.317952871,2.317681611,
46.617,2.319052935,2.318120982,
46.65,2.321100473,2.318923856,
46.684,2.322759151,2.321253512,
46.717,2.322537184,2.322464088,
46.75,2.32194519,2.322377253,
46.784,2.320672274,2.32194519,
46.817,2.319628239,2.32101616,
46.85,2.31956625,2.319628239,
46.884,2.319302559,2.319582997,
46.917,2.319982529,2.319486257,
46.95,2.320824146,2.319982529,
46.987,2.321472406,2.320858026,
47.017,2.321812153,2.321331155,
47.05,2.322865963,2.322096846,
47.085,2.32391119,2.322865963,
47.117,2.325977802,2.323628815,
47.15,2.326808929,2.32589117,
47.184,2.327572584,2.326497763,
47.217,2.329148054,2.327760211,
47.25,2.330081701,2.328910058,
47.284,2.3303864,2.330311968,
47.318,2.332925797,2.330534351,
47.35,2.333944798,2.333139639,
47.384,2.334714174,2.33388335,
47.417,2.334794283,2.334444875,
47.45,2.335275412,2.334796731,
47.484,2.33555007,2.335147879,
47.517,2.33633852,2.335601984,
47.55,2.336972475,2.33617743,
47.584,2.335959196,2.33682343,
47.617,2.335242987,2.336083894,
47.65,2.33539176,2.33540369,
47.684,2.334922075,2.335512271,
47.717,2.334546804,2.334820694,
47.75,2.334470034,2.334546804,
47.784,2.335054159,2.334490774,
47.817,2.335341215,2.335054159,
47.85,2.334975719,2.335242474,
47.884,2.334786177,2.334975719,
47.917,2.334620953,2.33474154,
47.95,2.333965063,2.334620953,
47.984,2.333847761,2.334142256,
48.017,2.333499432,2.333945987,
48.05,2.334536791,2.334624196,
48.084,2.334264755,2.333691761,
48.118,2.334658623,2.334425652,
48.15,2.335319996,2.334837297,
48.184,2.336012602,2.335319996,
48.217,2.336214542,2.33582549,
48.25,2.336632252,2.336214542,
48.284,2.337263107,2.336519405,
48.317,2.337305069,2.33718195,
48.35,2.33754611,2.337212576,
48.384,2.337865114,2.337750097,
48.417,2.339164257,2.337982921,
48.45,2.340040922,2.339401094,
48.484,2.341351748,2.340040922,
48.517,2.341816187,2.341477219,
48.55,2.34221077,2.341816187,
48.584,2.342978001,2.342284648,
48.617,2.342990875,2.342844607,
48.65,2.342172384,2.342769755,
48.684,2.342081308,2.342172384,
48.717,2.340660334,2.341814585,
48.75,2.339271069,2.340777496,
48.784,2.339114904,2.33922888,
48.817,2.337740898,2.339114904,
48.85,2.337756634,2.337605057,
48.884,2.337781429,2.337616541,
48.917,2.33784008,2.337634638,
48.95,2.337862968,2.337916149,
48.984,2.338510752,2.337932854,
49.017,2.339193344,2.338647366,
49.05,2.338830948,2.339145552,
49.084,2.337902308,2.338716362,
49.117,2.338047743,2.3380386,
49.15,2.337073088,2.337859343,
49.185,2.337454081,2.337147997,
49.217,2.337409019,2.337441907,
49.25,2.337518692,2.337409019,
49.284,2.337209463,2.337435152,
49.317,2.337064266,2.337209463,
49.35,2.336897612,2.337019243,
49.384,2.336960316,2.336897612,
49.417,2.33764267,2.337079668,
49.45,2.338577271,2.33757768,
49.484,2.339452982,2.338813849,
49.518,2.340131283,2.339452982,
49.55,2.340759993,2.339948036,
49.584,2.341850281,2.341054541,
49.617,2.343027353,2.341850281,
49.65,2.343981981,2.343177558,
49.685,2.344620705,2.343874287,
49.717,2.345525503,2.344818766,
49.75,2.345998049,2.345479128,
49.785,2.346790314,2.346126418,
49.817,2.348722219,2.346704648,
49.85,2.349685192,2.348114637,
49.884,2.350620985,2.349685192,
49.917,2.353034973,2.350368175,
49.95,2.354207516,2.353018033,
49.984,2.355792522,2.353873806,
50.017,2.356450796,2.355761283,
50.05,2.355252028,2.35624172,
50.084,2.351062536,2.354609922,
50.117,2.350068808,2.351552247,
50.15,2.348854065,2.349740637,
50.184,2.347495317,2.348854065,
50.217,2.347168446,2.347862392,
50.25,2.346421242,2.347035374,
50.284,2.346354485,2.346490032,
50.317,2.344913483,2.345965189,
50.35,2.343868494,2.344913483,
50.384,2.343926668,2.34388421,
50.417,2.344338179,2.343926668,
50.45,2.344865561,2.344581585,
50.484,2.346867323,2.344966491,
50.517,2.347231388,2.346965677,
50.55,2.348062754,2.347231388,
50.584,2.349496603,2.347838155,
50.617,2.351726294,2.349496603,
50.65,2.353240967,2.351123929,
50.684,2.354692698,2.353347244,
50.717,2.356066465,2.35440678,
50.75,2.358306885,2.356399788,
50.784,2.359037161,2.358034945,
50.817,2.360827208,2.359309359,
50.85,2.361665487,2.360615813,
50.884,2.36254549,2.361903226,
50.917,2.363090515,2.36254549,
50.95,2.363858461,2.362943273,
50.984,2.36420083,2.36379141,
51.017,2.364646196,2.364041286,
51.05,2.365873098,2.364883291,
51.084,2.366564035,2.365778737,
51.117,2.367928505,2.366778393,
51.15,2.368090153,2.367774242,
51.184,2.368301868,2.368202613,
51.217,2.367632627,2.368357132,
51.25,2.367201805,2.36752255,
51.284,2.367262125,2.367208117,
51.317,2.367196321,2.36717253,
51.35,2.367618561,2.367124504,
51.384,2.367576361,2.367613215,
51.417,2.367876053,2.367582415,
51.45,2.36868763,2.368001846,
51.484,2.368735552,2.36859417,
51.517,2.369285583,2.368795904,
51.55,2.369376421,2.369197341,
51.584,2.369644165,2.369448754,
51.617,2.368250608,2.369644165,
51.65,2.367364645,2.367867367,
51.684,2.365607738,2.367220752,
51.717,2.365692616,2.365543779,
51.75,2.366011381,2.365605726,
51.784,2.366140127,2.365838375,
51.817,2.366340876,2.36612834,
51.85,2.367721558,2.366274855,
51.884,2.368333578,2.367849541,
51.917,2.369138718,2.36829622,
51.95,2.369954586,2.368883846,
51.984,2.371577263,2.370231421,
52.017,2.372537136,2.371415722,
52.05,2.373974562,2.372755358,
52.084,2.374581337,2.373804454,
52.117,2.374804497,2.374554349,
52.15,2.374451399,2.374717221,
52.184,2.37430954,2.374335654,
52.217,2.373386145,2.374232119,
52.25,2.3732934,2.373444436,
52.285,2.373458147,2.373376747,
52.317,2.374281168,2.373496986,
52.35,2.37517643,2.374350345,
52.384,2.375996113,2.375003746,
52.417,2.376638412,2.376137622,
52.45,2.378137112,2.376606401,
52.484,2.378565073,2.377700217,
52.517,2.378662348,2.378621561,
52.55,2.378866196,2.378692556,
52.584,2.378669977,2.378721401,
52.617,2.378567696,2.378578193,
52.65,2.378492355,2.378503543,
52.684,2.378563643,2.378492355,
52.717,2.378866673,2.378544384,
52.75,2.378982782,2.378796594,
52.784,2.379076004,2.378881336,
52.817,2.379522085,2.379196516,
52.85,2.378428221,2.379522085,
52.884,2.37848711,2.37844413,
52.917,2.377282143,2.37848711,
52.95,2.377005339,2.377607672,
52.984,2.37624979,2.376897194,
53.017,2.376026392,2.376345761,
53.05,2.375396967,2.376026392,
53.084,2.37524581,2.37556701,
53.117,2.375543118,2.37531344,
53.15,2.375543356,2.375530429,
53.184,2.373935699,2.375325842,
53.217,2.373416662,2.374152504,
53.25,2.372739077,2.37329132,
53.284,2.371839046,2.372796788,
53.317,2.371683121,2.371700693,
53.35,2.371931791,2.371586892,
53.384,2.372268677,2.371768382,
53.417,2.372613907,2.372268677,
53.45,2.374294996,2.373068064,
53.484,2.375279903,2.374294996,
53.518,2.377116442,2.375013825,
53.55,2.377485037,2.377089196,
53.584,2.378226519,2.377358213,
53.617,2.379374027,2.378414339,
53.65,2.3799088,2.379251841,
53.684,2.381227016,2.380013982,
53.717,2.382085085,2.380976074,
53.75,2.384122849,2.382384721,
53.784,2.384785175,2.383871971,
53.817,2.386913538,2.385096148,
53.85,2.387798071,2.38664952,
53.884,2.389594078,2.388049271,
53.917,2.390361071,2.389360076,
53.95,2.390609026,2.390478748,
53.984,2.390229225,2.390659717,
54.017,2.388973713,2.390382522,
54.05,2.384632587,2.388973713,
54.084,2.381958961,2.383756415,
54.117,2.376179218,2.381805085,
54.15,2.373911858,2.375554568,
54.184,2.370335817,2.373899748,
54.217,2.368688583,2.369890807,
54.25,2.367072344,2.368688583,
54.284,2.364190102,2.367508981,
54.317,2.363388777,2.364184176,
54.35,2.362249613,2.363599334,
54.384,2.360231161,2.361975612,
54.417,2.358975649,2.360502457,
54.45,2.355736017,2.358493216,
54.484,2.354558229,2.356128791,
54.517,2.353375435,2.354180141,
54.551,2.352038383,2.353316886,
54.584,2.349970818,2.352341047,
54.617,2.348792553,2.349959803,
54.65,2.346797228,2.349099854,
54.684,2.34421134,2.346416821,
54.717,2.3428092,2.344529527,
54.75,2.340083838,2.34241765,
54.784,2.338879585,2.340428561,
54.817,2.337795734,2.338570223,
54.85,2.336622953,2.337779181,
54.884,2.33558774,2.336923234,
54.917,2.333543301,2.335270391,
54.95,2.332635403,2.333778269,
54.984,2.331972122,2.332427422,
55.017,2.329980135,2.331943331,
55.05,2.329049349,2.329728677,
55.084,2.328211546,2.329049349,
55.117,2.326609612,2.328437884,
55.15,2.325875998,2.32657644,
55.184,2.324881792,2.326041017,
55.217,2.323834419,2.324881792,
55.25,2.322753191,2.324117374,
55.284,2.32078886,2.322459158,
55.317,2.319886446,2.321025504,
55.35,2.318396807,2.319665841,
55.384,2.317843914,2.318578637,
55.417,2.316618443,2.317668203,
55.45,2.315771818,2.3167738,
55.484,2.315104723,2.315591598,
55.517,2.313493967,2.315104723,
55.55,2.312599182,2.313212365,
55.584,2.310301304,2.312559312,
55.617,2.308824062,2.309844571,
55.65,2.307291985,2.308766415,
55.684,2.304056168,2.307648238,
55.717,2.301841497,2.303985703,
55.75,2.297498226,2.300668136,
55.784,2.2953794,2.297498226,
55.817,2.291383743,2.295951814,
55.85,2.289513826,2.291342972,
55.885,2.287680626,2.289978224,
55.917,2.283813715,2.287182863,
55.95,2.281709909,2.284360623,
55.984,2.277913332,2.281222002,
56.017,2.276093483,2.278451093,
56.05,2.272251606,2.275589022,
56.084,2.270478487,2.272785052,
56.117,2.268459797,2.269892482,
56.15,2.264104128,2.268419154,
56.184,2.261181831,2.263314651,
56.217,2.258397579,2.261181831,
56.25,2.25216341,2.259149762,
56.284,2.249116659,2.252083219,
56.317,2.243043661,2.249859567,
56.35,2.239946842,2.24293674,
56.384,2.237208366,2.240676546,
56.417,2.231908083,2.236440725,
56.45,2.228861332,2.232572346,
56.484,2.223745823,2.228116749,
56.517,2.220747471,2.224383227,
56.55,2.215001583,2.219979056,
56.584,2.212736845,2.215785456,
56.617,2.207759857,2.212013067,
56.65,2.205390692,2.208380643,
56.684,2.203109026,2.204774286,
56.717,2.198475838,2.203109026,
56.75,2.196353197,2.1978765,
56.784,2.192328215,2.196327304,
56.817,2.187203646,2.191633357,
56.85,2.184171677,2.187893222,
56.884,2.178955555,2.183307549,
56.917,2.176499128,2.179500595,
56.95,2.171134949,2.175713967,
56.984,2.167822838,2.171798954,
57.017,2.161229849,2.166806702,
57.05,2.15807128,2.16199485,
57.085,2.154657125,2.157071826,
57.117,2.147726059,2.154580026,
57.15,2.144106388,2.149521431,
57.184,2.140201569,2.144006681,
57.217,2.136694431,2.141156773,
57.25,2.1294837,2.135647056,
57.284,2.126210213,2.130384348,
57.32,2.11920166,2.125181903,
57.35,2.115473509,2.120066754,
57.384,2.112637997,2.114582844,
57.417,2.109116077,2.112513363,
57.45,2.102806807,2.109942912,
57.484,2.098845482,2.102662077,
57.517,2.094091654,2.099770928,
57.55,2.08556056,2.092879324,
57.584,2.077722311,2.086652958,
57.617,2.074450016,2.077722311,
57.65,2.07149148,2.075334047,
57.684,2.065649033,2.070608737,
57.717,2.062910795,2.066344663,
57.75,2.060245037,2.062190624,
57.784,2.056167603,2.060245037,
57.817,2.0536623,2.055417932,
57.85,2.049178362,2.053589452,
57.884,2.047152042,2.048630939,
57.918,2.044871092,2.047152042,
57.95,2.035419464,2.045487305,
57.984,2.030939102,2.03536143,
58.017,2.021479845,2.032091466,
58.05,2.016586781,2.02118227,
58.084,2.011946678,2.017611097,
58.117,2.004080772,2.010660212,
58.15,2.001322508,2.00491933,
58.184,1.99600637,2.000472325,
58.217,1.994098425,1.996592374,
58.25,1.992362142,1.993531969,
58.284,1.989169002,1.992264753,
58.317,1.987941027,1.988763764,
58.35,1.986006498,1.987867535,
58.384,1.985046625,1.985747183,
58.417,1.983738184,1.985046625,
58.45,1.983393312,1.984091667,
58.484,1.982991695,1.983360301,
58.517,1.983005881,1.983067184,
58.55,1.983212352,1.983002146,
58.584,1.98345077,1.983152837,
58.617,1.983614922,1.98345077,
58.65,1.983757854,1.983570575,
58.685,1.984387994,1.983832376,
58.717,1.984818459,1.98429228,
58.75,1.9853369,1.984979838,
58.784,1.986334324,1.98535822,
58.818,1.986817122,1.986464755,
58.85,1.987389445,1.986817122,
58.884,1.988386989,1.987693011,
58.917,1.989146471,1.988421062,
58.95,1.9901793,1.989460181,
58.984,1.990842938,1.990213985,
59.017,1.990040302,1.990628903,
59.05,1.98895514,1.990043104,
59.084,1.988667011,1.988850409,
59.117,1.988050342,1.98864012,
59.15,1.987852931,1.988005093,
59.184,1.987732172,1.987861015,
59.217,1.987786293,1.98774718,
59.25,1.987923861,1.987786679,
59.284,1.988406539,1.987887082,
59.317,1.988661289,1.988406539,
59.35,1.989387155,1.988592467,
59.384,1.989827633,1.989387155,
59.417,1.990224838,1.989708635,
59.45,1.990641475,1.990357008,
59.484,1.99109745,1.990661088,
59.517,1.991292477,1.991163696,
59.552,1.991982579,1.991306035,
59.584,1.992272735,1.992060967,
59.617,1.992730618,1.992272735,
59.65,1.992376208,1.992634872,
59.684,1.990867972,1.992376208,
59.717,1.990551114,1.990782371,
59.75,1.990255594,1.990551114,
59.784,1.989770532,1.990335431,
59.817,1.989785433,1.989776876,
59.85,1.98585999,1.989787752,
59.884,1.982640505,1.985866141,
59.917,1.980647683,1.98351642,
59.95,1.977276802,1.980074818,
59.984,1.976501346,1.977614602,
60.017,1.975907803,1.97636296,
60.05,1.975461364,1.975929766,
60.084,1.975660443,1.975515146,
60.117,1.976446986,1.975660443,
60.15,1.976710081,1.976482219,
60.184,1.976665497,1.976674237,
60.217,1.976665497,1.976690842,
60.25,1.976939917,1.976690842,
60.284,1.977023125,1.976962396,
60.317,1.977697134,1.977023125,
60.35,1.978282571,1.977855293,
60.384,1.979225636,1.978282571,
60.417,1.979666829,1.979352008,
60.45,1.980086565,1.979674011,
60.484,1.979949594,1.980015682,
60.517,1.979681015,1.979915714,
60.55,1.98002553,1.979719693,
60.584,1.980292916,1.980011972,
60.617,1.981095195,1.980207122,
60.65,1.981528878,1.981115387,
60.684,1.981796265,1.981431909,
60.717,1.98260355,1.981906632,
60.75,1.983038902,1.982495824,
60.785,1.98359406,1.983188882,
60.817,1.984183788,1.98359406,
60.85,1.984806299,1.98402447,
60.884,1.986010432,1.984991865,
60.917,1.986324191,1.985870694,
60.95,1.986389637,1.986341872,
60.984,1.986449242,1.986389637,
61.017,1.987150788,1.986433139,
61.05,1.98767674,1.987150788,
61.084,1.988311172,1.987534651,
61.117,1.98784554,1.98826383,
61.15,1.987709403,1.987923992,
61.184,1.987828135,1.987707052,
61.217,1.988008976,1.987793708,
61.25,1.988365769,1.988043758,
61.284,1.988827229,1.988304161,
61.317,1.989928126,1.988960236,
61.35,1.990366936,1.989763719,
61.384,1.990951777,1.990555432,
61.417,1.991669655,1.990982275,
61.45,1.992909431,1.991506214,
61.484,1.99361515,1.992909431,
61.517,1.993839383,1.993424496,
61.55,1.993860483,1.993845083,
61.584,1.993816733,1.993860483,
61.617,1.993766665,1.993828553,
61.65,1.994262695,1.993823894,
61.684,1.995388031,1.994185918,
61.717,1.995993733,1.995394569,
61.75,1.996699095,1.995836637,
61.784,1.997000694,1.996788013,
61.817,1.99698782,1.997008134,
61.85,1.997257948,1.997026079,
61.884,1.997371912,1.997223231,
61.917,1.996957302,1.997262865,
61.95,1.995941877,1.996960265,
61.984,1.995063782,1.996219164,
62.017,1.993767858,1.994866171,
62.05,1.993428588,1.993920349,
62.084,1.992936254,1.993241605,
62.117,1.991250873,1.992882278,
62.15,1.990417242,1.991652213,
62.184,1.989609361,1.990417242,
62.217,1.988972783,1.989827615,
62.25,1.988658667,1.988903671,
62.285,1.988709331,1.988674415,
62.317,1.989246845,1.988711392,
62.35,1.990011692,1.989246845,
62.384,1.990944505,1.989805064,
62.417,1.992734432,1.991240985,
62.45,1.994597793,1.992547353,
62.484,1.995129704,1.994608968,
62.517,1.995513201,1.99499718,
62.55,1.995704174,1.995564793,
62.584,1.996114135,1.995704174,
62.617,1.996472001,1.996210815,
62.65,1.997050405,1.996472001,
62.684,1.998414993,1.996894145,
62.717,1.998960853,1.998414993,
62.75,1.999935031,1.998813385,
62.784,2.000268459,1.999936867,
62.817,2.000520706,2.000180217,
62.85,2.001473188,2.000637868,
62.884,2.002018929,2.001333032,
62.917,2.002586603,2.002173706,
62.95,2.003773689,2.00258802,
62.984,2.004417896,2.00394676,
63.017,2.006123543,2.00441693,
63.05,2.006937504,2.006340154,
63.084,2.007536173,2.006934219,
63.117,2.00861907,2.007828724,
63.15,2.00782752,2.00861907,
63.184,2.007032394,2.007606915,
63.217,2.006544113,2.007026597,
63.25,2.006384611,2.006501023,
63.284,2.006368399,2.006384611,
63.317,2.006531239,2.006372779,
63.35,2.006352901,2.006529693,
63.384,2.005895853,2.006399534,
63.418,2.005532026,2.005794278,
63.45,2.00524354,2.005528741,
63.484,2.004677534,2.005318191,
63.518,2.00418067,2.004677534,
63.551,2.003863811,2.004314901,
63.584,2.003472805,2.003807775,
63.617,2.00347805,2.003522401,
63.65,2.003709078,2.003544071,
63.684,2.004525423,2.003712685,
63.717,2.00514698,2.004693341,
63.75,2.00540185,2.00514698,
63.784,2.006380081,2.005332995,
63.817,2.00687027,2.006380081,
63.85,2.007457018,2.006737842,
63.884,2.009068489,2.00773643,
63.917,2.009885311,2.008912552,
63.95,2.009919882,2.00994386,
63.984,2.010222912,2.009969091,
64.017,2.010469913,2.010221044,
64.05,2.01013732,2.010401317,
64.084,2.008952379,2.010112844,
64.117,2.008778572,2.008900014,
64.15,2.00886941,2.008773162,
64.184,2.009526491,2.008839459,
64.217,2.009963274,2.009526491,
64.25,2.010741472,2.009845274,
64.284,2.012053251,2.010940629,
64.317,2.013066053,2.011898023,
64.35,2.013700962,2.013229462,
64.384,2.015330315,2.013692846,
64.417,2.016172886,2.01555794,
64.45,2.017715454,2.016172886,
64.484,2.018415213,2.017971098,
64.517,2.019446373,2.018481813,
64.55,2.020011902,2.019234399,
64.584,2.021448851,2.020276821,
64.617,2.021994114,2.021325569,
64.65,2.02259016,2.022133111,
64.684,2.02357626,2.022568132,
64.717,2.024107456,2.023719766,
64.75,2.024652481,2.024107456,
64.784,2.025380611,2.024505239,
64.817,2.026071548,2.025495262,
64.85,2.026299238,2.025999538,
64.884,2.026541471,2.026364679,
64.917,2.026870489,2.026541471,
64.95,2.0270679,2.026781603,
64.984,2.027294159,2.027045678,
65.017,2.027339458,2.027306397,
65.05,2.027264595,2.027339458,
65.084,2.027465582,2.027303821,
65.117,2.0265553,2.02745051,
65.15,2.026100636,2.026484706,
65.184,2.025586843,2.026152872,
65.217,2.025153399,2.025469746,
65.25,2.024263382,2.025153399,
65.284,2.023904324,2.024161936,
65.317,2.023653746,2.023899879,
65.35,2.023288727,2.023716997,
65.384,2.023331165,2.023288727,
65.417,2.02341485,2.0233197,
65.45,2.023497581,2.02348918,
65.484,2.023305178,2.023549561,
65.517,2.023175001,2.02329397,
65.55,2.023717642,2.023198962,
65.584,2.023863077,2.023784371,
65.618,2.024160862,2.023890516,
65.65,2.024069548,2.024107852,
65.684,2.023947716,2.024034122,
65.717,2.023881912,2.023945204,
65.75,2.023931503,2.023909351,
65.784,2.023901701,2.023945545,
65.818,2.023955822,2.023923794,
65.85,2.023840904,2.023932892,
65.884,2.023692131,2.02384902,
65.917,2.023310184,2.023624049,
65.95,2.023025751,2.023345288,
65.984,2.022365808,2.022925207,
66.017,2.022266626,2.022443552,
66.05,2.022406578,2.022371164,
66.084,2.022487402,2.022387641,
66.117,2.022437334,2.02244663,
66.15,2.022504091,2.022437334,
66.184,2.02233839,2.022486056,
66.217,2.022290468,2.022325444,
66.25,2.022306919,2.022290468,
66.284,2.022439241,2.022367336,
66.318,2.022867918,2.022463911,
66.35,2.023173809,2.022776777,
66.384,2.02362442,2.023173809,
66.417,2.023702621,2.023502685,
66.45,2.023238182,2.023627519,
66.484,2.023140192,2.023288551,
66.517,2.023092985,2.023114041,
66.55,2.02191782,2.023079588,
66.584,2.021253586,2.021710032,
66.617,2.020638466,2.021225245,
66.65,2.020225286,2.020776304,
66.684,2.020053864,2.020177494,
66.717,2.020032644,2.020052382,
66.75,2.020311356,2.020064785,
66.784,2.020503044,2.020268201,
66.817,2.020972013,2.020677725,
66.85,2.021743298,2.021019999,
66.884,2.022664785,2.021582916,
66.917,2.022877455,2.022712449,
66.95,2.023227692,2.022867664,
66.985,2.023378134,2.023294356,
