"/ual/odom/pose/pose/position/x_x","/ual/odom/pose/pose/position/x_y","/del_uav/KF_pose/x_y"
0.134,0.365020901,0.3606943067,
0.167,0.3657145798,0.3606220805,
0.2,0.3563758731,0.3609689195,
0.234,0.3513900042,0.3507335774,
0.267,0.3480014503,0.3482406427,
0.3,0.3449756205,0.3465463655,
0.334,0.3377156854,0.339467462,
0.367,0.3314180076,0.3302715055,
0.4,0.3161374927,0.3271226666,
0.434,0.3124777973,0.3139164207,
0.467,0.3086059988,0.3065205844,
0.5,0.3091139495,0.3045846852,
0.534,0.310768038,0.3048386605,
0.567,0.3137482107,0.3112316932,
0.6,0.310813427,0.3071557912,
0.634,0.3049159646,0.3056883992,
0.667,0.302252084,0.3027396681,
0.7,0.302916944,0.3014077284,
0.734,0.3048799634,0.3017401588,
0.767,0.2997190952,0.3027216685,
0.8,0.2945904136,0.2945752464,
0.835,0.287443012,0.2920109058,
0.867,0.28572914,0.2828712169,
0.9,0.2855482399,0.2820142812,
0.934,0.2864786386,0.2819238317,
0.967,0.2815685868,0.282389032,
1,0.2774764001,0.2799340066,
1.034,0.2688972652,0.2723219253,
1.067,0.2651596069,0.2624663699,
1.1,0.2583768368,0.260597541,
1.134,0.2544268072,0.2516401674,
1.167,0.2374158651,0.2440991642,
1.2,0.2259088308,0.2300277046,
1.234,0.2193906307,0.2187081987,
1.267,0.212416932,0.2154490986,
1.3,0.2083364278,0.2063962602,
1.334,0.2055491358,0.204356008,
1.367,0.2028907984,0.2029623617,
1.4,0.1930897534,0.2016331926,
1.434,0.1884954423,0.1911666812,
1.467,0.1844202429,0.1833035365,
1.5,0.1808406115,0.1812659367,
1.534,0.1770623326,0.1739101323,
1.567,0.1753389388,0.1720209925,
1.6,0.1711436957,0.1711592955,
1.634,0.1695874482,0.1690616735,
1.667,0.1682073325,0.1682835496,
1.7,0.168116346,0.1675934915,
1.734,0.167836532,0.1675479981,
1.768,0.1629494876,0.1618421027,
1.8,0.160250634,0.1593985805,
1.834,0.1568733305,0.1580491536,
1.867,0.1552063078,0.1507945136,
1.9,0.1498969942,0.1499610023,
1.934,0.1468768716,0.1473063456,
1.967,0.1425588429,0.1402302959,
2,0.1311887205,0.1380712817,
2.034,0.1261204332,0.1268202322,
2.067,0.1210252866,0.1187201002,
2.1,0.1179188043,0.116172527,
2.134,0.1130305976,0.1146192859,
2.167,0.1107973084,0.1121751826,
2.2,0.1111419499,0.1054925497,
2.235,0.1157109514,0.1112308589,
2.267,0.1186261252,0.1135153597,
2.3,0.1210232303,0.1149729467,
2.334,0.1247986555,0.1217374876,
2.367,0.1295425892,0.1236252002,
2.401,0.1325494945,0.1259971671,
2.434,0.1378058046,0.1330666084,
2.469,0.1441993415,0.1356947635,
2.5,0.1580006927,0.1444575205,
2.534,0.1653753817,0.1569241846,
2.567,0.1720913947,0.1606115293,
2.6,0.1729057729,0.1695355245,
2.634,0.1738939881,0.1699427139,
2.667,0.1782952398,0.1704368219,
2.7,0.1821365654,0.1782034367,
2.734,0.1914207041,0.1801240997,
2.769,0.1931267828,0.1903321581,
2.8,0.1954441667,0.1911851977,
2.834,0.1966221631,0.1923438897,
2.867,0.1990073472,0.1929328881,
2.901,0.1982761919,0.1941254808,
2.934,0.1917563081,0.1937599035,
2.967,0.1882096231,0.190499962,
3,0.1832459122,0.1831606313,
3.034,0.1786326915,0.1751127878,
3.067,0.1700094193,0.1728061779,
3.1,0.1700371802,0.1684945423,
3.134,0.1702875048,0.1685084237,
3.167,0.173137024,0.1686335863,
3.2,0.174830392,0.1700583464,
3.234,0.1757697016,0.1709050308,
3.267,0.1778109223,0.1713746862,
3.3,0.1804614365,0.1779612858,
3.334,0.1831914335,0.179286543,
3.367,0.1798663437,0.1806515414,
3.4,0.1777120233,0.1789889964,
3.434,0.176163882,0.172345847,
3.467,0.1776272953,0.1715717763,
3.5,0.1795790046,0.1778694719,
3.534,0.1827349067,0.1788453264,
3.567,0.1856465042,0.180423277,
3.6,0.1900319159,0.1874450646,
3.635,0.1906974912,0.1896377703,
3.667,0.1911097616,0.1899705577,
3.7,0.1930214167,0.1901766929,
3.734,0.1988262087,0.1911325205,
3.767,0.2007253021,0.1996009055,
3.8,0.1986004114,0.1949844632,
3.834,0.1978079528,0.1939220178,
3.867,0.1982243657,0.1935257885,
3.9,0.1991391182,0.1937339949,
3.934,0.2032414973,0.1997573601,
3.968,0.2059643418,0.2018085497,
4,0.2073916644,0.2031699721,
4.034,0.2092980444,0.2038836335,
4.067,0.2129072398,0.2048368237,
4.1,0.2204065472,0.2122074111,
4.134,0.2242579609,0.2215230541,
4.167,0.2294035852,0.223448761,
4.2,0.2347716093,0.2315875624,
4.234,0.2308536768,0.2287055855,
4.267,0.2265846133,0.2267466193,
4.303,0.2241000533,0.2246120873,
4.334,0.2255448848,0.2233698069,
4.368,0.2267322838,0.2240922223,
4.4,0.228679359,0.2246859214,
4.436,0.2291988879,0.2256594585,
4.467,0.2289779335,0.2259192228,
4.5,0.2293268591,0.2258087453,
4.534,0.232068941,0.2259832081,
4.567,0.2333499044,0.2273542489,
4.6,0.2297756523,0.2335607195,
4.634,0.2256457061,0.2262076044,
4.667,0.2215276659,0.2241426312,
4.7,0.2152644247,0.216517622,
4.734,0.2134563923,0.2133860013,
4.767,0.2074352205,0.2124819851,
4.8,0.1954483986,0.2039054102,
4.834,0.1908930689,0.1923460104,
4.867,0.1861238033,0.1845023567,
4.9,0.1773158461,0.182117724,
4.934,0.1740311831,0.1721477566,
4.967,0.1708690673,0.1705054251,
5,0.1619747728,0.1633583783,
5.034,0.1577835977,0.1589112311,
5.067,0.1526360214,0.1512496546,
5.1,0.1485483348,0.1486758663,
5.134,0.1409460306,0.141066034,
5.167,0.1360014081,0.1372648818,
5.2,0.1269567907,0.1292265815,
5.234,0.1231341138,0.1247042728,
5.268,0.1187511012,0.1172269455,
5.3,0.1179689318,0.1150354392,
5.334,0.1171875969,0.1146443546,
5.367,0.1149545759,0.1142536873,
5.4,0.1138003767,0.1125600774,
5.434,0.1143186614,0.1125600775,
5.467,0.1158993542,0.1128192202,
5.5,0.1168457791,0.1136095668,
5.534,0.1167742759,0.1140827795,
5.567,0.1171835363,0.1140470281,
5.6,0.1169534549,0.1142516585,
5.634,0.1138740107,0.114136618,
5.667,0.1129640713,0.112596896,
5.7,0.1103740931,0.1065759373,
5.734,0.1105811149,0.1052809483,
5.767,0.1103448048,0.1053844593,
5.8,0.1075128913,0.1052663043,
5.834,0.1053897738,0.1038503476,
5.867,0.1032622606,0.1027887888,
5.9,0.09699627012,0.09615904296,
5.934,0.09470602125,0.09302604767,
5.967,0.08758021891,0.08631493409,
6,0.08352705091,0.0827520329,
6.034,0.07913594693,0.08072544887,
6.068,0.07822679728,0.07852989684,
6.1,0.07668957114,0.07250933289,
6.134,0.07314599305,0.0717407197,
6.167,0.07149715722,0.06996893059,
6.2,0.06416458637,0.06914451258,
6.235,0.05980947241,0.05991223804,
6.267,0.05680024996,0.0577346809,
6.3,0.05517896637,0.05066408051,
6.334,0.05313215405,0.04985343855,
6.367,0.05323063582,0.04883003219,
6.4,0.05428663269,0.04887927294,
6.434,0.05997614935,0.05497325986,
6.467,0.06764899939,0.05781801804,
6.5,0.07187893987,0.06722043153,
6.534,0.07562243193,0.06933540168,
6.567,0.07977556437,0.07677313623,
6.6,0.08668341488,0.07884970234,
6.634,0.08906324953,0.08230362742,
6.667,0.0928209275,0.08905953321,
6.7,0.09360924363,0.09093837207,
6.734,0.09913417697,0.09133253003,
6.767,0.1023820788,0.09966098514,
6.8,0.1029738858,0.101284936,
6.834,0.09974155575,0.1015808395,
6.867,0.09723476321,0.09439868589,
6.9,0.09179737419,0.09314528958,
6.934,0.08807377517,0.090426595,
6.967,0.08510545641,0.08299880695,
7,0.08293956518,0.08151464749,
7.034,0.07763633877,0.08043170186,
7.068,0.07548360527,0.07778008859,
7.1,0.07381478697,0.07113773335,
7.134,0.07176364213,0.07030332421,
7.167,0.06492974609,0.06371176334,
7.2,0.05966463685,0.06029481532,
7.234,0.05024539307,0.05209627228,
7.267,0.04639362171,0.0473866504,
7.3,0.04234420136,0.04546076477,
7.334,0.03826116398,0.03787006616,
7.367,0.03207715228,0.03582854752,
7.4,0.03038551286,0.02717055318,
7.434,0.02796634659,0.02632473354,
7.467,0.02548306435,0.02511515042,
7.5,0.02051149122,0.02387350933,
7.534,0.01742992736,0.01582173419,
7.567,0.01440571714,0.01428095229,
7.6,0.009369622916,0.007202858571,
7.634,0.008026087657,0.004684811458,
7.667,0.006129086018,0.004013043828,
7.7,0.005721070338,0.003064543009,
7.734,0.004772226326,0.002860535169,
7.767,0.002383275656,0.002386113163,
7.8,-0.00357890036,0.001191637828,
7.834,-0.006641287357,-0.00178945018,
7.867,-0.01303189155,-0.003320643678,
7.9,-0.01593982987,-0.01208193462,
7.934,-0.01876953058,-0.01353590386,
7.967,-0.02479138784,-0.01495075425,
8,-0.02820836008,-0.02352767197,
8.034,-0.03348565102,-0.02523615815,
8.067,-0.03711753339,-0.03344079274,
8.1,-0.0471525453,-0.03525673397,
8.134,-0.05332213268,-0.04584022904,
8.167,-0.06675200909,-0.05449101184,
8.2,-0.07447571307,-0.06677193912,
8.234,-0.07874472439,-0.07063379107,
8.267,-0.08956771344,-0.0783342858,
8.3,-0.09454848617,-0.0893117693,
8.334,-0.1016517133,-0.09180215566,
8.367,-0.1054250896,-0.1009197582,
8.4,-0.1073591709,-0.1028064464,
8.434,-0.1036890298,-0.103773487,
8.467,-0.1009200811,-0.1019384163,
8.5,-0.1007030308,-0.100553942,
8.534,-0.1005509794,-0.1004454169,
8.568,-0.1044791788,-0.1003693911,
8.6,-0.1078291088,-0.1023334908,
8.634,-0.1080541983,-0.1040084558,
8.667,-0.1104675233,-0.1041210005,
8.7,-0.1132917479,-0.1108936522,
8.734,-0.1152087301,-0.1123057644,
8.768,-0.1222232357,-0.1132642554,
8.8,-0.1242404357,-0.1223374971,
8.834,-0.124459669,-0.123346097,
8.867,-0.1267414093,-0.1234557135,
8.9,-0.129921332,-0.1245965836,
8.934,-0.134441793,-0.1261865447,
8.967,-0.1370384395,-0.1340127641,
9,-0.1411987245,-0.1353110871,
9.034,-0.1372523904,-0.1373912294,
9.067,-0.136911422,-0.1354180622,
9.1,-0.137779057,-0.1352475777,
9.134,-0.1417079568,-0.1356813951,
9.167,-0.1447144598,-0.1376458448,
9.2,-0.1479845941,-0.1447150849,
9.234,-0.1533794403,-0.1463501518,
9.267,-0.1544242948,-0.1490475746,
9.3,-0.1561150998,-0.1495700016,
9.334,-0.1577847451,-0.1559813925,
9.367,-0.1577847451,-0.1568162148,
9.4,-0.1648789495,-0.1568162146,
9.434,-0.161092639,-0.1603633167,
9.467,-0.1590237617,-0.1584701611,
9.5,-0.1590007544,-0.1574357223,
9.534,-0.1629354507,-0.1574242183,
9.567,-0.1646216512,-0.1593915663,
9.6,-0.1670893133,-0.1602346664,
9.634,-0.1683896184,-0.1670344855,
9.667,-0.1678035706,-0.1676846378,
9.701,-0.1695804894,-0.1673916136,
9.734,-0.1702196449,-0.1682800728,
9.767,-0.176973924,-0.1685996498,
9.8,-0.1795186251,-0.1775427777,
9.834,-0.1763582528,-0.1788151278,
9.867,-0.1739922464,-0.1716689527,
9.9,-0.1773951501,-0.170485949,
9.936,-0.1815332919,-0.1777533889,
9.967,-0.1844627857,-0.1798224595,
10,-0.1886422485,-0.1812872061,
10.034,-0.1886562258,-0.1833769367,
10.067,-0.1888612509,-0.1833839252,
10.1,-0.1913834512,-0.1890524252,
10.134,-0.1942721307,-0.1903135248,
10.168,-0.1983146071,-0.1917578639,
10.2,-0.2029704005,-0.1993450899,
10.234,-0.199888289,-0.2016729854,
10.268,-0.1981120855,-0.1945659414,
10.3,-0.1986996979,-0.1936778391,
10.334,-0.1995208412,-0.193971645,
10.367,-0.2012329847,-0.199948204,
10.4,-0.199624896,-0.2008042754,
10.436,-0.1945549846,-0.1918992871,
10.467,-0.1958579272,-0.1918992867,
10.5,-0.1944301128,-0.1925507579,
10.534,-0.197793901,-0.1918368506,
10.567,-0.2009036243,-0.1990847321,
10.6,-0.2082522511,-0.2006395936,
10.634,-0.2084065676,-0.2043139068,
10.667,-0.207207337,-0.204391065,
10.7,-0.205727309,-0.2037914498,
10.734,-0.2071535438,-0.2030514359,
10.767,-0.2069334537,-0.2037645533,
10.8,-0.2115077376,-0.2036545084,
10.834,-0.212976709,-0.2115076383,
10.867,-0.2100196481,-0.2122421239,
10.9,-0.2038640827,-0.2051976059,
10.934,-0.2032758743,-0.2021198234,
10.967,-0.2021661401,-0.2018257191,
11,-0.2026634067,-0.2012708522,
11.034,-0.1956924796,-0.1959534975,
11.067,-0.192505151,-0.1924680339,
11.1,-0.1894147992,-0.1908743696,
11.134,-0.1879374534,-0.1837632058,
11.167,-0.1858395487,-0.183024533,
11.2,-0.1813158095,-0.1819755807,
11.234,-0.171670109,-0.1741477234,
11.267,-0.1684396118,-0.1693248732,
11.3,-0.1651806235,-0.1621436367,
11.334,-0.164324224,-0.1605141425,
11.367,-0.1628790945,-0.1600859428,
11.4,-0.164904058,-0.1593633781,
11.434,-0.1640186757,-0.1603758598,
11.469,-0.1608000547,-0.1599331686,
11.5,-0.1603111625,-0.1583238581,
11.534,-0.1615605503,-0.1580794118,
11.567,-0.1646464914,-0.1587041056,
11.6,-0.167238459,-0.1602470761,
11.634,-0.1659130454,-0.1615430599,
11.667,-0.1653351784,-0.1608803532,
11.7,-0.1658782065,-0.1605914197,
11.734,-0.1695618778,-0.1664289217,
11.767,-0.1721341461,-0.1682707575,
11.8,-0.175929293,-0.1695568916,
11.834,-0.1765898466,-0.1714544652,
11.867,-0.1732774675,-0.1717847419,
11.9,-0.1714571863,-0.1701285524,
11.934,-0.1653025001,-0.169218412,
11.967,-0.1626214534,-0.1605750809,
12,-0.1581266671,-0.1592345576,
12.034,-0.155696243,-0.1569871644,
12.067,-0.1518933624,-0.1502059642,
12.1,-0.1482377797,-0.1483045238,
12.134,-0.1463895291,-0.1464767323,
12.167,-0.1450553685,-0.1455526069,
12.2,-0.1433631033,-0.1393195388,
12.234,-0.1431132257,-0.1384734062,
12.267,-0.1404888928,-0.1383484674,
12.3,-0.1354222,-0.137036301,
12.334,-0.1337702721,-0.1345029546,
12.367,-0.1311268359,-0.1281110029,
12.4,-0.1297441423,-0.1267892849,
12.434,-0.1257006824,-0.1260979382,
12.467,-0.1183884367,-0.1185102207,
12.5,-0.1143381968,-0.1148540979,
12.534,-0.1080435216,-0.1128289781,
12.567,-0.1060329229,-0.1041156528,
12.6,-0.1044108048,-0.1031103534,
12.634,-0.1030656174,-0.1022992947,
12.667,-0.0997434333,-0.0960607131,
12.7,-0.0958577022,-0.09439962125,
12.734,-0.09474267811,-0.09245675576,
12.767,-0.09271415323,-0.09189924401,
12.8,-0.09234302491,-0.09088498172,
12.834,-0.08968773484,-0.0906994176,
12.867,-0.08705145866,-0.08380578461,
12.9,-0.08425601572,-0.08248764656,
12.934,-0.08387493342,-0.08108992511,
12.967,-0.08390087634,-0.08089938396,
13,-0.08723760396,-0.08091235541,
13.034,-0.08988022059,-0.08814670728,
13.067,-0.09058894962,-0.08946801553,
13.1,-0.09186109155,-0.08982237997,
13.134,-0.0937801823,-0.09045845078,
13.167,-0.09788335115,-0.09141799612,
13.2,-0.1013415456,-0.09346958053,
13.234,-0.106710434,-0.1007646659,
13.267,-0.1082885712,-0.10344911,
13.3,-0.1097615361,-0.1042381786,
13.334,-0.1150543019,-0.110540649,
13.367,-0.1185929254,-0.1131870318,
13.4,-0.1221913472,-0.1149563435,
13.434,-0.1305117011,-0.1223215424,
13.467,-0.1322952062,-0.1264817193,
13.5,-0.132637471,-0.1273734717,
13.534,-0.1329804063,-0.1331105921,
13.567,-0.1345477253,-0.1332820597,
13.6,-0.1391902715,-0.1340657192,
13.634,-0.1361325234,-0.1363869923,
13.667,-0.1348438561,-0.1348581183,
13.7,-0.1346550733,-0.1342137846,
13.734,-0.1339607537,-0.1341193933,
13.767,-0.1333079636,-0.1282062456,
13.8,-0.1331619918,-0.1278798506,
13.834,-0.1309037209,-0.1278068648,
13.867,-0.1243959442,-0.1266777296,
13.9,-0.1206649095,-0.1234238413,
13.934,-0.1190315261,-0.1159923361,
13.967,-0.1140452549,-0.1151756445,
14,-0.1133235171,-0.1126825089,
14.034,-0.1132318974,-0.11232164,
14.067,-0.1066954657,-0.106709842,
14.1,-0.1030520722,-0.1034416263,
14.134,-0.09900559485,-0.1016199296,
14.167,-0.0983126387,-0.09403070277,
14.2,-0.09862414747,-0.09368422469,
14.234,-0.0987084955,-0.09383997905,
14.267,-0.09735584259,-0.093882153,
14.3,-0.09526355565,-0.09320582648,
14.334,-0.09041818976,-0.092159683,
14.367,-0.08834563196,-0.08417101194,
14.4,-0.08218880743,-0.08313473308,
14.434,-0.07983390242,-0.08005632088,
14.467,-0.07557895035,-0.07331288032,
14.5,-0.06693243235,-0.07118540438,
14.534,-0.06137521192,-0.06129615739,
14.567,-0.05398054793,-0.0585175473,
14.6,-0.05093504116,-0.04925422716,
14.634,-0.04784744605,-0.04773147383,
14.667,-0.04303907603,-0.040621688,
14.7,-0.03981764242,-0.038217503,
14.734,-0.03824469075,-0.0366067862,
14.767,-0.03473935276,-0.03582031039,
14.8,-0.03325857967,-0.03406764143,
14.834,-0.02955722995,-0.02776126655,
14.867,-0.0272321105,-0.02591059169,
14.9,-0.02490990795,-0.02474803197,
14.934,-0.01823764294,-0.0235869307,
14.967,-0.01595808379,-0.01468480985,
15,-0.01174265612,-0.01354503029,
15.034,-0.01041844953,-0.01143731645,
15.067,-0.009165452793,-0.005209224764,
15.1,-0.005953391548,-0.004582726397,
15.134,-0.004077625927,-0.002976695774,
15.167,-0.002217644127,-0.002038812963,
15.2,0.0009014115785,-0.001108822064,
15.234,0.002828753553,0.0004507057893,
15.267,0.006086591166,0.001414376777,
15.3,0.008488202468,0.003043295583,
15.334,0.0106260255,0.004244101234,
15.367,0.01413785666,0.01087900115,
15.4,0.02083173953,0.01263491672,
15.434,0.02299093828,0.02154784652,
15.467,0.02603705227,0.02262744588,
15.5,0.0264336206,0.02415050282,
15.534,0.02690557949,0.02434878697,
15.567,0.02709752694,0.02458476638,
15.6,0.02817674913,0.0246807401,
15.634,0.03190381825,0.0252203512,
15.667,0.03306159005,0.02708388577,
15.7,0.03534540161,0.03322875998,
15.734,0.03645573184,0.03437066576,
15.767,0.04079389572,0.03492583084,
15.8,0.04277628288,0.03709491276,
15.834,0.04527581111,0.03808610634,
15.867,0.04619156942,0.04490185875,
15.9,0.0473439768,0.04535973792,
15.934,0.05291486159,0.04593594162,
15.967,0.05656112731,0.04872138404,
16,0.05991857499,0.05778922913,
16.034,0.06388948113,0.05778922913,
16.067,0.06464425474,0.05977468226,
16.1,0.06904236972,0.06571805764,
16.134,0.07197904587,0.06791711527,
16.168,0.0812086612,0.06938545352,
16.2,0.08576987684,0.07956624984,
16.234,0.09180945158,0.08741284664,
16.267,0.09377667308,0.09043263413,
16.3,0.09629644454,0.09141624514,
16.334,0.09998739511,0.09824211996,
16.367,0.1092570201,0.1000875954,
16.4,0.1148450747,0.1102883967,
16.434,0.1204226911,0.1130824242,
16.467,0.1250262707,0.1214372214,
16.5,0.1268417984,0.1237390116,
16.534,0.12702097,0.1246467756,
16.567,0.127274394,0.1247363615,
16.6,0.1257689297,0.1248630735,
16.634,0.1265423894,0.1241103414,
16.667,0.1247249842,0.1244970713,
16.7,0.1231777221,0.1235883687,
16.734,0.1202378944,0.117248749,
16.767,0.1194091141,0.1157788352,
16.801,0.1218863204,0.1153644451,
16.834,0.1232831776,0.122169037,
16.867,0.1254386753,0.1228674655,
16.9,0.1308274567,0.1239452142,
16.934,0.1393900663,0.1322055937,
16.967,0.1451908201,0.1364868984,
17,0.1497837752,0.1449532638,
17.034,0.1582667679,0.1472497413,
17.067,0.1584355682,0.1570572263,
17.1,0.1575091183,0.1571416263,
17.134,0.1568576097,0.1566784014,
17.167,0.1554964185,0.1563526472,
17.2,0.1567064971,0.1556720518,
17.234,0.1608273387,0.1562770912,
17.267,0.1591674089,0.1583375123,
17.3,0.1556327492,0.1575075478,
17.334,0.1538618505,0.1501742294,
17.367,0.1536180079,0.1492887803,
17.4,0.1526874155,0.1491668593,
17.434,0.1537314951,0.1487015638,
17.467,0.1549414545,0.1492236038,
17.5,0.152548179,0.1498285839,
17.534,0.1513625234,0.1486319466,
17.567,0.1513966322,0.1480391197,
17.6,0.1553189307,0.1480561743,
17.634,0.1571502984,0.155583313,
17.667,0.1565853655,0.1564989972,
17.7,0.1564569026,0.1562165311,
17.734,0.1557473391,0.1505863108,
17.767,0.1559218317,0.1502315293,
17.8,0.1578353792,0.1558847651,
17.834,0.1585307419,0.1568415392,
17.867,0.159711495,0.1571892208,
17.9,0.1558649838,0.1577795975,
17.934,0.1533409804,0.1502903527,
17.967,0.1478886157,0.1490283509,
18,0.1467925012,0.1463021686,
18.034,0.1423362345,0.1457541113,
18.067,0.1396105736,0.1379599884,
18.1,0.1366390288,0.1365971579,
18.134,0.1321252435,0.1351113853,
18.167,0.1297326535,0.1272885033,
18.2,0.1274767965,0.1260922082,
18.234,0.1239210069,0.1249642794,
18.267,0.1214368567,0.1231863845,
18.3,0.1170054749,0.11637832,
18.334,0.1118667871,0.1141626288,
18.367,0.1053368971,0.1060272956,
18.4,0.1030289605,0.1027623501,
18.434,0.100682579,0.1016083816,
18.467,0.09619672596,0.09486920163,
18.5,0.09480140358,0.09262627487,
18.534,0.09304640442,0.09192861321,
18.567,0.09136301279,0.09105111336,
18.6,0.09140083194,0.09020941721,
18.634,0.09051113576,0.09022832661,
18.667,0.09012391418,0.08978347837,
18.7,0.08965320885,0.08958986748,
18.734,0.08934575319,0.0893545148,
18.767,0.08923008293,0.08920078689,
18.8,0.08931531012,0.08914295176,
18.834,0.08712741733,0.08918556542,
18.867,0.08434767276,0.08252563035,
18.9,0.0792613253,0.08113575817,
18.934,0.07658353448,0.07302659579,
18.968,0.07221024483,0.07168770059,
19,0.07063239813,0.06950105582,
19.034,0.06994137913,0.06871213257,
19.067,0.06742934883,0.06836662311,
19.102,0.06486099213,0.06154461912,
19.134,0.06344094872,0.06026044081,
19.167,0.05968776345,0.05955041914,
19.2,0.05754445121,0.05767382651,
19.234,0.0553553775,0.05660217038,
19.267,0.05385448784,0.04994164457,
19.3,0.05172638968,0.04919119969,
19.334,0.0508675985,0.0481271506,
19.367,0.04807638004,0.04769775492,
19.4,0.04551571235,0.0463021456,
19.434,0.04063842818,0.03945582272,
19.467,0.03908610344,0.03701718054,
19.5,0.03821162134,0.03624101807,
19.534,0.03668113425,0.03580377691,
19.568,0.03567168489,0.03503853323,
19.6,0.03371717036,0.03453380845,
19.634,0.03078181483,0.02799056248,
19.667,0.02656271495,0.02652288465,
19.7,0.02006918006,0.01884734605,
19.734,0.01759201661,0.01560057857,
19.767,0.01169338729,0.01436199684,
19.8,0.00777154509,0.005846693646,
19.834,0.003809435759,0.003885772545,
19.867,-0.002782332478,0.001904717879,
19.9,-0.004871052224,-0.001391166239,
19.934,-0.009699347429,-0.002435526112,
19.967,-0.01098705176,-0.004849673714,
20,-0.01262670755,-0.01105951423,
20.034,-0.01684302092,-0.01187934211,
20.067,-0.01708352752,-0.01398749878,
20.1,-0.01540242136,-0.01410775206,
20.134,-0.01551265921,-0.01326719896,
20.167,-0.01709031872,-0.01332231788,
20.2,-0.01866296306,-0.01411114763,
20.234,-0.02285758965,-0.01489746977,
20.267,-0.02314149402,-0.02256077128,
20.301,-0.02330823243,-0.02270272342,
20.334,-0.02216708474,-0.0172201044,
20.367,-0.01858927868,-0.01664953053,
20.4,-0.01582607441,-0.01486062748,
20.434,-0.01629888825,-0.01347902532,
20.467,-0.0166687537,-0.01371543222,
20.5,-0.01754090562,-0.01390036492,
20.534,-0.01954231784,-0.01433644085,
20.567,-0.02222221717,-0.01533714694,
20.6,-0.02321296372,-0.02224308459,
20.634,-0.02342912555,-0.02273845783,
20.667,-0.02392012253,-0.02284653871,
20.7,-0.02458857372,-0.02309203717,
20.734,-0.02478961647,-0.02342626275,
20.767,-0.02366285212,-0.0235267841,
20.8,-0.02224251255,-0.02296340192,
20.834,-0.02068118937,-0.0166872442,
20.867,-0.02158934064,-0.0159065826,
20.9,-0.02359932102,-0.02192664615,
20.934,-0.02876638062,-0.02293163632,
20.967,-0.03162315115,-0.02551516612,
21,-0.03578519821,-0.03250953928,
21.034,-0.03680372983,-0.03459056282,
21.067,-0.03747693449,-0.03509982864,
21.1,-0.03733118996,-0.03543643097,
21.134,-0.03666647151,-0.03536355875,
21.167,-0.04071428254,-0.03503119954,
21.2,-0.04534358904,-0.03705510506,
21.234,-0.04874896631,-0.04493574628,
21.267,-0.05212561414,-0.04663843491,
21.3,-0.05386661738,-0.04832675885,
21.334,-0.05164450407,-0.0491972605,
21.367,-0.05007849634,-0.04808620386,
21.4,-0.04720713571,-0.04730320004,
21.434,-0.046668455,-0.04586751976,
21.467,-0.04682517052,-0.04559817939,
21.5,-0.04774980992,-0.04567653711,
21.534,-0.05024342611,-0.04613885683,
21.567,-0.05354657397,-0.04738566491,
21.6,-0.05931415781,-0.05460322678,
21.634,-0.06120764464,-0.05748701866,
21.667,-0.06240579858,-0.05843376205,
21.7,-0.05620793253,-0.05903283901,
21.734,-0.05212555826,-0.05036791802,
21.767,-0.04236471653,-0.04832673086,
21.8,-0.03876799345,-0.03788032206,
21.834,-0.0346018374,-0.03608196052,
21.867,-0.03119956888,-0.02843289454,
21.9,-0.02645055391,-0.02673176025,
21.934,-0.02163869143,-0.02435725274,
21.967,-0.01953918673,-0.01638533357,
22,-0.01744790375,-0.01533558121,
22.035,-0.01204702538,-0.01428993968,
22.067,-0.007939451374,-0.006023512688,
22.1,-0.004898208193,-0.003969725687,
22.134,-0.00133938482,-0.002449104097,
22.167,-0.00121824129,-0.0006696924102,
22.2,-0.00189662457,-0.0006091206451,
22.234,-0.001658702036,-0.0009483122849,
22.267,-0.001356574707,-0.0008293510182,
22.3,-0.001527204877,-0.0006782873534,
22.334,-0.002147958148,-0.0007636024384,
22.368,-0.001373061677,-0.001073979074,
22.4,0.0001097590721,-0.0006865308387,
22.434,0.000298616651,5.487953604e-05,
22.467,-0.0001126810166,0.0001493083255,
22.5,-0.0002949300106,-5.634050831e-05,
22.534,-0.000301843218,-0.0001474650053,
22.567,-0.001727844123,-0.000150921609,
22.6,-0.001729088603,-0.0008639220614,
22.634,-0.003019011812,-0.0008645443013,
22.667,-0.004718196578,-0.001509505906,
22.7,-0.004548483994,-0.002359098289,
22.734,-0.004126615822,-0.002274241997,
22.767,-0.004034657031,-0.002063307911,
22.8,-0.004068196286,-0.002017328516,
22.834,-0.005307237152,-0.002034098143,
22.867,-0.007242111489,-0.002653618576,
22.9,-0.008390921168,-0.003621055745,
22.934,-0.0100742653,-0.004195460584,
22.967,-0.01108520385,-0.005037132651,
23.009,-0.01126740128,-0.01110859,
23.034,-0.01162970997,-0.01119968873,
23.067,-0.01225758065,-0.01138084312,
23.1,-0.01235138346,-0.01169477846,
23.134,-0.01491966099,-0.01174167987,
23.167,-0.01682740077,-0.01302581865,
23.2,-0.01854733378,-0.01397968854,
23.234,-0.01993244514,-0.01483965505,
23.267,-0.01977067254,-0.01553221073,
23.3,-0.01839549839,-0.01545132444,
23.334,-0.0111893788,-0.01476373737,
23.367,-0.008613917977,-0.005594689399,
23.401,-0.00746939145,-0.004306958988,
23.434,-0.005805658642,-0.003734695725,
23.467,-0.005426619202,-0.002902829321,
23.5,-0.004648665898,-0.002713309601,
23.534,-0.005079416558,-0.002324332949,
23.567,-0.00473212311,-0.002539708279,
23.6,-0.005358045921,-0.002366061555,
23.634,-0.008130426519,-0.00267902296,
23.667,-0.009554325603,-0.004065213259,
23.7,-0.009844053537,-0.004777162801,
23.734,-0.01197050884,-0.01048801507,
23.767,-0.01212761085,-0.01155124273,
23.8,-0.01236256119,-0.01162979375,
23.841,-0.01150917169,-0.01174726892,
23.867,-0.009653934278,-0.01132057418,
23.9,-0.007729229052,-0.004826967139,
23.934,-0.002037503291,-0.003864614526,
23.967,0.001110779122,-0.001018751645,
24,0.005031001288,0.0005553895608,
24.034,0.008266900666,0.002515500644,
24.067,0.01606873237,0.009699438668,
24.1,0.01860737987,0.01360035451,
24.134,0.02169469558,0.01486967826,
24.167,0.02370023169,0.02197932439,
24.201,0.0301827509,0.02298209241,
24.234,0.0345897451,0.02622335201,
24.267,0.0395203121,0.03399283738,
24.3,0.04812698066,0.04202410913,
24.334,0.05178429186,0.04632744341,
24.367,0.05783938989,0.04815609898,
24.4,0.06152210385,0.05674963625,
24.434,0.07048881799,0.06415698144,
24.467,0.07564317435,0.06864033852,
24.5,0.07907976955,0.07678350503,
24.534,0.08494817466,0.07850180271,
24.567,0.08866608143,0.08143600539,
24.6,0.09780890495,0.08886094722,
24.634,0.1022055522,0.09899834753,
24.667,0.1121082827,0.1011966712,
24.7,0.1174874902,0.1117140252,
24.734,0.1221299246,0.1144036291,
24.767,0.1266840696,0.1222908349,
24.8,0.1319698393,0.1245679077,
24.834,0.1432314813,0.1327767813,
24.867,0.1461672485,0.1439735909,
24.9,0.1496658176,0.1454414747,
24.934,0.156745255,0.1471907594,
24.967,0.1601285934,0.1562964666,
25,0.1697922647,0.1635541244,
25.034,0.1807571501,0.1683859601,
25.067,0.1846601367,0.1794343913,
25.1,0.1851136684,0.1813858851,
25.134,0.1875854582,0.1816126511,
25.167,0.1892687678,0.1828485461,
25.2,0.1907579005,0.1892561899,
25.234,0.1970522106,0.1900007565,
25.267,0.201110974,0.1931479119,
25.3,0.2002414465,0.2007432823,
25.334,0.1959541887,0.1947425299,
25.367,0.1960903853,0.192598901,
25.4,0.1989502609,0.1926669993,
25.434,0.2023234218,0.194096937,
25.467,0.2058885247,0.2013495061,
25.5,0.211449489,0.2031320576,
25.534,0.2142657638,0.2114785285,
25.567,0.2158447951,0.2128866659,
25.6,0.2192600369,0.2136761816,
25.634,0.2222157717,0.2209497911,
25.667,0.2274135202,0.2224276584,
25.7,0.2289938331,0.2250265327,
25.734,0.2310889363,0.2258166893,
25.767,0.2390006185,0.2324302296,
25.8,0.2442871332,0.2363860708,
25.834,0.2493564785,0.2445953168,
25.867,0.2642868757,0.2526959783,
25.9,0.2611329257,0.2601611772,
25.935,0.2578121424,0.2585842024,
25.967,0.2548586726,0.251357822,
26,0.2542915344,0.2498810871,
26.034,0.2561458945,0.2551635067,
26.067,0.2554406524,0.2560906867,
26.1,0.253537029,0.250172077,
26.134,0.2528010309,0.2492202655,
26.167,0.2525524795,0.2488522664,
26.2,0.2530362904,0.2487279909,
26.234,0.2547023892,0.2489698967,
26.267,0.2551545501,0.2553689352,
26.301,0.250497371,0.2500290276,
26.334,0.2442258894,0.2477004382,
26.367,0.2403178066,0.2389987092,
26.4,0.2345635146,0.2370446681,
26.434,0.2323655933,0.2286015334,
26.467,0.2286570668,0.2275025729,
26.5,0.2239426672,0.2256483096,
26.534,0.2191538513,0.2177251211,
26.567,0.2069990486,0.2097647243,
26.6,0.2013688534,0.203687323,
26.634,0.1945087612,0.1953062363,
26.667,0.1907747835,0.1918761899,
26.7,0.180975914,0.1844432119,
26.735,0.1754608303,0.1739777882,
26.767,0.1697197407,0.1712202463,
26.8,0.1599333435,0.1683497014,
26.834,0.1558311433,0.1578905139,
26.867,0.1492753774,0.1502734251,
26.9,0.1453943402,0.146995542,
26.934,0.138461858,0.1394890346,
26.967,0.137093842,0.1360227935,
27,0.1363239288,0.1353387855,
27.034,0.1354649216,0.1349538289,
27.067,0.1346303374,0.1345243254,
27.1,0.1323761493,0.1285410447,
27.134,0.1305744648,0.1274139507,
27.167,0.129041031,0.1265131087,
27.201,0.1291250587,0.1257463922,
27.234,0.1296478659,0.1257884061,
27.267,0.1313380152,0.1260498101,
27.3,0.13279441,0.1268948849,
27.334,0.1309702843,0.1276230825,
27.367,0.1302636862,0.12671102,
27.4,0.1301938444,0.1263577213,
27.434,0.1302957982,0.1263228005,
27.468,0.130789414,0.1263737775,
27.502,0.1313034445,0.1266205857,
27.535,0.1326132864,0.126877601,
27.567,0.1309571415,0.1275325221,
27.6,0.1296708286,0.1267044499,
27.634,0.1297920495,0.1260612936,
27.667,0.1305251867,0.1261219041,
27.7,0.1317835599,0.1264884727,
27.738,0.134618327,0.1271176594,
27.767,0.1335726976,0.1341010321,
27.8,0.1332837492,0.1280122284,
27.834,0.1336245537,0.1278677543,
27.868,0.1357206553,0.1336041457,
27.9,0.138228789,0.1346521966,
27.934,0.1413453221,0.1359062634,
27.967,0.141430527,0.1374645301,
28,0.145246163,0.1375071324,
28.034,0.1476777792,0.1449809395,
28.067,0.1541360915,0.1461967476,
28.1,0.1562024057,0.1549918925,
28.135,0.1552164406,0.1504590603,
28.167,0.1539167911,0.1499660777,
28.201,0.1532761157,0.1493162527,
28.234,0.1531049758,0.1489959147,
28.267,0.1558847874,0.1489103446,
28.3,0.15724428,0.155866239,
28.334,0.1574257314,0.156545985,
28.367,0.1579513997,0.1566367106,
28.4,0.1597669721,0.1568995446,
28.434,0.1609563529,0.1578073307,
28.467,0.1631484479,0.1584020211,
28.5,0.1672763675,0.1594980686,
28.541,0.167407304,0.1671280174,
28.567,0.1658556461,0.1671934856,
28.601,0.1660974175,0.1608516677,
28.634,0.1670557559,0.1665385422,
28.667,0.1696792543,0.1670177113,
28.7,0.1722617745,0.1683294605,
28.734,0.1721581817,0.1696207205,
28.767,0.1707363725,0.169568924,
28.8,0.1688889861,0.1688580192,
28.834,0.1685351878,0.1679343259,
28.867,0.1708136946,0.1677574267,
28.9,0.1678201556,0.1688966801,
28.934,0.1679066867,0.1673999105,
28.967,0.1689676344,0.1674431761,
29,0.1702289283,0.16797365,
29.034,0.1742893308,0.168604297,
29.067,0.185212478,0.1762004872,
29.1,0.1840423942,0.1816620609,
29.134,0.1816571057,0.1810770192,
29.167,0.1814946681,0.1798843751,
29.2,0.182377696,0.1798031566,
29.234,0.1835034788,0.1802446708,
29.267,0.1847376972,0.1808075623,
29.3,0.1859769672,0.1814246723,
29.334,0.1820525527,0.1820443075,
29.367,0.1771549284,0.1745161117,
29.4,0.1694370359,0.1720672998,
29.434,0.1659503281,0.1626423647,
29.468,0.1621419936,0.160899011,
29.5,0.1598556936,0.1589948439,
29.534,0.1571068019,0.1522857051,
29.567,0.153107971,0.1509112593,
29.6,0.1513848901,0.1489118441,
29.634,0.1511912942,0.1480503037,
29.667,0.1518573165,0.1479535058,
29.7,0.1484495699,0.1482865171,
29.734,0.1455354095,0.1465826438,
29.767,0.1455176324,0.1451255637,
29.8,0.1455689818,0.1451166751,
29.834,0.1467940062,0.1451423497,
29.867,0.1497644484,0.1457548619,
29.9,0.1454796195,0.1472400826,
29.934,0.1447222084,0.1395316787,
29.967,0.143329829,0.1391529729,
30,0.142792657,0.138456783,
30.034,0.1425344497,0.1381881967,
30.067,0.1428993642,0.1380590927,
30.1,0.1459212303,0.1382415496,
30.134,0.1489535868,0.1453184712,
30.167,0.1489491314,0.1468346492,
30.2,0.1481080204,0.1468324214,
30.234,0.1472486258,0.1464118658,
30.267,0.1469641626,0.1459821685,
30.3,0.1457987428,0.1458399369,
30.334,0.1455702782,0.1452572271,
30.367,0.1394319087,0.1395770061,
30.4,0.136346072,0.1365078216,
30.434,0.1305444837,0.1293989143,
30.467,0.1287373453,0.1264981201,
30.5,0.1269987077,0.1255945509,
30.535,0.1265500784,0.124725232,
30.567,0.1247956827,0.1245009172,
30.6,0.1238984019,0.1236237193,
30.634,0.1246065348,0.1231750786,
30.667,0.1287399977,0.123529145,
30.7,0.133369118,0.1255958762,
30.734,0.1371097118,0.1334764249,
30.767,0.143013522,0.1353467215,
30.8,0.1477644444,0.1382986264,
30.834,0.1533533782,0.1462400763,
30.867,0.166036576,0.1546005316,
30.9,0.1685210913,0.166508119,
30.934,0.1697181761,0.1677503763,
30.967,0.1726099253,0.1683489183,
31,0.1749241501,0.1697947926,
31.034,0.1771722287,0.1709519045,
31.067,0.1803687662,0.1776419321,
31.1,0.1883915216,0.1792402006,
31.134,0.1865791231,0.1888175668,
31.167,0.1870595813,0.1823453789,
31.2,0.1898844093,0.1881515966,
31.234,0.1976778507,0.1895640106,
31.267,0.2028733194,0.1990267199,
31.3,0.2073122114,0.2016244543,
31.334,0.205048278,0.2038439002,
31.367,0.2028021365,0.2027119332,
31.4,0.2040655911,0.2015888621,
31.434,0.2064761221,0.2022205887,
31.467,0.2079423368,0.2034258538,
31.5,0.2101791352,0.2041589607,
31.542,0.206386745,0.210843348,
31.567,0.2028975338,0.2033811637,
31.6,0.2002329379,0.201636558,
31.634,0.1956091374,0.1947382713,
31.667,0.1939457804,0.1924263708,
31.7,0.1905443966,0.1915946923,
31.734,0.1877643019,0.184328012,
31.767,0.1808740199,0.1829379644,
31.8,0.1801751405,0.1794928232,
31.834,0.1810200214,0.1791433834,
31.867,0.1819019765,0.1795658237,
31.9,0.1834397614,0.180006801,
31.934,0.1777876168,0.1807756933,
31.967,0.1756623983,0.1723836326,
32,0.173123166,0.1713210233,
32.034,0.173375681,0.1700514072,
32.067,0.174587667,0.1701776648,
32.1,0.1785632521,0.1707836579,
32.134,0.1777330637,0.1783374387,
32.167,0.1762343794,0.1723563562,
32.2,0.1751544327,0.171607014,
32.234,0.175961256,0.1710670405,
32.267,0.1766635925,0.1714704521,
32.3,0.1769448072,0.1718216202,
32.334,0.1735988706,0.1775282158,
32.367,0.1702998728,0.1702892591,
32.4,0.1644817591,0.16863976,
32.434,0.1629765034,0.1601647147,
32.467,0.1627083868,0.1594120866,
32.5,0.1645186245,0.1592780281,
32.534,0.163937971,0.1601831468,
32.567,0.1630827934,0.1598928198,
32.6,0.1597977728,0.1594652306,
32.634,0.1583744287,0.1578227201,
32.667,0.1565500647,0.1571110481,
32.7,0.1558965445,0.1506328776,
32.734,0.1511564106,0.1503061173,
32.767,0.1485211253,0.1479360501,
32.8,0.1462661028,0.1466184074,
32.834,0.1458271295,0.1454908959,
32.867,0.1448248774,0.1452714092,
32.9,0.1447870731,0.1447702831,
32.934,0.1404625922,0.139185393,
32.967,0.1362054497,0.1370231526,
33,0.1332108527,0.1293285934,
33.034,0.1335656643,0.127831295,
33.067,0.133736521,0.133574689,
33.1,0.136483714,0.1336601175,
33.134,0.135453552,0.1350337142,
33.167,0.135261327,0.1345186334,
33.2,0.1348583251,0.1344225212,
33.234,0.1361363232,0.1342210205,
33.267,0.1376003325,0.1348600195,
33.3,0.140343979,0.1355920242,
33.334,0.1413056552,0.1369638475,
33.367,0.1391773969,0.1374446856,
33.4,0.1346582919,0.1363805564,
33.436,0.1346082389,0.1341210039,
33.467,0.1348330826,0.1340959773,
33.5,0.1359477937,0.1342083991,
33.534,0.1371399313,0.1347657545,
33.567,0.1361346394,0.1353618232,
33.6,0.1356274635,0.1348591772,
33.634,0.1352015436,0.134605589,
33.667,0.1343714446,0.134392629,
33.7,0.1338941008,0.1339775794,
33.734,0.1304458231,0.1281729192,
33.767,0.1279308051,0.1264487803,
33.801,0.1287765056,0.1251912713,
33.834,0.1317440867,0.1256141216,
33.868,0.1349433064,0.1326639003,
33.9,0.1366585046,0.1342635103,
33.934,0.1342015266,0.1351211096,
33.967,0.1323494762,0.1283266327,
34,0.1313120872,0.1274006077,
34.034,0.1311032027,0.1268819135,
34.067,0.1325572431,0.1267774713,
34.1,0.1339894682,0.1275044915,
34.134,0.1324397326,0.1282206041,
34.167,0.1324458718,0.1274457363,
34.2,0.1329597235,0.127448806,
34.234,0.1336100996,0.1332717198,
34.267,0.1350105405,0.1335969077,
34.3,0.136848554,0.1342971281,
34.334,0.1352661103,0.1352161347,
34.367,0.1349354535,0.1344249125,
34.4,0.1375812143,0.1342595841,
34.434,0.1385380179,0.1355824642,
34.467,0.1381819695,0.136060866,
34.5,0.1407230645,0.1358828416,
34.534,0.1422456056,0.137153389,
34.567,0.1420323253,0.1379146595,
34.6,0.1363739967,0.1378080194,
34.634,0.1345003545,0.1349788553,
34.667,0.1355949789,0.1340420346,
34.7,0.137705788,0.134589347,
34.734,0.1395994872,0.1356447517,
34.767,0.1354468465,0.1365916015,
34.8,0.1346456856,0.1345152812,
34.834,0.1339916885,0.1341147009,
34.867,0.1342472583,0.1337877025,
34.9,0.1382878572,0.1339154876,
34.934,0.1402326077,0.1359357876,
34.967,0.1404349506,0.1369081632,
35.003,0.1412604451,0.137009335,
35.034,0.1433765143,0.1374220827,
35.067,0.1452532113,0.144046106,
35.1,0.1504368037,0.1449844551,
35.134,0.1529458314,0.1475762516,
35.167,0.15147008,0.1488307657,
35.2,0.1479456127,0.1480928906,
35.234,0.1464485079,0.1463306572,
35.267,0.1437875777,0.1400161166,
35.3,0.1422955543,0.1386856516,
35.334,0.1402636617,0.13793964,
35.367,0.1357547641,0.1369236937,
35.4,0.1327300966,0.1346692448,
35.434,0.129308328,0.1275909224,
35.467,0.1283318698,0.125880038,
35.5,0.1269878,0.1253918088,
35.534,0.1250750124,0.1247197737,
35.568,0.1207966357,0.1181973912,
35.6,0.1154223382,0.1160582027,
35.634,0.1081455126,0.1078050654,
35.667,0.1046539545,0.1041666525,
35.7,0.09884098917,0.1024208734,
35.734,0.09621646255,0.09394840225,
35.767,0.0939451009,0.09263613894,
35.8,0.09248442948,0.0915004581,
35.835,0.09101364017,0.09077012237,
35.867,0.09022644162,0.09003472767,
35.9,0.08972596377,0.08964112835,
35.934,0.0886804536,0.08939088948,
35.967,0.08668314666,0.083302146,
36,0.08288257569,0.08230349252,
36.034,0.08159617335,0.08040320703,
36.067,0.08064202964,0.07976000583,
36.1,0.07878377289,0.07928293396,
36.134,0.07748081535,0.0727878171,
36.167,0.074073717,0.07213633833,
36.2,0.07223857194,0.07043278919,
36.234,0.07061131299,0.06951521662,
36.267,0.06584063917,0.06870158708,
36.3,0.06480823457,0.0607502617,
36.334,0.06417372078,0.06023405935,
36.367,0.06416536868,0.05991680241,
36.4,0.06383990496,0.0599126263,
36.435,0.06376918405,0.05974989442,
36.467,0.06324332207,0.05971453394,
36.5,0.0627226457,0.05945160294,
36.534,0.06132378802,0.05919126473,
36.567,0.06089337543,0.05849183588,
36.6,0.06142486632,0.0582766296,
36.634,0.0630979687,0.05854237511,
36.667,0.06345297396,0.05937892631,
36.7,0.06370741874,0.05955642893,
36.734,0.06016220152,0.05968365133,
36.767,0.05674977228,0.05791104273,
36.8,0.05343010277,0.0562048281,
36.834,0.05082619563,0.04897900494,
36.867,0.04791301489,0.04767705138,
36.9,0.04145551473,0.04065447262,
36.934,0.03898781538,0.03742572255,
36.967,0.03360705078,0.0361918729,
37,0.03069117293,0.02793550221,
37.034,0.02748454735,0.02647756329,
37.067,0.02359722368,0.02487425052,
37.1,0.01980295591,0.01736460027,
37.134,0.01275864709,0.0154674664,
37.167,0.009904260747,0.011945312,
37.2,0.007075748406,0.004952130374,
37.234,0.001912892447,0.003537874203,
37.267,-0.0008654471021,0.0009564462234,
37.3,-0.003574317554,-0.0004327235511,
37.334,-0.0088111246,-0.001787158777,
37.367,-0.01061944943,-0.0044055623,
37.4,-0.013172484,-0.01087571341,
37.434,-0.0152702909,-0.01215223072,
37.467,-0.01761280745,-0.01320113424,
37.5,-0.0235876739,-0.01437239255,
37.534,-0.02532123029,-0.02292581463,
37.567,-0.02945702523,-0.02379259295,
37.6,-0.03137854859,-0.02586049045,
37.634,-0.03687913716,-0.0323872412,
37.667,-0.04008444771,-0.03513753554,
37.7,-0.04297833517,-0.03674019097,
37.734,-0.04907401651,-0.0437531238,
37.767,-0.04967903346,-0.04680096461,
37.8,-0.05244209617,-0.04710347319,
37.834,-0.05415757746,-0.04848500468,
37.867,-0.05836224556,-0.05490873459,
37.9,-0.0604086183,-0.05701106875,
37.934,-0.06294653565,-0.0580342553,
37.967,-0.06353379786,-0.05930321409,
38,-0.06390087306,-0.0595968453,
38.034,-0.06557616591,-0.05978038311,
38.067,-0.06645866483,-0.06061802958,
38.1,-0.06942023337,-0.06662526856,
38.134,-0.07020361722,-0.06810605295,
38.167,-0.06895258278,-0.06849774502,
38.2,-0.0693089366,-0.06787222792,
38.234,-0.06988304108,-0.068050405,
38.267,-0.07070059329,-0.06833745741,
38.3,-0.07162204385,-0.06874623362,
38.334,-0.07286854833,-0.06920695895,
38.367,-0.07363834232,-0.06983021129,
38.4,-0.07289271057,-0.07021510841,
38.434,-0.0724484399,-0.06984229266,
38.467,-0.07193211466,-0.06962015744,
38.5,-0.07199195772,-0.06936199501,
38.534,-0.07228706777,-0.06939191665,
38.567,-0.07231922448,-0.06953947174,
38.6,-0.06988206506,-0.06955555014,
38.634,-0.06765226275,-0.06833697051,
38.667,-0.06623478979,-0.06722206947,
38.7,-0.06548382342,-0.06094734335,
38.734,-0.06349390745,-0.06057186022,
38.768,-0.06131745875,-0.05957690227,
38.8,-0.05931730568,-0.05848867804,
38.834,-0.05548593402,-0.05748860156,
38.867,-0.0536092557,-0.05000692603,
38.9,-0.05126430839,-0.04906858694,
38.934,-0.05030294508,-0.0478961133,
38.967,-0.04527722672,-0.04741543168,
39,-0.04371834546,-0.03933658277,
39.034,-0.04126000777,-0.03855714218,
39.069,-0.04043293372,-0.03732797336,
39.1,-0.03971065953,-0.03691443638,
39.134,-0.03914752603,-0.03655329932,
39.167,-0.03698553145,-0.03627173259,
39.2,-0.03291095048,-0.03519073532,
39.234,-0.03102448769,-0.02758745499,
39.267,-0.0287720561,-0.0266442236,
39.3,-0.02804813907,-0.02551800782,
39.334,-0.02579469979,-0.02515604933,
39.367,-0.0230324436,-0.0240293297,
39.4,-0.01904570498,-0.0170822117,
39.434,-0.01768500172,-0.0150888424,
39.467,-0.01513321046,-0.01440849077,
39.5,-0.01445605699,-0.01313259515,
39.534,-0.0132768685,-0.01279401842,
39.567,-0.01195810642,-0.01220442418,
39.6,-0.007947022095,-0.00597905321,
39.634,-0.004306796938,-0.003973511048,
39.667,-0.002452426357,-0.002153398469,
39.7,-0.001287756721,-0.001226213179,
39.734,-0.0006076819263,-0.0006438783603,
39.767,0.001764223329,-0.0003038409632,
39.8,0.003399310866,0.0008821116644,
39.834,0.006153594237,0.001699655433,
39.867,0.009696139023,0.003076797118,
39.9,0.01166326459,0.0104140595,
39.934,0.01255110931,0.01139762229,
39.967,0.015882954,0.01184154465,
40,0.01892931201,0.01350746699,
40.034,0.0216977261,0.015030646,
40.067,0.02646680735,0.02198084305,
40.1,0.02896905132,0.02436538368,
40.134,0.03071767837,0.02561650567,
40.167,0.03184792772,0.0264908192,
40.2,0.03764747083,0.03262193388,
40.234,0.0406816639,0.03552170544,
40.267,0.04462272301,0.03703880198,
40.3,0.04622351751,0.04457532155,
40.334,0.04887097329,0.04537571881,
40.367,0.04986820742,0.04669944671,
40.4,0.05316508189,0.04719806378,
40.434,0.0574211888,0.04884650102,
40.467,0.05973485857,0.05654054451,
40.5,0.06077887118,0.0576973794,
40.534,0.05216642842,0.05821938572,
40.567,0.04609528184,0.04834717432,
40.6,0.04214658588,0.03974561101,
40.634,0.03364627063,0.03777126304,
40.667,0.02927287668,0.02795511539,
40.701,0.02533910051,0.02576841841,
40.734,0.02124977857,0.02380153033,
40.767,0.01795011759,0.01619087933,
40.8,0.01628255099,0.01454104884,
40.834,0.01461630687,0.01370726554,
40.867,0.01389849372,0.01287414348,
40.9,0.01294932328,0.01251523691,
40.934,0.01203421876,0.01204065169,
40.967,0.01225056313,0.01158309943,
41,0.0150097888,0.01169127162,
41.034,0.01548981573,0.01307088445,
41.067,0.01638383605,0.01331089793,
41.1,0.01835183986,0.01375790808,
41.134,0.01911988482,0.01474190998,
41.167,0.01988826878,0.01512593247,
41.2,0.02420922555,0.02107611451,
41.234,0.02662075125,0.02323659289,
41.267,0.03011467122,0.02444235575,
41.3,0.031773597,0.02618931573,
41.334,0.03338098526,0.02701877863,
41.367,0.03485659137,0.03338846283,
41.4,0.03631875291,0.0341262659,
41.434,0.03969630972,0.03485734668,
41.467,0.04178988934,0.03654612507,
41.5,0.04487435892,0.03759291488,
41.534,0.04657987133,0.04470113976,
41.568,0.04967682064,0.04555389596,
41.6,0.05133603886,0.04710237063,
41.634,0.0546345152,0.04793197975,
41.667,0.05617978051,0.04958121793,
41.7,0.05904885754,0.05591984067,
41.734,0.06046530604,0.0573543792,
41.767,0.06179377809,0.0580626035,
41.8,0.06494220346,0.05872683951,
41.834,0.06661574543,0.06030105223,
41.867,0.06994914263,0.06670381329,
41.9,0.07158820331,0.06837051189,
41.934,0.07313651592,0.06919004225,
41.967,0.07459891587,0.06996419854,
42,0.07622996718,0.07069539853,
42.034,0.07930339873,0.0770769143,
42.067,0.08058921248,0.07861363008,
42.1,0.08333234489,0.07925653695,
42.134,0.08452183753,0.08062810319,
42.167,0.08560539037,0.0812228495,
42.2,0.08658168465,0.08176462595,
42.234,0.08800219744,0.08225277313,
42.267,0.08861796558,0.08296302954,
42.3,0.08923535794,0.08327091362,
42.334,0.08977670223,0.08914559992,
42.367,0.09069773555,0.08941627209,
42.4,0.09108544886,0.08987678876,
42.434,0.09142374992,0.09007064545,
42.467,0.09220384061,0.09023979599,
42.5,0.09255065769,0.09062984136,
42.534,0.09290859103,0.09080324994,
42.567,0.09343219548,0.09098221664,
42.6,0.09347575158,0.09124401887,
42.634,0.09384419024,0.09126579695,
42.667,0.09399978071,0.09145001632,
42.7,0.09425972402,0.09152781159,
42.734,0.09460508823,0.09165778327,
42.767,0.09480184317,0.09183046542,
42.8,0.09481571615,0.09192884291,
42.834,0.09487871826,0.09193577942,
42.867,0.09483514726,0.09196728049,
42.9,0.09488859028,0.09194549499,
42.934,0.09516661614,0.09197221652,
42.967,0.09502883255,0.09211122947,
43,0.09492796659,0.09204233767,
43.034,0.09463433921,0.09199190471,
43.067,0.09448588639,0.09184509105,
43.1,0.09409722686,0.09177086467,
43.134,0.09397634119,0.09157653491,
43.167,0.09389651567,0.09151609211,
43.2,0.09369688481,0.09147617935,
43.234,0.0935138166,0.09137636396,
43.267,0.09345501661,0.09128482987,
43.3,0.0935183093,0.09125542988,
43.334,0.09351556003,0.09128707624,
43.367,0.09364107251,0.0912857016,
43.4,0.09348742664,0.09134845786,
43.434,0.09345513582,0.09127163492,
43.467,0.09349571168,0.09125548958,
43.5,0.09346446395,0.09127577754,
43.534,0.09322724491,0.0912601537,
43.567,0.09315542877,0.09114154421,
43.6,0.09309334308,0.09110563617,
43.634,0.09296029061,0.09107459336,
43.667,0.0928863138,0.09100806715,
43.7,0.09282948822,0.09097107881,
43.734,0.09264563024,0.09094266605,
43.767,0.0925680995,0.0908507371,
43.8,0.09267699718,0.09081197176,
43.834,0.09282564372,0.09086642062,
43.867,0.09289530665,0.0909407439,
43.9,0.09327030182,0.0909755754,
43.934,0.09349592775,0.091163073,
43.967,0.0937454477,0.09127588599,
44,0.09456431121,0.091400646,
44.034,0.09489820898,0.09181007778,
44.067,0.09521535039,0.0919770267,
44.1,0.09591919184,0.09213559746,
44.134,0.09621552378,0.0924875182,
44.167,0.09653259069,0.09263568418,
44.2,0.09716201574,0.09279421765,
44.234,0.0975202769,0.09310893022,
44.267,0.09791943431,0.09328806083,
44.3,0.09879186004,0.09348763954,
44.334,0.09924407303,0.09392385244,
44.368,0.09974924475,0.09414995893,
44.4,0.1003590301,0.09996853512,
44.434,0.1006618664,0.1002734278,
44.467,0.101055868,0.100424846,
44.5,0.1019564271,0.1006218468,
44.534,0.102537252,0.1010721264,
44.567,0.1036634818,0.1013625388,
44.6,0.1038338393,0.1019256537,
44.634,0.1040428132,0.1020108325,
44.667,0.1042562872,0.1021153195,
44.7,0.1047178879,0.1022220565,
44.734,0.1051466838,0.1024528569,
44.767,0.105318144,0.1026672549,
44.8,0.1056244671,0.102752985,
44.834,0.1057753414,0.1029061466,
44.867,0.1059848443,0.1029815838,
44.9,0.1060644314,0.1030863352,
44.934,0.1060050055,0.1031261288,
44.967,0.106007278,0.1030964159,
45,0.1061553881,0.1030975522,
45.034,0.1061955467,0.1031716073,
45.067,0.1062491164,0.1031916866,
45.1,0.1063326523,0.1032184715,
45.134,0.1064201146,0.1032602395,
45.167,0.1068243757,0.1033039707,
45.2,0.1072455645,0.1035061012,
45.234,0.1077348068,0.1037166956,
45.267,0.1090142876,0.1039613168,
45.3,0.1096173823,0.1046010572,
45.334,0.1103032753,0.1049026046,
45.367,0.1115741655,0.1108115415,
45.4,0.1123361662,0.1114469866,
45.434,0.1137401983,0.111827987,
45.467,0.1143964604,0.1125300031,
45.5,0.1150919795,0.1128581341,
45.534,0.1157218516,0.1132058937,
45.568,0.1164323986,0.1135208297,
45.6,0.117164582,0.1138761032,
45.634,0.1177942231,0.114242195,
45.667,0.1189999506,0.1145570155,
45.7,0.1195540503,0.1151598793,
45.734,0.1200307384,0.1154369291,
45.769,0.1207640916,0.1156752732,
45.8,0.1209742799,0.1160419497,
45.834,0.1213579103,0.1161470439,
45.867,0.1215505227,0.1163388591,
45.9,0.1217584908,0.1164351653,
45.934,0.1221262813,0.1165391493,
45.967,0.1222285628,0.1167230445,
46,0.1222893447,0.1167741853,
46.034,0.1219759285,0.1168045762,
46.067,0.1217227951,0.1166478682,
46.1,0.1214391515,0.1165213015,
46.134,0.1209883839,0.1163794797,
46.167,0.1208194569,0.1161540959,
46.2,0.1205965877,0.1160696324,
46.234,0.1206383631,0.1159581978,
46.267,0.1207252443,0.1159790856,
46.3,0.1208479553,0.1160225262,
46.334,0.1210718676,0.1160838818,
46.367,0.1211668476,0.116195838,
46.4,0.1212065443,0.116243328,
46.434,0.1212574765,0.1162631764,
46.467,0.1212227345,0.1162886425,
46.5,0.1211629808,0.1162712715,
46.534,0.121185489,0.1162413947,
46.567,0.1212961748,0.1162526488,
46.6,0.1214122474,0.1163079917,
46.634,0.121745415,0.1163660281,
46.667,0.1222504303,0.1165326119,
46.7,0.1225792766,0.12235111,
46.734,0.122937195,0.1225155332,
46.767,0.1235812604,0.1226944924,
46.8,0.1238705814,0.1230165251,
46.834,0.1242048964,0.1231611856,
46.867,0.1249957681,0.1233283431,
46.9,0.1254749894,0.123723779,
46.934,0.1259227693,0.1239633897,
46.967,0.1264105737,0.1241872797,
47,0.1268447489,0.1244311819,
47.034,0.1273883879,0.1246482695,
47.067,0.1278590858,0.1249200891,
47.1,0.1288446784,0.125155438,
47.134,0.1293853223,0.1256482344,
47.167,0.1298976988,0.1259185564,
47.2,0.1308477223,0.1261747446,
47.234,0.131271556,0.1266497564,
47.267,0.1322228014,0.1268616733,
47.3,0.1326761842,0.127337296,
47.334,0.1337954104,0.1275639874,
47.367,0.1343650818,0.133689591,
47.4,0.1351420283,0.1339744267,
47.434,0.1352967918,0.1343629,
47.467,0.1356034726,0.1344402818,
47.5,0.1356202811,0.1345936222,
47.534,0.1355070025,0.1346020265,
47.567,0.1350475848,0.1345453872,
47.6,0.1346988678,0.1343156784,
47.634,0.1343921125,0.1341413199,
47.667,0.1337133944,0.1339879423,
47.7,0.1331911236,0.1336485833,
47.734,0.1320770979,0.1278214574,
47.767,0.1315725148,0.1272644445,
47.8,0.1311407834,0.127012153,
47.834,0.1306117028,0.1267962873,
47.867,0.1302635074,0.126531747,
47.9,0.1299580932,0.1263576493,
47.934,0.1294311881,0.1262049422,
47.967,0.1292056143,0.1259414897,
48,0.129003197,0.1258287028,
48.034,0.1290312856,0.1257274941,
48.067,0.1290089488,0.1257415385,
48.1,0.128989473,0.1257303701,
48.134,0.1289812922,0.1257206322,
48.167,0.1290043294,0.1257165418,
48.2,0.1291003823,0.1257280604,
48.234,0.1292236,0.1257760869,
48.267,0.1296244413,0.1258376957,
48.3,0.1297560185,0.1260381164,
48.334,0.1299448609,0.126103905,
48.367,0.1304503083,0.1261983262,
48.4,0.1307615489,0.1264510499,
48.434,0.1310065687,0.1266066702,
48.467,0.1315025091,0.1267291802,
48.5,0.1317443848,0.1269771504,
48.534,0.1319772154,0.1270980882,
48.567,0.1323093176,0.1272145036,
48.6,0.1324708611,0.1273805547,
48.634,0.1328718662,0.1274613264,
48.667,0.1330421567,0.127661829,
48.7,0.133266896,0.1277469742,
48.734,0.1335027516,0.1334253345,
48.767,0.133797735,0.1335432623,
48.8,0.1338716894,0.133690754,
48.834,0.1340041906,0.1337277312,
48.867,0.1345691234,0.1337939818,
48.9,0.1348640919,0.1340764482,
48.934,0.1351531744,0.1342239325,
48.967,0.1353909522,0.1343684737,
49,0.1360568255,0.1344873626,
49.034,0.1365381628,0.1348202993,
49.067,0.1370062381,0.1350609679,
49.1,0.1379044503,0.1352950056,
49.134,0.1384161413,0.1357441117,
49.167,0.1388671249,0.1359999572,
49.2,0.1395114362,0.136225449,
49.234,0.1408442408,0.1365476047,
49.267,0.1414870173,0.137214007,
49.3,0.1427235603,0.1375353952,
49.334,0.1432642043,0.1381536668,
49.367,0.1437084973,0.1384239887,
49.4,0.1441336274,0.1386461353,
49.434,0.1444955766,0.1388587004,
49.467,0.1451116651,0.1446056655,
49.5,0.1453943551,0.1449137098,
49.534,0.1456712335,0.1450550548,
49.567,0.1461461633,0.1451934941,
49.6,0.1465147883,0.145430959,
49.634,0.1471776068,0.1456152714,
49.667,0.1478031129,0.1459466807,
49.7,0.1489951015,0.1462594337,
49.734,0.1496428847,0.146855428,
49.767,0.1502748877,0.1471793196,
49.8,0.1514988244,0.1474953211,
49.834,0.1520727277,0.1481072894,
49.868,0.1525934637,0.1483942411,
49.9,0.1531411558,0.148654609,
49.934,0.1536737382,0.1489284551,
49.967,0.1543789059,0.1491947463,
50.001,0.1549649388,0.1495473301,
50.036,0.1555154026,0.1498403466,
50.067,0.1560502946,0.1501155785,
50.1,0.1571452618,0.1559490151,
50.134,0.1577810645,0.1564964986,
50.168,0.1587882042,0.1568144,
50.2,0.1592713743,0.1573179699,
50.234,0.1601741165,0.157559555,
50.267,0.1606248766,0.1580109261,
50.3,0.160981074,0.1582363061,
50.334,0.1613496244,0.1584144048,
50.367,0.1621789634,0.15859868,
50.4,0.1625921279,0.1590133496,
50.434,0.163458854,0.1592199318,
50.467,0.1638499498,0.1596532949,
50.5,0.1643956304,0.1596532949,
50.534,0.1648486108,0.1601216831,
50.567,0.1656625271,0.1603481733,
50.6,0.1659688205,0.1607551315,
50.634,0.166313678,0.1609082782,
50.667,0.1667205393,0.161080707,
50.7,0.1668677628,0.1612841376,
50.734,0.1669159532,0.16692374,
50.767,0.1668334454,0.1669478352,
50.8,0.1666729897,0.1613405907,
50.834,0.1664656997,0.1612603629,
50.867,0.1656935215,0.1611567179,
50.9,0.1652037203,0.1607706288,
50.934,0.164036721,0.1605257282,
50.967,0.1632700711,0.1599422286,
51,0.1624940783,0.1595589037,
51.034,0.1613122672,0.1591709073,
51.067,0.1607390493,0.1585800018,
51.1,0.1600987017,0.1582933928,
51.134,0.1588275731,0.157973219,
51.167,0.1582440585,0.1573376547,
51.2,0.1575851887,0.1570458974,
51.234,0.1567687541,0.1567164626,
51.267,0.1567776799,0.1563082453,
51.3,0.1566694081,0.1563127081,
51.334,0.1563077867,0.1562585722,
51.368,0.1559452564,0.1560777616,
51.4,0.155613184,0.1558964964,
51.434,0.1562221497,0.1557304602,
51.467,0.1563426703,0.1560349431,
51.5,0.1565197855,0.1560952034,
51.534,0.1565573066,0.156183761,
51.567,0.156329006,0.1562025216,
51.6,0.1562239677,0.1560883712,
51.634,0.1562681645,0.1560358521,
51.667,0.1569737494,0.1560579506,
51.7,0.157226488,0.156410743,
51.734,0.157494396,0.1565371123,
51.767,0.1575565934,0.1566710662,
51.8,0.1576761454,0.1567021649,
51.834,0.1586760581,0.1567619409,
51.867,0.1590126008,0.1572618972,
51.9,0.1592679918,0.1574301686,
51.934,0.1595408618,0.1575578641,
51.967,0.159646228,0.1576942992,
52,0.1599253416,0.1577469822,
52.034,0.1608268768,0.157886539,
52.067,0.1613562256,0.1583373066,
52.1,0.1617271751,0.158601981,
52.134,0.1619428545,0.1587874557,
52.168,0.1619684994,0.1588952954,
52.2,0.1625732183,0.1589081179,
52.234,0.1631307453,0.1592104774,
52.267,0.1638601273,0.1594892409,
52.3,0.163990587,0.1598539319,
52.334,0.1639840305,0.1599191617,
52.367,0.1637162715,0.1599158835,
52.4,0.163501054,0.1597820041,
52.434,0.1639247835,0.1596743953,
52.467,0.1644710451,0.1598862601,
52.5,0.165481016,0.1601593909,
52.534,0.1657398045,0.1606643764,
52.567,0.1662764847,0.1607937707,
52.6,0.1648440659,0.1610621108,
52.634,0.1563024968,0.1603459014,
52.667,0.1515879631,0.1505091262,
52.7,0.1415550262,0.1481518594,
52.734,0.1371586621,0.1375694004,
52.767,0.1325618029,0.1353712183,
52.8,0.1281691641,0.1275067981,
52.834,0.1204961315,0.1253104787,
52.867,0.1199671775,0.1159079718,
52.9,0.1187664419,0.1156434949,
52.934,0.1165187508,0.1150431271,
52.967,0.1154957339,0.1139192815,
53,0.1144061685,0.1134077731,
53.034,0.1127275303,0.1128629904,
53.067,0.1129712835,0.1120236713,
53.1,0.1129092872,0.1121455479,
53.134,0.1136508882,0.1121145498,
53.167,0.1142167002,0.1124853503,
53.2,0.1143861338,0.1127682563,
53.234,0.1147403345,0.1128529731,
53.267,0.1155049726,0.1130300734,
53.3,0.1145163849,0.1134123925,
53.334,0.1115467772,0.1129180986,
53.367,0.108827211,0.1058673042,
53.4,0.106655933,0.104507521,
53.434,0.102842249,0.103421882,
53.468,0.1032253951,0.1015150401,
53.5,0.1038007885,0.1017066131,
53.534,0.1043064594,0.1019943098,
53.567,0.1045584455,0.1022471453,
53.6,0.1054383144,0.1023731383,
53.634,0.1059831157,0.1028130728,
53.667,0.1073661298,0.1030854735,
53.7,0.108553648,0.1037769805,
53.734,0.1099113971,0.1043707396,
53.767,0.108148776,0.1050496141,
53.8,0.1061878875,0.1041683036,
53.834,0.1045812368,0.1031878593,
53.867,0.1032917723,0.102384534,
53.9,0.101253584,0.1017398017,
53.937,0.1003646627,0.1007207076,
53.967,0.09916366637,0.09471025633,
54,0.09850727767,0.09410975817,
54.035,0.09833749384,0.09378156383,
54.067,0.09876958281,0.09369667192,
54.1,0.09905467182,0.09391271641,
54.134,0.09796360135,0.09405526094,
54.167,0.09506297112,0.09350972571,
54.2,0.09392981976,0.09205941059,
54.234,0.09297522902,0.09149283493,
54.268,0.09384837747,0.09101553957,
54.3,0.09462369233,0.0914521138,
54.334,0.09549413621,0.09183977124,
54.367,0.09671445191,0.09227499319,
54.4,0.09776800126,0.09288515103,
54.434,0.09747703373,0.09341192571,
54.467,0.09707614779,0.09326644195,
54.5,0.09697522968,0.09306599898,
54.534,0.09702502936,0.09301553993,
54.567,0.09730948508,0.09304043976,
54.6,0.09756323695,0.09318266762,
54.634,0.09711971879,0.09330954356,
54.667,0.09639564157,0.09308778447,
54.7,0.09583137184,0.09272574585,
54.734,0.09484364092,0.09244361099,
54.767,0.09372082353,0.09194974553,
54.8,0.09241655469,0.09138833684,
54.834,0.09019601345,0.09073620242,
54.867,0.08887002617,0.0896259318,
54.9,0.08754603565,0.08339694752,
54.934,0.08563029766,0.08273495226,
54.967,0.0846324414,0.08177708326,
55,0.08385460824,0.08088923856,
55.034,0.08306523412,0.08127815514,
55.068,0.08167384565,0.0804945515,
55.1,0.08089856058,0.07979885727,
55.134,0.08041252196,0.07941121474,
55.167,0.07934115082,0.07916819542,
55.2,0.07888192683,0.07863250986,
55.234,0.07806550711,0.07840289787,
55.267,0.07769574225,0.07242869737,
55.3,0.07741672546,0.07224381494,
55.334,0.07727591693,0.07210430655,
55.367,0.07719312608,0.07203390229,
55.4,0.07728498429,0.07199250687,
55.434,0.07732379436,0.07203843598,
55.467,0.07725504786,0.07205784102,
55.5,0.07716625929,0.07202346777,
55.534,0.07698324323,0.07197907349,
55.567,0.07688412815,0.07188756546,
55.6,0.07669150829,0.07183800792,
55.634,0.07653014362,0.07174169799,
55.667,0.07624176145,0.07166101565,
55.7,0.0761160925,0.07151682455,
55.734,0.07620668411,0.07145399008,
55.767,0.07652554661,0.07149928589,
55.8,0.07681352645,0.07165871713,
55.834,0.07653545588,0.07180270705,
55.867,0.07641748339,0.07166367176,
55.9,0.07635362446,0.07160468551,
55.934,0.07660043985,0.07157275606,
55.967,0.07701867819,0.07169616375,
56,0.07722760737,0.07190528292,
56.034,0.07737395167,0.07200974751,
56.067,0.07749443501,0.0776489103,
56.1,0.07679605484,0.07214316133,
56.135,0.07642391324,0.07179397124,
56.167,0.0762829259,0.07160790044,
56.2,0.07629367709,0.07153740677,
56.234,0.07674320042,0.07154278237,
56.267,0.07548046857,0.07176754403,
56.3,0.0748667568,0.0711361781,
56.334,0.07429075986,0.07082932222,
56.367,0.07436334342,0.07054132375,
56.4,0.07464270294,0.07057761553,
56.434,0.07440771908,0.07071729529,
56.468,0.0737170279,0.07059980337,
56.5,0.07317142189,0.07025445779,
56.534,0.07287104428,0.06998165478,
56.567,0.0723971501,0.06983146599,
56.6,0.07245395333,0.0695945189,
56.635,0.07235586643,0.06962292052,
56.667,0.07108488679,0.06957387708,
56.7,0.06863802671,0.06893838726,
56.735,0.06792457402,0.06771495722,
56.767,0.0672339052,0.06735823088,
56.8,0.06715837866,0.06701289648,
56.834,0.0672146827,0.06697513322,
56.867,0.06540024281,0.06143729459,
56.9,0.06419563293,0.06053007466,
56.934,0.06300231814,0.05992776973,
56.967,0.06239118427,0.05933111234,
57,0.06224375591,0.0590255454,
57.034,0.06157599762,0.0589518312,
57.067,0.06042681634,0.05861795205,
57.1,0.05932955071,0.0580433614,
57.134,0.05805259943,0.05749472859,
57.167,0.05728900433,0.05685625294,
57.2,0.05635791272,0.05647445539,
57.234,0.05455262959,0.05600890958,
57.267,0.05268086493,0.04954027737,
57.3,0.05006419867,0.04860439504,
57.334,0.04927508906,0.0472960619,
57.367,0.04827146977,0.0469015071,
57.4,0.0480238013,0.04639969746,
57.434,0.0474200435,0.04627586322,
57.467,0.04634216428,0.04597398433,
57.5,0.04562194645,0.04543504472,
57.534,0.04411577433,0.04507493582,
57.567,0.04306165501,0.03875585911,
57.6,0.04271603003,0.03822879946,
57.634,0.0424615778,0.03805598697,
57.667,0.04232945293,0.03792876086,
57.7,0.04103657976,0.03786269843,
57.734,0.04004814848,0.03721626184,
57.767,0.03943029419,0.03672204621,
57.8,0.03936656192,0.03641311906,
57.834,0.03958440199,0.03638125293,
57.867,0.03952892125,0.03649017297,
57.9,0.03826578707,0.0364624326,
57.934,0.0377670601,0.03583086551,
57.967,0.03742925078,0.03558150203,
58,0.03772831708,0.03541259737,
58.034,0.03786348924,0.03556213053,
58.067,0.03718787804,0.03562971661,
58.1,0.03694820777,0.03529191101,
58.134,0.03659554943,0.03517207587,
58.167,0.0363885574,0.03499574671,
58.2,0.03692167625,0.03489225069,
58.234,0.03750196844,0.03515881011,
58.267,0.03728688508,0.03544895621,
58.3,0.03698050603,0.03534141453,
58.334,0.03682202101,0.035188225,
58.367,0.03725012764,0.03510898249,
58.4,0.03831119835,0.03532303581,
58.434,0.03884298354,0.03585357117,
58.467,0.03890109062,0.03611946376,
58.5,0.03764988855,0.0361485173,
58.534,0.0373506695,0.03552291627,
58.567,0.03708475456,0.03537330674,
58.6,0.03727573156,0.03524034926,
58.634,0.03757024929,0.03533583777,
58.667,0.03727118671,0.03548309663,
58.7,0.03714954481,0.03533356534,
58.734,0.03718606383,0.03527274439,
58.767,0.03738876805,0.0352910039,
58.8,0.03853530437,0.03539235601,
58.834,0.0390114747,0.03596562417,
58.867,0.0390750356,0.03620370934,
58.9,0.03923183307,0.03623548979,
58.934,0.03949498013,0.03631388853,
58.967,0.03995027393,0.03644546206,
59,0.04152460769,0.03667310897,
59.034,0.04267988354,0.03746027585,
59.067,0.04379500821,0.03803791378,
59.1,0.04365534335,0.03859547611,
59.134,0.04365091026,0.03852564368,
59.167,0.04408257455,0.03852342713,
59.2,0.04486200213,0.03873925928,
59.235,0.04586637393,0.04469496374,
59.267,0.04773403332,0.04519714964,
59.3,0.04807782546,0.04613097933,
59.334,0.04838030785,0.04630287541,
59.367,0.04876479134,0.04645411661,
59.4,0.05027850345,0.04664635835,
59.434,0.05107976869,0.04740321441,
59.467,0.05214528739,0.04780384703,
59.5,0.05207482725,0.04833660639,
59.534,0.05159173161,0.04830137632,
59.567,0.051438611,0.04805982849,
59.6,0.0517032668,0.04798326819,
59.634,0.05227820575,0.04811559609,
59.667,0.05319459736,0.04840306557,
59.7,0.05416451767,0.04886126137,
59.734,0.05347274616,0.04934622153,
59.767,0.05386114493,0.04900033577,
59.8,0.05501565337,0.04919453515,
59.834,0.0565216653,0.05533778005,
59.867,0.05621782318,0.05609078601,
59.9,0.05631172657,0.05593886495,
59.934,0.05639135838,0.05598581664,
59.967,0.0580871366,0.05602563254,
60,0.0590111427,0.05687352165,
60.034,0.06179036945,0.0573355247,
60.067,0.06300812215,0.05872513807,
60.1,0.06315737963,0.05933401442,
60.134,0.06426865608,0.05940864316,
60.167,0.06543658674,0.05996428138,
60.2,0.06656654179,0.06611423737,
60.234,0.06938636303,0.0666792149,
60.267,0.07061234862,0.06808912551,
60.3,0.07029235363,0.06870211831,
60.334,0.0705454126,0.06854212081,
60.367,0.07100658119,0.0686686503,
60.4,0.07304245979,0.0688992346,
60.434,0.07422161847,0.06991717391,
60.468,0.07545151561,0.07050675326,
60.5,0.07529945672,0.07112170184,
60.534,0.07591123134,0.07104567239,
60.567,0.07766030729,0.0713515597,
60.6,0.07889633626,0.07222609768,
60.634,0.08177130669,0.07841010285,
60.667,0.0833453387,0.07984758807,
60.7,0.08389440924,0.08063460409,
60.734,0.08419170231,0.08090913936,
60.767,0.08629301935,0.0810577859,
60.8,0.08743352443,0.08210844444,
60.834,0.08942104131,0.08267869698,
60.867,0.08914503455,0.08923844612,
60.9,0.08919671178,0.08910044274,
60.934,0.09045860171,0.08912628135,
60.967,0.09152041376,0.08975722632,
61,0.09376706928,0.09028813232,
61.034,0.09494607896,0.09141146004,
61.067,0.0970261246,0.09200096486,
61.1,0.09686527401,0.09304098766,
61.134,0.09711738676,0.09296056234,
61.167,0.09685751796,0.0930866187,
61.2,0.097040236,0.09295668427,
61.234,0.09724117815,0.09304804329,
61.267,0.09743206203,0.09314851436,
61.3,0.0958719328,0.09324395629,
61.334,0.09362132102,0.09246389166,
61.367,0.09241711348,0.09133858576,
61.4,0.08938153088,0.09073648197,
61.434,0.08803716302,0.08921869066,
61.467,0.08638834953,0.08298051606,
61.501,0.08443237096,0.08215610931,
61.534,0.0804579109,0.08117812002,
61.567,0.07815793157,0.07919088998,
61.6,0.07556845248,0.07247490966,
61.634,0.07012871653,0.0711801701,
61.667,0.06775440276,0.06846030212,
61.7,0.06176228821,0.06170715458,
61.734,0.05825246871,0.0587110973,
61.767,0.05477674305,0.05695618754,
61.8,0.05027317256,0.04965233407,
61.834,0.04579753429,0.04740054882,
61.867,0.03586993739,0.03959673904,
61.9,0.03131717071,0.03463294059,
61.934,0.02760762163,0.02679056662,
61.967,0.01811375841,0.01936980144,
62,0.01205449738,0.01462286984,
62.034,0.006636365782,0.01159323932,
62.067,-0.001891524997,0.003318182891,
62.1,-0.007210379932,-0.0009457624983,
62.134,-0.01864684373,-0.009171180592,
62.167,-0.02584099583,-0.01488941249,
62.2,-0.03277951106,-0.02961846979,
62.234,-0.04840252921,-0.0330877274,
62.267,-0.05470687896,-0.05203121771,
62.3,-0.06742105633,-0.05518339259,
62.334,-0.07409902662,-0.06710647188,
62.367,-0.09136766195,-0.07601144765,
62.4,-0.1021055207,-0.09021175592,
62.434,-0.1122697741,-0.1067126665,
62.467,-0.1297708899,-0.1173607838,
62.5,-0.1365246177,-0.1316773323,
62.534,-0.1552120745,-0.1406201868,
62.567,-0.1661860794,-0.1555299058,
62.6,-0.177044183,-0.1665828989,
62.634,-0.2012684047,-0.1775779413,
62.667,-0.21591115,-0.2063880239,
62.7,-0.2302341014,-0.2137093965,
62.734,-0.2379804105,-0.2320028533,
62.767,-0.2588664591,-0.2414419984,
62.8,-0.270819813,-0.2630170039,
62.835,-0.2845579088,-0.2745596713,
62.867,-0.3089287877,-0.2869947098,
62.9,-0.3166432381,-0.3103121303,
62.934,-0.3347138762,-0.319735346,
62.967,-0.3446515501,-0.3343366556,
63,-0.3718108535,-0.3504374736,
63.034,-0.3857750297,-0.3695831159,
63.067,-0.400175333,-0.3932631756,
63.1,-0.4153690934,-0.4004633272,
63.134,-0.4260821342,-0.4136261979,
63.167,-0.4404186904,-0.4301146993,
63.2,-0.4700057805,-0.4484149583,
63.234,-0.4860298932,-0.4743404843,
63.267,-0.5201547742,-0.4934845217,
63.3,-0.5272575617,-0.521678943,
63.334,-0.5413691998,-0.5307963272,
63.367,-0.5633803606,-0.5434181367,
63.4,-0.5824938416,-0.5711216885,
63.434,-0.6166086793,-0.59181041,
63.467,-0.6375139356,-0.6199998096,
63.5,-0.6621059775,-0.6415844187,
63.534,-0.6708689332,-0.6650124205,
63.567,-0.698407352,-0.6749598887,
63.6,-0.7152664065,-0.6942950885,
63.634,-0.7349081039,-0.7249885776,
63.667,-0.7800382376,-0.7459414071,
63.7,-0.803514123,-0.7907704358,
63.734,-0.8255029321,-0.8080743688,
63.767,-0.8597359657,-0.8357667446,
63.8,-0.874966979,-0.8640152421,
63.834,-0.9160040617,-0.8827627295,
63.867,-0.9300582409,-0.919979242,
63.9,-0.9464840889,-0.9325723219,
63.934,-0.9614640474,-0.9519172265,
63.967,-0.9958869815,-0.9705391865,
64,-1.014927506,-0.9988826342,
64.035,-1.039387584,-1.019534877,
64.067,-1.085541844,-1.048462887,
64.1,-1.094314694,-1.082671998,
64.134,-1.109541416,-1.092624413,
64.167,-1.122582078,-1.111369754,
64.2,-1.162233829,-1.129022066,
64.234,-1.181263566,-1.159979922,
64.27,-1.226185679,-1.197324742,
64.3,-1.251169086,-1.230917779,
64.334,-1.254374385,-1.248975472,
64.367,-1.270382166,-1.261710102,
64.4,-1.304853439,-1.280845973,
64.434,-1.324267387,-1.30921359,
64.467,-1.345471978,-1.324486555,
64.5,-1.36792326,-1.357352811,
64.534,-1.395002484,-1.368578451,
64.567,-1.410503864,-1.398816034,
64.6,-1.4281286,-1.417698704,
64.634,-1.472512007,-1.437643052,
64.667,-1.495059252,-1.482098717,
64.7,-1.5009619,-1.493372339,
64.734,-1.524328351,-1.513021634,
64.767,-1.542983651,-1.530270849,
64.8,-1.591335535,-1.56186246,
64.834,-1.618821383,-1.597170383,
64.868,-1.648593664,-1.627611277,
64.9,-1.667849541,-1.653629398,
64.934,-1.684551597,-1.679955306,
64.967,-1.723216653,-1.688306334,
65,-1.745885253,-1.729902822,
65.034,-1.76850462,-1.757935093,
65.067,-1.821750998,-1.780376756,
65.1,-1.833696723,-1.823697916,
65.134,-1.854982853,-1.835236768,
65.167,-1.870001554,-1.857011813,
65.2,-1.888413668,-1.875653144,
65.234,-1.932303548,-1.901557171,
65.267,-1.956658483,-1.934634092,
65.3,-1.987564087,-1.96907552,
65.334,-1.990650296,-1.990094313,
65.367,-2.015307665,-1.997203407,
65.4,-2.035553455,-2.020664072,
65.434,-2.051719189,-2.036352958,
65.467,-2.093914747,-2.061133795,
65.5,-2.110893965,-2.104495536,
65.534,-2.120868206,-2.112985145,
65.567,-2.132179976,-2.123538256,
65.6,-2.140146255,-2.134760131,
65.635,-2.173564911,-2.149875252,
65.667,-2.190092564,-2.17771656,
65.7,-2.210007191,-2.197112367,
65.734,-2.220717669,-2.207069681,
65.768,-2.223726273,-2.21799091,
65.8,-2.23222065,-2.230627193,
65.834,-2.258538246,-2.240440372,
65.867,-2.271268129,-2.264731151,
65.9,-2.29591918,-2.282228074,
65.934,-2.297802687,-2.294553599,
65.967,-2.302391529,-2.295495352,
66,-2.319496632,-2.303355764,
66.034,-2.331394434,-2.323040295,
66.067,-2.338154554,-2.334555187,
66.1,-2.338815212,-2.337935247,
66.134,-2.345809937,-2.338265576,
66.167,-2.355184555,-2.347328928,
66.2,-2.362081766,-2.357582228,
66.234,-2.387484074,-2.372162814,
66.267,-2.400833845,-2.390429958,
66.3,-2.429457903,-2.413802815,
66.334,-2.431709051,-2.428114844,
66.367,-2.43426013,-2.429240418,
66.4,-2.441065073,-2.436081948,
66.434,-2.459480286,-2.43948442,
66.467,-2.468595505,-2.454258017,
66.502,-2.471488476,-2.469947607,
66.534,-2.475169897,-2.471394093,
66.567,-2.484798431,-2.473234803,
66.6,-2.495712757,-2.483615061,
66.634,-2.510392666,-2.500204204,
66.667,-2.522093534,-2.513110148,
66.7,-2.534439325,-2.524526573,
66.734,-2.54037118,-2.536265459,
66.767,-2.54383707,-2.539231386,
66.8,-2.55439353,-2.546530321,
66.834,-2.560391188,-2.55737454,
66.867,-2.564916372,-2.560373369,
66.9,-2.563523293,-2.56263596,
66.934,-2.568539381,-2.561939421,
66.967,-2.572175503,-2.570013455,
67,-2.585632563,-2.571831516,
67.034,-2.594028234,-2.589692026,
67.067,-2.613209248,-2.593889862,
67.1,-2.616786242,-2.614612349,
67.134,-2.622761726,-2.616400846,
67.167,-2.628112078,-2.624954579,
67.2,-2.641927719,-2.633195745,
67.234,-2.650075197,-2.645669556,
67.267,-2.663218737,-2.655309286,
67.3,-2.666548014,-2.661881056,
67.334,-2.674946547,-2.669111685,
67.367,-2.682139635,-2.673310951,
67.4,-2.688802719,-2.682473486,
67.434,-2.706825733,-2.696937008,
67.467,-2.715228796,-2.705948515,
67.5,-2.732988358,-2.715716037,
67.534,-2.734956264,-2.735727799,
67.567,-2.74450779,-2.736711752,
67.6,-2.750916481,-2.747053505,
67.634,-2.757097483,-2.750257851,
67.667,-2.771499157,-2.758914343,
67.7,-2.779550552,-2.77168117,
67.735,-2.78844285,-2.781272858,
67.767,-2.790768147,-2.791284998,
67.8,-2.794177294,-2.792447646,
67.834,-2.801976681,-2.79415222,
67.867,-2.807980061,-2.803617904,
67.9,-2.813724279,-2.806619594,
67.934,-2.818521976,-2.815057693,
67.967,-2.822685957,-2.817456542,
68,-2.825381994,-2.819538532,
68.034,-2.830042839,-2.826452542,
68.067,-2.838776112,-2.834348954,
68.1,-2.842896223,-2.83871559,
68.134,-2.846909046,-2.840775646,
68.167,-2.851418495,-2.848348048,
68.2,-2.86047554,-2.850602773,
68.234,-2.866363525,-2.860697286,
68.267,-2.878388405,-2.869207269,
68.3,-2.884360313,-2.880785699,
68.334,-2.890097141,-2.883771654,
68.367,-2.893460035,-2.892206058,
68.4,-2.903345823,-2.893887505,
68.434,-2.908917665,-2.904396389,
68.467,-2.91420126,-2.907182311,
68.5,-2.91986084,-2.915390098,
68.534,-2.925687313,-2.918219888,
68.567,-2.929885864,-2.926699115,
68.6,-2.939354658,-2.934364381,
68.634,-2.949153662,-2.939098778,
68.667,-2.954829216,-2.949564271,
68.7,-2.959205389,-2.952402048,
68.734,-2.968159914,-2.960156125,
68.767,-2.973159313,-2.970199378,
68.8,-2.983683586,-2.972699077,
68.834,-2.989147663,-2.983527204,
68.867,-2.994338036,-2.991825233,
68.9,-2.999584436,-2.994420419,
68.934,-3.005008936,-2.997043619,
68.967,-3.015904665,-3.005321859,
69,-3.020838976,-3.016335714,
69.034,-3.025966644,-3.018802869,
69.067,-3.036106825,-3.026932694,
69.1,-3.041545153,-3.032002784,
69.134,-3.046535254,-3.040287938,
69.167,-3.051569939,-3.048348978,
69.2,-3.05629611,-3.05086632,
69.235,-3.066007137,-3.058795397,
69.267,-3.070757389,-3.06365091,
69.3,-3.075204134,-3.071592027,
69.334,-3.080305576,-3.073815399,
69.367,-3.089443207,-3.081932111,
69.4,-3.098265886,-3.092066917,
69.434,-3.102129936,-3.096478257,
69.467,-3.105726957,-3.103976273,
69.5,-3.109269857,-3.105774783,
69.534,-3.119635582,-3.113112224,
69.567,-3.124212027,-3.118295086,
69.6,-3.128412485,-3.126149299,
69.634,-3.136593342,-3.128249528,
69.667,-3.139887094,-3.137905947,
69.7,-3.145652056,-3.139552824,
69.734,-3.151117563,-3.142435304,
69.767,-3.155551434,-3.150734049,
69.8,-3.164146662,-3.158516974,
69.834,-3.16749382,-3.162814589,
69.867,-3.170525312,-3.170054158,
69.9,-3.17970252,-3.171569905,
69.934,-3.184362888,-3.181724499,
69.967,-3.193335295,-3.184054684,
70,-3.196658611,-3.194106877,
70.034,-3.198718786,-3.195768536,
70.067,-3.203985691,-3.202364614,
70.1,-3.208346844,-3.204998066,
70.134,-3.212522984,-3.207178642,
70.167,-3.21601367,-3.214832702,
70.2,-3.222816944,-3.216578046,
70.234,-3.224707603,-3.219979683,
70.267,-3.227554321,-3.226491003,
70.3,-3.229258776,-3.227914362,
70.334,-3.233570576,-3.228766589,
70.368,-3.237644672,-3.236488479,
70.4,-3.242182255,-3.238525527,
70.434,-3.245309353,-3.240794318,
70.468,-3.24705267,-3.242357867,
70.501,-3.248018503,-3.248795516,
70.534,-3.248680592,-3.249278433,
70.567,-3.253619194,-3.249609477,
70.6,-3.257356882,-3.252078778,
70.634,-3.262758493,-3.259513612,
70.667,-3.265350342,-3.262214419,
70.7,-3.265517235,-3.263510343,
70.734,-3.274267197,-3.263593789,
70.767,-3.278388262,-3.273534761,
70.8,-3.281214476,-3.281161284,
70.834,-3.285825491,-3.282574391,
70.867,-3.287023783,-3.284879899,
70.9,-3.288268805,-3.285479045,
70.934,-3.298746109,-3.291667546,
70.967,-3.30133462,-3.296906199,
71,-3.304326773,-3.303766444,
71.034,-3.306330204,-3.305262521,
71.067,-3.305613995,-3.306264236,
71.1,-3.304562807,-3.305906131,
71.134,-3.310321093,-3.305380538,
71.167,-3.312360048,-3.308259681,
71.2,-3.314977169,-3.314845149,
71.234,-3.313854694,-3.316153709,
71.267,-3.314061165,-3.315592472,
71.3,-3.312921286,-3.310129718,
71.334,-3.31978488,-3.315125769,
71.367,-3.321681738,-3.318557566,
71.4,-3.323589563,-3.319505996,
71.434,-3.323255777,-3.320459909,
71.467,-3.322753429,-3.320293016,
71.5,-3.320865154,-3.320041842,
71.534,-3.317197561,-3.319097705,
71.567,-3.320303679,-3.317263909,
71.6,-3.323301077,-3.318816967,
71.634,-3.325162888,-3.320315667,
71.667,-3.325329781,-3.326812562,
71.7,-3.325316668,-3.326896009,
71.734,-3.325033426,-3.326889453,
71.767,-3.333757162,-3.326747832,
71.8,-3.336534977,-3.3311097,
71.834,-3.337664843,-3.338064598,
71.867,-3.337883711,-3.338629531,
71.9,-3.337186575,-3.338738965,
71.934,-3.344596148,-3.338390397,
71.967,-3.349262476,-3.347661174,
72,-3.351132393,-3.349994338,
72.034,-3.352497339,-3.350929297,
72.067,-3.348121643,-3.35161177,
72.1,-3.343670607,-3.343857931,
72.134,-3.344969988,-3.341632413,
72.167,-3.349170923,-3.347848094,
72.2,-3.351081133,-3.349948561,
72.234,-3.350088358,-3.350903666,
72.267,-3.348755598,-3.350407278,
72.3,-3.342610359,-3.344174908,
72.334,-3.343274593,-3.341102289,
72.367,-3.345767021,-3.341434406,
72.4,-3.350399256,-3.34824661,
72.434,-3.350385666,-3.350562727,
72.467,-3.348432541,-3.350555932,
72.5,-3.344977856,-3.344013379,
72.534,-3.341635227,-3.342286037,
72.568,-3.346123695,-3.340614723,
72.6,-3.348313332,-3.342858957,
72.634,-3.350096941,-3.349519765,
72.667,-3.348681927,-3.35041157,
72.7,-3.348076582,-3.349704063,
72.734,-3.352782726,-3.34940139,
72.768,-3.355626106,-3.351754462,
72.8,-3.356502056,-3.353176152,
72.834,-3.35707736,-3.353614127,
72.867,-3.356327772,-3.353901779,
72.9,-3.353827715,-3.353526985,
72.934,-3.348372221,-3.352276956,
72.967,-3.350506783,-3.34954921,
73,-3.353032589,-3.35061649,
73.034,-3.353435278,-3.351879394,
73.067,-3.351459026,-3.352080738,
73.1,-3.349777937,-3.351092612,
73.134,-3.34676218,-3.350252068,
73.167,-3.348144531,-3.348744189,
73.2,-3.349741936,-3.349435365,
73.234,-3.351962566,-3.350234067,
73.268,-3.3516469,-3.351344382,
73.3,-3.350942135,-3.351186549,
73.334,-3.35475111,-3.350834167,
73.367,-3.356867075,-3.352738654,
73.4,-3.357752085,-3.353796637,
73.434,-3.357773304,-3.354239142,
73.467,-3.355790854,-3.354249751,
73.5,-3.349211216,-3.353258526,
73.534,-3.345499516,-3.349968707,
