"/ual/odom/twist/twist/linear/x_x","/ual/odom/twist/twist/linear/x_y","/del_uav/KF_twist/x_y"
0.216,-0.2018159541,-0.1761570654,
0.249,-0.1838206343,-0.1660162667,
0.283,-0.1823141307,-0.1531807122,
0.316,-0.1720325334,-0.1331062772,
0.349,-0.1563614243,-0.1201040864,
0.383,-0.1462125544,-0.1222258255,
0.416,-0.1202081729,-0.1211008787,
0.449,-0.1344516509,-0.1171661879,
0.483,-0.1322017574,-0.0829060356,
0.516,-0.1243323759,-0.07690431481,
0.549,-0.0958120712,-0.09046389785,
0.583,-0.07380862962,-0.1015120294,
0.616,-0.09092779571,-0.0623660991,
0.649,-0.1130240589,-0.02261303279,
0.683,-0.0747321982,-0.01623132139,
0.716,-0.02522606558,-0.07542898675,
0.749,-0.02246264279,-0.08874262189,
0.783,-0.06085797351,-0.09500153982,
0.816,-0.08748524378,-0.08996874044,
0.849,-0.08000307965,-0.03310886695,
0.883,-0.07993748088,-0.01576856829,
0.916,-0.0262177339,-0.007950819235,
0.949,-0.02153713657,0.01378507199,
0.983,-0.005901638469,0.02396349167,
1.016,-0.01242985601,0.01536348547,
1.049,0.02792698334,0.04272473687,
1.083,0.0007269709446,0.05322946396,
1.116,0.02544947373,0.04683980655,
1.149,0.03645892792,0.02782869914,
1.183,0.04367961309,0.03934734363,
1.216,0.01565739828,0.0323878695,
1.249,0.02869468725,0.03479413854,
1.283,0.03477573901,0.02568007847,
1.316,0.03958827708,0.03321137552,
1.349,0.01136015694,0.03325560973,
1.383,0.02642275103,0.03540174258,
1.416,0.02651121945,0.0465473733,
1.449,0.03080348516,0.05566966481,
1.483,0.0430947466,0.0768737659,
1.516,0.06133932962,0.06818671128,
1.549,0.06374753179,0.06531283525,
1.583,0.06637342256,0.04997679632,
1.616,0.0706256705,0.05987923423,
1.649,0.04995359263,0.05468228569,
1.683,0.05975846846,0.06772703455,
1.716,0.04936457138,0.05264195285,
1.749,0.06545406911,0.06071805891,
1.783,0.0552839057,0.07251350964,
1.816,0.05143611783,0.08366235216,
1.849,0.06502701927,0.1034431217,
1.883,0.08732470433,0.09775001435,
1.916,0.1168862434,0.1294714227,
1.949,0.1155000287,0.1501776923,
1.983,0.1389428454,0.1390155597,
2.016,0.1403553846,0.1094801334,
2.049,0.1680311193,0.08491709252,
2.083,0.1389602668,0.07840924959,
2.116,0.119834185,0.04585967047,
2.149,0.09681849917,0.09280189959,
2.183,0.06171934095,0.09739821251,
2.216,0.08560379919,0.09386186327,
2.249,0.114796425,0.09586459119,
2.283,0.1077237265,0.09666443607,
2.316,0.1117291824,0.1152053246,
2.349,0.1033288721,0.1102818402,
2.383,0.1304106492,0.1090471883,
2.416,0.1305636804,0.09815404491,
2.449,0.1280943766,0.09709840992,
2.483,0.1163080898,0.132091406,
2.516,0.1141968198,0.1727947159,
2.549,0.124182812,0.1267875889,
2.583,0.1855894319,0.1267875889,
2.616,0.1716651408,0.1263335881,
2.649,0.1635751779,0.1522563604,
2.683,0.1326671762,0.1778027882,
2.716,0.1445127209,0.1770467297,
2.749,0.1756055765,0.2054467315,
2.783,0.1640934595,0.1913599471,
2.817,0.1908934629,0.1864774363,
2.849,0.1727198942,0.1852854025,
2.883,0.1729548727,0.2130784491,
2.916,0.1705708049,0.2226617628,
2.949,0.1961568982,0.2282235956,
2.983,0.2053235256,0.2199665626,
3.016,0.1964471912,0.2080202092,
3.049,0.1999331253,0.188316854,
3.083,0.1760404185,0.1650504278,
3.116,0.1966337079,0.1466538196,
3.149,0.1601008556,0.140486606,
3.183,0.1533076393,0.1678153676,
3.216,0.140973212,0.1467473789,
3.249,0.1656307352,0.1425299965,
3.283,0.1334947578,0.125375834,
3.316,0.1350599931,0.1262139346,
3.349,0.1207516679,0.1407146945,
3.383,0.1024278691,0.1537068392,
3.416,0.1414293889,0.2018086345,
3.45,0.1274136784,0.2449149445,
3.483,0.1836172689,0.2632752958,
3.516,0.2098298889,0.2596749003,
3.549,0.2765505916,0.2259736756,
3.583,0.2493498005,0.2012577749,
3.616,0.2419473513,0.1692300634,
3.649,0.2025155497,0.1774653767,
3.683,0.1684601268,0.1776298758,
3.716,0.1749307533,0.1498153275,
3.749,0.1852597515,0.1769152658,
3.783,0.1396306551,0.1855998809,
3.816,0.1538305316,0.1770610524,
3.849,0.1611997617,0.1338622053,
3.883,0.1641221048,0.1137067399,
3.916,0.1277244106,0.1221159617,
3.949,0.0974134799,0.09897508068,
3.983,0.1042319233,0.1090811021,
4.016,0.07795016135,0.1078690777,
4.049,0.08816220413,0.120641819,
4.083,0.07573815533,0.1170592343,
4.116,0.09128363806,0.1133419141,
4.149,0.08411846867,0.1328147768,
4.183,0.05668382827,0.1339721243,
4.216,0.09562955362,0.1278437566,
4.249,0.1079442487,0.1095083459,
4.283,0.09568751329,0.1076133628,
4.316,0.07901669182,0.1175287999,
4.349,0.07522672554,0.1136748818,
4.383,0.08505759977,0.08487356603,
4.416,0.08734976368,0.09002920773,
4.449,0.05974713206,0.0869252325,
4.483,0.07005841546,0.08024269398,
4.516,0.05385046501,0.05583087488,
4.549,0.07048538796,0.05558059642,
4.583,0.05166174976,0.06117478824,
4.616,0.05116119284,0.07356302092,
4.649,0.04234957648,0.06566125779,
4.683,0.06712604184,0.04608658454,
4.716,0.06132251559,0.02024390007,
4.749,0.06217316909,0.01992619597,
4.783,0.02048780014,0.007954488177,
4.816,0.01985239194,0.002448687603,
4.849,0.005908976353,-0.01071767155,
4.883,0.004897375206,-0.0156095753,
4.916,-0.001435343096,-0.01909298687,
4.949,-0.001219150597,0.0218522048,
4.983,-0.01818597374,0.01698756453,
5.016,0.0437044096,0.02182249745,
5.049,0.03397512906,0.03416598542,
5.083,0.0436449949,0.03269980245,
5.116,0.05833197084,0.02628328057,
5.149,0.0553996049,0.04420090608,
5.183,0.05256656114,0.06252168885,
5.216,0.05840181216,0.04642298437,
5.249,0.1050433777,0.04662993699,
5.283,0.06284596873,0.05792089005,
5.316,0.07325987398,0.03920183274,
5.349,0.07584178011,0.03154708843,
5.383,0.05840366548,0.006853436384,
5.416,0.03309417686,-0.01933819802,
5.449,0.01370687277,-0.01771593636,
5.483,-0.01867639603,-0.04547075486,
5.516,-0.02543187272,-0.03609827145,
5.549,-0.06094150972,-0.0199249717,
5.583,-0.0621965429,-0.006779953451,
5.617,-0.0298499434,-0.003775581045,
5.649,-0.0135599069,-0.03149968398,
5.683,-0.007551162091,-0.03511189072,
5.716,-0.00299936796,-0.02442553881,
5.751,-0.06022378144,-0.04550921579,
5.783,-0.02885107763,-0.06782946308,
5.816,-0.05101843158,-0.04177545699,
5.849,-0.06565892615,-0.03000863484,
5.883,-0.06355091398,-0.02342514327,
5.916,-0.04001726969,-0.02556229271,
5.949,-0.03685028653,-0.05770371591,
5.983,-0.01112458542,-0.06129136616,
6.016,-0.04540743181,-0.03413547302,
6.049,-0.05258273233,-0.001257643253,
6.083,-0.02827094605,0.005994847454,
6.116,0.01748471349,-0.01170026932,
6.149,0.03198969491,-0.03923696785,
6.183,0.01659946136,-0.06661803455,
6.217,0.001526064293,-0.09460703884,
6.249,-0.0232360691,-0.08466662577,
6.283,-0.06921407768,-0.05212090275,
6.316,-0.07933325154,-0.06334481504,
6.349,-0.0242418055,-0.09001058344,
6.383,-0.03668963008,-0.1116815888,
6.416,-0.06002116688,-0.09614118778,
6.449,-0.08336317769,-0.08448400447,
6.483,-0.09228237556,-0.07869730842,
6.516,-0.05896800894,-0.06127236237,
6.549,-0.05739461684,-0.06069706675,
6.583,-0.04254472473,-0.05401184612,
6.616,-0.03139413351,-0.06005141704,
6.649,-0.02802369224,-0.02858643597,
6.683,-0.03010283408,-0.04175111897,
6.716,-0.01717287194,-0.05815564706,
6.749,-0.003502237946,-0.05920322103,
6.783,-0.03631129413,-0.06036580942,
6.816,-0.02840644206,-0.06595378502,
6.849,-0.02073161883,-0.02836255969,
6.883,-0.03190757004,0.0136306942,
6.916,-0.00672511938,0.0311858447,
6.95,0.0272613884,0.01510330666,
6.983,0.0523716894,0.006394214657,
7.016,0.05020661331,-0.01558175872,
7.049,0.05278842931,-0.0153017462,
7.083,0.02883648256,-0.01085908443,
7.116,0.01939650761,-0.04422174017,
7.149,0.03828183114,-0.01152788838,
7.183,-0.00844348034,0.01630545123,
7.216,0.01694422324,0.006773994258,
7.249,0.05261090247,-0.02374926975,
7.283,0.05354798852,0.008695344013,
7.316,0.002501460499,0.03551489068,
7.349,0.05739068803,0.05216426216,
7.383,0.07102978137,0.05465025484,
7.416,0.08432852432,0.002306131578,
7.449,0.08930050968,-0.05793361178,
7.483,0.08461226316,-0.07593565215,
7.516,-0.005867223552,-0.06377560345,
7.549,-0.0218713043,-0.06641253984,
7.583,-0.02755120691,-0.0128722621,
7.616,-0.03282507967,0.00975575891,
7.649,0.0142554758,-0.002379191948,
7.683,0.02951151782,-0.02865251742,
7.716,0.0452416161,-0.06703247246,
7.749,0.01269496516,-0.1405081992,
7.783,-0.004064944912,-0.1323328987,
7.816,-0.1010163983,-0.1238832631,
7.849,-0.1146657974,-0.127594502,
7.883,-0.0877665263,-0.02988814479,
7.916,-0.09518900406,0.002562595687,
7.949,-0.02977628958,0.02511309094,
7.983,0.02512519137,0.00725741934,
8.016,0.05022618187,-0.01418538821,
8.049,0.04451483868,-0.03056437697,
8.083,0.03162922358,-0.03641404505,
8.116,0.00887124607,-0.07892163258,
8.149,-0.002828090103,-0.08247890254,
8.183,-0.03784326516,-0.05177951272,
8.216,-0.07495780508,-0.0123622848,
8.249,-0.02355902544,0.02144002602,
8.283,-0.004724569601,0.06243102852,
8.316,0.04288005205,0.08306193027,
8.349,0.07486205704,0.07528078577,
8.383,0.1061238605,0.07389589222,
8.416,0.1105615715,0.08587472034,
8.449,0.1077917844,0.07587442007,
8.483,0.1217494407,0.08205142921,
8.516,0.1117488401,0.08577088195,
8.549,0.1241028584,0.09766329877,
8.583,0.1415417639,0.1134138518,
8.616,0.1453265975,0.1602079889,
8.649,0.1468277037,0.1437886368,
8.684,0.1804159778,0.1252375126,
8.716,0.2075772737,0.08131013542,
8.749,0.1704750252,0.04991756176,
8.783,0.1326202708,0.06229870056,
8.816,0.09983512353,0.06419886493,
8.849,0.1045974011,0.06257771288,
8.883,0.1083977299,0.06129545025,
8.916,0.1151554258,0.06825946853,
8.949,0.1125909005,0.08472339264,
8.983,0.1065189371,0.06403816189,
9.017,0.1294467853,0.04435810074,
9.049,0.1080763238,0.04087730549,
9.083,0.08871620149,0.04496987512,
9.116,0.07175461098,0.03073004657,
9.149,0.08993975023,0.03435428196,
9.183,0.06146009315,0.03115039223,
9.216,0.05870856391,-0.00977785073,
9.249,0.06230078447,0.00501168987,
9.283,0.01044429854,0.02315749111,
9.316,0.01002337974,0.01172630556,
9.349,0.03631498223,0.0274056182,
9.383,0.02345261112,-0.01591236719,
9.416,0.05481123639,-0.02941860223,
9.449,0.008175265613,-0.01522683481,
9.483,-0.03883720446,-0.02010590341,
9.516,-0.02045366962,-0.02552508094,
9.549,-0.01021180683,0.002157770533,
9.583,-0.02105016187,0.002843648736,
9.616,0.004315541066,-0.005210405863,
9.658,0.005687297472,-0.01986657643,
9.683,0.009579188274,-0.0337425282,
9.716,-0.01973315286,-0.05852919703,
9.749,-0.0174850564,-0.05741653207,
9.783,-0.04705839405,-0.04312255457,
9.816,-0.04483306414,-0.002441451864,
9.849,-0.03624510914,0.03880356317,
9.883,-0.004882903728,0.05352657221,
9.916,0.01760712633,0.02062599225,
9.949,0.07705314442,-0.008485173135,
9.983,0.05125198451,-0.0006879854054,
10.016,-0.00697034627,-0.01194640429,
10.05,0.01862402919,-0.01027722599,
10.083,-0.01389280857,-0.02042778646,
10.116,-0.01055445197,-0.002559376043,
10.149,-0.02085557293,-0.01090758135,
10.183,-0.005118752085,-0.03793606821,
10.216,0.008184837295,-0.05571790838,
10.249,-0.03587213641,-0.03607130161,
10.283,-0.05143581676,-0.04381655423,
10.316,-0.05214260321,-0.03499245265,
10.349,-0.03763310846,-0.01273209767,
10.383,-0.03998490529,-0.006686093268,
10.416,-0.02546419535,0.006212565194,
10.449,-0.01337218654,0.009615484706,
10.49,0.01242513039,0.04141767086,
10.516,0.01923096941,0.06912446057,
10.549,0.03283534172,0.07961566758,
10.583,0.08824892114,0.08655361235,
10.616,0.08923133515,0.08423289564,
10.649,0.0931072247,0.07874111655,
10.683,0.09846579129,0.06838297488,
10.716,0.09748223311,0.08491770856,
10.749,0.08676594975,0.1219281194,
10.783,0.09983541711,0.1519169152,
10.816,0.1438562389,0.1624422689,
10.85,0.1738338305,0.1721095564,
10.883,0.1748845379,0.1678371154,
10.916,0.1942191128,0.1647917907,
10.949,0.1856742308,0.1724612599,
10.983,0.1895835815,0.1974009301,
11.016,0.1949225199,0.2018846525,
11.049,0.2148018602,0.2115536744,
11.083,0.223769305,0.1956447798,
11.116,0.2331073489,0.1981615699,
11.149,0.2212895597,0.2109626362,
11.183,0.1963231397,0.2271820528,
11.216,0.2219252725,0.2254118292,
11.249,0.2443641055,0.2510105595,
11.283,0.2408236583,0.2714710243,
11.316,0.2420211189,0.2603811658,
11.349,0.2729420486,0.2748653295,
11.383,0.2607623315,0.2758563471,
11.416,0.269730659,0.2704042305,
11.449,0.2817126941,0.2588237761,
11.483,0.280808461,0.2819695619,
11.516,0.2776475521,0.2654764803,
11.549,0.2839391238,0.2711460034,
11.583,0.2609529605,0.2818540526,
11.616,0.2722920067,0.2678406011,
11.649,0.2937081052,0.2649972586,
11.683,0.2756812022,0.2491137796,
11.716,0.2699945172,0.2286296524,
11.749,0.2382275593,0.20766213,
11.783,0.2272593048,0.2235144755,
11.816,0.2053242601,0.2250413156,
11.849,0.207028951,0.221228109,
11.883,0.2300826313,0.1685147017,
11.916,0.2324562179,0.2119324707,
11.949,0.1970294034,0.2357203863,
11.983,0.2138649413,0.2598885747,
12.016,0.2414407726,0.2232463592,
12.049,0.2697771495,0.2766444804,
12.083,0.2264927184,0.3222393917,
12.116,0.2232889608,0.3132750765,
12.149,0.3144787833,0.3012000043,
12.183,0.326550153,0.3077104257,
12.216,0.2824000085,0.3282155752,
12.249,0.3054208513,0.3440128543,
12.283,0.3064311503,0.3523444838,
12.316,0.3380257086,0.3880450139,
12.349,0.3446889676,0.3559481048,
12.383,0.3660900278,0.3673062728,
12.416,0.3518962096,0.3667813113,
12.449,0.3746125457,0.3145445384,
12.483,0.3535626226,0.2832677779,
12.516,0.3090890768,0.2542248774,
12.549,0.2965355558,0.2614686541,
12.584,0.2684497548,0.2765376173,
12.616,0.2529373082,0.269164253,
12.649,0.2830752346,0.2829585545,
12.683,0.268328506,0.2721149039,
12.716,0.2759171091,0.2631336342,
12.749,0.2742298079,0.2652630286,
12.783,0.2562672685,0.2378114471,
12.816,0.2505260572,0.2081571437,
12.849,0.2156228943,0.2015596083,
12.883,0.2063142875,0.191364448,
12.916,0.1831192165,0.1464324925,
12.95,0.1827288959,0.09312543349,
12.983,0.152864985,0.09564133603,
13.016,0.106250867,0.0732766558,
13.049,0.09128267206,0.06973628358,
13.083,0.0765533116,0.04975890026,
13.116,0.06947256715,0.06352781647,
13.149,0.04951780051,0.04317644029,
13.183,0.06705563294,0.04835440568,
13.216,0.04635288057,0.02264496567,
13.249,0.07670881137,0.01480510717,
13.283,0.03528993133,0.005680764429,
13.316,0.02961021434,-0.006640673949,
13.349,0.01136152886,-0.03268026059,
13.384,0.006718652101,-0.002756840815,
13.416,-0.03536052118,0.00472593532,
13.449,-0.005513681629,0.006973226857,
13.483,0.00945187064,-0.001109918481,
13.516,0.01394645371,0.02324810447,
13.549,0.007780163037,0.03634733646,
13.583,0.02649620894,0.04368061828,
13.616,0.03269467293,0.01392357955,
13.649,0.04736123656,0.01699901444,
13.683,0.01784715911,0.03328778828,
13.716,-0.006001971115,0.02323446925,
13.749,0.02657557657,0.046360266,
13.783,0.006468938498,0.05218067933,
13.816,0.03272053201,0.06099113751,
13.85,0.04436135866,0.05715520249,
13.883,0.04198227501,0.03309461402,
13.916,0.04431040497,0.03362837269,
13.949,0.01618922803,0.05734903592,
13.983,0.01725674538,0.0502264447,
14.016,0.04469807183,0.03911204093,
14.049,0.0404528894,0.03696107181,
14.083,0.01822408186,0.03701847097,
14.117,0.01392214363,0.04918664421,
14.151,0.01403694193,0.05497735428,
14.184,0.02837328842,0.06581524104,
14.216,0.02995470856,0.06925819713,
14.249,0.05163048209,0.07575407102,
14.283,0.04851639427,0.07318754235,
14.316,0.06150814204,0.08304227644,
14.349,0.05637508469,0.0825449384,
14.387,0.06608455288,0.0895140401,
14.416,0.06508987681,0.08547848019,
14.449,0.06902808019,0.1216591764,
14.483,0.07095696038,0.1179088065,
14.517,0.09331835286,0.1459524578,
14.549,0.1058176129,0.1487845675,
14.583,0.1319049156,0.158687513,
14.616,0.1375691351,0.1471783413,
14.649,0.147375026,0.1376774059,
14.683,0.1343566826,0.1170743854,
14.716,0.1453548118,0.111605325,
14.749,0.1241487708,0.1053579254,
14.784,0.1132106499,0.1136361765,
14.816,0.1207158509,0.1326289945,
14.85,0.09727235294,0.122252841,
14.883,0.135257989,0.138347047,
14.916,0.124505682,0.1455523151,
14.949,0.1366940939,0.1491925456,
14.983,0.1411046303,0.1530455677,
15.016,0.1483850913,0.1473252571,
15.049,0.1460911354,0.1364689002,
15.083,0.1446505142,0.1252667774,
15.116,0.1329378004,0.1547660051,
15.149,0.1205335549,0.1649213361,
15.19,0.1395320103,0.1565725762,
15.216,0.1698426722,0.1683051548,
15.25,0.1531451524,0.1611577405,
15.283,0.1666103096,0.1517471315,
15.316,0.1623154809,0.1490048562,
15.349,0.153494263,0.1525779128,
15.383,0.1580097123,0.143533254,
15.416,0.1551558255,0.1500498161,
15.449,0.1270665079,0.1389306771,
15.483,0.1600996323,0.1433100413,
15.516,0.1378613542,0.186411062,
15.549,0.1366200827,0.1858904044,
15.583,0.1628221241,0.2425043886,
15.616,0.1617808087,0.2494704192,
15.649,0.1950087772,0.1976758729,
15.683,0.2589408383,0.1427168286,
15.716,0.2053517458,0.1723903703,
15.749,0.1554336573,0.1521563492,
15.783,0.1647807405,0.1349487204,
15.816,0.1543126985,0.1046783165,
15.849,0.1298974408,0.07635425655,
15.883,0.08935663299,0.07877290241,
15.916,0.0727085131,0.05135037177,
15.949,0.06754580482,0.02272288331,
15.983,0.06270074354,-0.001105612604,
16.016,0.01544576663,0.03150919839,
16.049,-0.03221122521,0.02111020606,
16.083,0.003018396779,0.0243252376,
16.117,0.01222041212,0.04358512865,
16.149,0.01865047521,0.04668664698,
16.183,0.0271702573,0.05030220166,
16.216,0.03337329395,0.06526323157,
16.249,0.04060440331,0.03505165969,
16.283,0.04052646314,0.03996160374,
16.316,0.03010331938,0.07928574875,
16.349,0.02992320748,0.05793180789,
16.383,0.0385714975,0.0642132774,
16.416,0.04586361577,0.08487563118,
16.449,0.03842655481,0.07912961858,
16.483,0.06975126236,0.06886132481,
16.516,0.06825923716,0.0647464771,
16.549,0.06772264961,0.05409646369,
16.583,0.0694929542,0.05396149706,
16.616,0.05819292738,0.05446449157,
16.649,0.06792299411,0.05670973712,
16.683,0.05892898315,0.07985503687,
16.716,0.05341947423,0.069707411,
16.749,0.08971007374,0.06318000364,
16.783,0.059414822,0.0627528249,
16.816,0.06636000729,0.01469165732,
16.849,0.0655056498,0.03158784931,
16.883,-0.0006166853627,0.02935015306,
16.916,0.01317569863,0.001013827607,
16.949,0.008700306113,-0.006045731688,
16.983,0.002027655214,-0.006178762245,
17.016,-0.01209146338,0.02845058043,
17.049,-0.03235752449,0.05966365279,
17.083,0.006901160861,0.06118803595,
17.116,0.04932730558,0.05305091892,
17.149,0.05237607189,0.02125437052,
17.184,0.06610183785,0.05502198667,
17.216,0.03250874104,0.06052017949,
17.249,0.04004397335,0.1335950129,
17.283,0.05104035898,0.1368360134,
17.316,0.1171900258,0.1524642631,
17.349,0.1336720268,0.1746251211,
17.383,0.1449285262,0.1875570516,
17.416,0.1692502421,0.2359081545,
17.449,0.1851141033,0.2039495583,
17.483,0.231816309,0.2015230715,
17.516,0.2078991166,0.1800036331,
17.549,0.223046143,0.1947564791,
17.583,0.1900072663,0.1968685938,
17.616,0.1995129582,0.2004058031,
17.649,0.1937371877,0.1835269252,
17.683,0.2108116062,0.166345417,
17.716,0.1970538504,0.2016544522,
17.749,0.162690834,0.2166509886,
17.783,0.1833089044,0.234759711,
17.816,0.2133019772,0.2501567184,
17.849,0.2095194219,0.2050201221,
17.883,0.2503134369,0.1754215318,
17.916,0.2200402441,0.205803416,
17.949,0.1808430635,0.2223439967,
17.983,0.2016068319,0.212707594,
18.016,0.2346879934,0.1707984162,
18.049,0.2454151879,0.1613173617,
18.083,0.2015968324,0.1623378239,
18.116,0.1726347234,0.1455267468,
18.149,0.1646756478,0.1486670407,
18.191,0.1510534936,0.1273829104,
18.216,0.1673340814,0.1413925713,
18.249,0.1447658209,0.1504485598,
18.283,0.1427851427,0.1451479276,
18.316,0.1708971197,0.137318828,
18.349,0.1502958553,0.1439553663,
18.383,0.154637656,0.147542874,
18.416,0.1679107325,0.1520128608,
18.449,0.165085748,0.1637253499,
18.483,0.1540257216,0.1421892649,
18.516,0.1774506998,0.1300592521,
18.549,0.1843785297,0.1291258707,
18.583,0.1401185042,0.1496189467,
18.616,0.1382517414,0.1607026607,
18.649,0.1592378933,0.1729648734,
18.683,0.1714053215,0.1699140349,
18.716,0.1659297469,0.1421950209,
18.749,0.1798280698,0.1472910983,
18.783,0.1643900419,0.1647779275,
18.816,0.1545821965,0.1270662068,
18.849,0.1795558551,0.1144227676,
18.883,0.1641324136,0.1091469091,
18.916,0.1188455352,0.1062615426,
18.949,0.1282938183,0.1071920836,
18.983,0.1225230853,0.1110504544,
19.016,0.1343841672,0.1320329264,
19.049,0.1321009088,0.1502552337,
19.083,0.1440658527,0.150766346,
19.116,0.1705104675,0.1426230121,
19.149,0.1715326919,0.116843088,
19.183,0.1652460242,0.1195565181,
19.216,0.143686176,0.1219904562,
19.249,0.1391130363,0.1151523987,
19.283,0.1439809123,0.1217208567,
19.316,0.1603047974,0.1291918909,
19.349,0.1534417135,0.1347906212,
19.383,0.1483837817,0.1280236512,
19.416,0.1695812425,0.1386213386,
19.449,0.1660473024,0.09969938996,
19.483,0.1772426771,0.104959947,
19.516,0.1193987799,0.07840007201,
19.549,0.119919894,0.110918269,
19.583,0.116800144,0.1328544933,
19.616,0.1018365381,0.1346580219,
19.649,0.1557089866,0.1356915109,
19.683,0.1493160437,0.143856188,
19.716,0.1413830218,0.129520878,
19.749,0.1577123759,0.1371554491,
19.783,0.159041756,0.1293425311,
19.816,0.1543108983,0.1383288136,
19.849,0.1386850623,0.133106853,
19.883,0.1566576271,0.09438709454,
19.916,0.156213706,0.1084121365,
19.949,0.1087741891,0.1077210795,
19.983,0.1168242729,0.1392648475,
20.016,0.1454421591,0.1224207223,
20.049,0.1585296951,0.1294456188,
20.085,0.1448414445,0.1329467372,
20.116,0.1588912375,0.1456999688,
20.149,0.1458934745,0.1593208499,
20.183,0.1613999377,0.1546788758,
20.216,0.1786416998,0.1425866104,
20.249,0.1893577516,0.1155339673,
20.283,0.1751732208,0.132294827,
20.316,0.1410679347,0.1300749932,
20.349,0.144589654,0.171542489,
20.383,0.1701499865,0.2113629261,
20.416,0.1930849779,0.1728591555,
20.45,0.2527258522,0.1507574464,
20.483,0.2057183111,0.1390372977,
20.517,0.1715148928,0.1296949113,
20.549,0.1380745955,0.1314309229,
20.583,0.1393898226,0.1474102032,
20.616,0.1428618457,0.1843352199,
20.649,0.1348204063,0.1544508668,
20.683,0.2086704397,0.1664845077,
20.716,0.1789017336,0.1614126405,
20.749,0.1929690154,0.1679008287,
20.783,0.1728252811,0.1454962146,
20.816,0.1958016575,0.143856181,
20.849,0.1709924292,0.1374328992,
20.883,0.1777123621,0.1546950466,
20.916,0.1648657984,0.187854009,
20.949,0.1793900931,0.1906167848,
20.983,0.205708018,0.1593661454,
21.016,0.2112335697,0.1435212863,
21.049,0.2087322907,0.1501281377,
21.083,0.1670425726,0.1498941881,
21.116,0.1702562754,0.1431149598,
21.149,0.1797883762,0.1353132428,
21.183,0.1662299195,0.1045817404,
21.216,0.1606264856,0.148876929,
21.249,0.1191634809,0.1507516895,
21.283,0.1777538581,0.1416697158,
21.316,0.1615033789,0.1243511722,
21.349,0.1533394316,0.1446263077,
21.383,0.1387023444,0.1608967552,
21.416,0.1492526153,0.1262175641,
21.449,0.1817935104,0.1395163678,
21.483,0.1324351282,0.1779432652,
21.516,0.1290327357,0.1694944681,
21.549,0.1658865305,0.1633796986,
21.583,0.1789889362,0.1522094673,
21.616,0.1567593971,0.1609897729,
21.652,0.1544189345,0.152331902,
21.683,0.1519795458,0.1303893059,
21.716,0.164663804,0.09798079734,
21.749,0.1307786117,0.09435687611,
21.783,0.09596159468,0.08563149478,
21.816,0.08871375222,0.07270934622,
21.849,0.09126298956,0.05711239792,
21.883,0.07541869244,0.0451462108,
21.916,0.05422479584,0.05224615419,
21.949,0.0502924216,0.03958626101,
21.983,0.05449230839,0.03875481639,
22.016,0.03917252202,0.06286211655,
22.049,0.03750963279,0.04340204061,
22.083,0.07572423311,0.02924413018,
22.116,0.05680408122,0.01175396158,
22.149,0.04848826037,-0.01417720918,
22.183,0.02350792317,-0.02798987691,
22.217,0.001645581645,-0.02800724229,
22.249,-0.05597975381,-0.02768210846,
22.283,-0.02601448459,-0.02275923897,
22.316,-0.04536421692,-0.01813913137,
22.349,-0.02551847794,0.01010920482,
22.383,-0.01627826275,0.01606807114,
22.416,0.02021840964,0.02598540417,
22.449,0.02213614228,0.01905624608,
22.484,0.03197080834,0.02116485947,
22.516,0.01811249217,0.00138786828,
22.549,0.02232971893,-0.001545479085,
22.583,0.002775736561,0.001846131309,
22.616,-0.00309095817,0.007627970701,
22.649,0.003692262619,0.01276497944,
22.683,0.005255941402,-0.01706371907,
22.716,0.02552995887,-0.01170982619,
22.749,-0.02412743815,-0.00791905415,
22.783,-0.01341965237,-0.02722144452,
22.816,-0.005838108301,-0.03207447141,
22.849,-0.01444288904,-0.01346237685,
22.883,-0.03414894282,-0.0005150186812,
22.916,-0.0169247537,0.01866421865,
22.949,-0.001030037362,0.004761107282,
22.983,0.0273284373,0.01123731497,
23.016,0.009522214565,0.009497498471,
23.049,0.02247462993,-0.00600498876,
23.084,0.01899499694,-0.009335521313,
23.116,-0.00200997752,0.005129355403,
23.149,-0.008671042627,0.03370671832,
23.183,0.01025871081,0.03753556683,
23.216,0.03741343664,0.02519201882,
23.249,0.04507113365,0.01716180391,
23.283,0.04038403764,-0.01678715231,
23.316,0.03432360782,-0.0637266889,
23.349,0.01642569538,-0.06095281537,
23.383,-0.06745337779,-0.02958811127,
23.416,-0.06190563073,-0.0500770483,
23.449,-0.03917622254,-0.06589833724,
23.483,-0.04015409659,-0.06344177033,
23.516,-0.07179667448,-0.07263439339,
23.549,-0.06688354065,-0.08577978701,
23.583,-0.07526878677,-0.1036058665,
23.616,-0.09155957403,-0.1096094816,
23.649,-0.107211733,-0.1191984849,
23.683,-0.1192189632,-0.1245932242,
23.716,-0.1283969698,-0.1298538137,
23.749,-0.1391864484,-0.1276246895,
23.783,-0.1397076275,-0.1280505259,
23.816,-0.145249379,-0.1307078382,
23.849,-0.1461010519,-0.1322189747,
23.883,-0.1514156764,-0.1335197345,
23.916,-0.1544379494,-0.136192348,
23.949,-0.1570394689,-0.1438738526,
23.983,-0.1623846959,-0.1497950806,
24.016,-0.1677477053,-0.1579816111,
24.049,-0.1795901613,-0.161498407,
24.083,-0.1859632222,-0.173628177,
24.116,-0.1929968139,-0.1756890353,
24.149,-0.207256354,-0.1778825101,
24.183,-0.2113780706,-0.1793957225,
24.216,-0.2157650203,-0.1804246647,
24.249,-0.2187914451,-0.1802544766,
24.283,-0.2208493294,-0.180294302,
24.316,-0.2205089532,-0.174526958,
24.349,-0.2205886039,-0.1732304461,
24.383,-0.219053916,-0.1719868521,
24.416,-0.2164608922,-0.1713527635,
24.449,-0.2139737041,-0.1648911928,
24.483,-0.212705527,-0.1647263529,
24.516,-0.2097823856,-0.1633352505,
24.549,-0.2094527058,-0.1617656454,
24.583,-0.2066705009,-0.1550219889,
24.616,-0.2035312907,-0.1521609491,
24.649,-0.2000439777,-0.1512071617,
24.683,-0.1943218982,-0.1455868013,
24.716,-0.1924143235,-0.1442585966,
24.749,-0.1911736025,-0.1428190582,
24.783,-0.1885171932,-0.1424076403,
24.816,-0.1856381164,-0.1364922727,
24.849,-0.1848152806,-0.1334260185,
24.883,-0.1829845455,-0.1323157676,
24.916,-0.1768520369,-0.1260876577,
24.949,-0.1746315352,-0.1237781021,
24.983,-0.1721753153,-0.1201795762,
25.016,-0.1675562042,-0.1188725617,
25.049,-0.1603591524,-0.1128962181,
25.083,-0.1577451235,-0.1108050901,
25.116,-0.1557924363,-0.1088726855,
25.149,-0.1516101802,-0.1074408503,
25.183,-0.1477453711,-0.1015559459,
25.216,-0.1448817006,-0.09908428345,
25.249,-0.1431118919,-0.09150594848,
25.283,-0.1381685669,-0.08985129254,
25.316,-0.133011897,-0.08617343795,
25.349,-0.1297025851,-0.07931181662,
25.383,-0.1223468759,-0.07758283841,
25.417,-0.1186236332,-0.07470817448,
25.449,-0.1151656768,-0.07273533116,
25.483,-0.109416349,-0.06626525784,
25.516,-0.1054706623,-0.06488028903,
25.549,-0.1025305157,-0.06214783456,
25.583,-0.09976057807,-0.06185571893,
25.616,-0.09429566912,-0.06091994317,
25.649,-0.09371143786,-0.0608756991,
25.683,-0.09183988634,-0.06160722706,
25.718,-0.0917513982,-0.06122532852,
25.749,-0.09321445411,-0.06061955993,
25.783,-0.09245065704,-0.05849630549,
25.816,-0.09123911986,-0.05817849385,
25.849,-0.08699261099,-0.05714113667,
25.883,-0.08635698771,-0.05100773609,
25.916,-0.08428227335,-0.05014831186,
25.949,-0.08201547219,-0.04908162718,
25.983,-0.08029662372,-0.04822696995,
26.016,-0.07816325435,-0.04836890395,
26.049,-0.07645393989,-0.04713834909,
26.083,-0.0767378079,-0.0475362681,
26.116,-0.07427669819,-0.04827014177,
26.149,-0.0750725362,-0.04775286069,
26.183,-0.07654028355,-0.04674715171,
26.216,-0.07550572138,-0.04503787151,
26.249,-0.07349430342,-0.04439182868,
26.283,-0.07007574303,-0.0450697093,
26.316,-0.06878365736,-0.04496660904,
26.349,-0.07013941859,-0.04415580157,
26.383,-0.06993321808,-0.0370662545,
26.416,-0.06831160313,-0.03709709501,
26.449,-0.064132509,-0.03607640646,
26.483,-0.06419419002,-0.03451384684,
26.516,-0.06215281293,-0.03401736263,
26.549,-0.05902769367,-0.03184709967,
26.583,-0.05803472526,-0.02535251329,
26.616,-0.05369419934,-0.02492540538,
26.649,-0.05070502657,-0.02467852579,
26.683,-0.04985081075,-0.02434400711,
26.716,-0.04935705158,-0.02446025266,
26.749,-0.04868801423,-0.02493599954,
26.783,-0.04892050533,-0.02944578486,
26.816,-0.04987199908,-0.02954863631,
26.849,-0.04889156971,-0.02919602478,
26.883,-0.04909727263,-0.02993704276,
26.916,-0.04839204956,-0.03103457058,
26.949,-0.04987408552,-0.03163310427,
26.983,-0.05206914115,-0.03093097237,
27.016,-0.05326620853,-0.03006332222,
27.049,-0.05186194474,-0.06947685053,
27.083,-0.05012664444,-0.1731564477,
27.116,-0.04895370107,-0.2353896242,
27.149,-0.1263128955,-0.2288082888,
27.183,-0.2607792484,-0.2238922759,
27.216,-0.2576165776,-0.212790049,
27.249,-0.2577845518,-0.1971683177,
27.283,-0.2455800981,-0.1855586412,
27.316,-0.2343366354,-0.1748034357,
27.35,-0.2211172823,-0.1583102009,
27.383,-0.2096068713,-0.1464746956,
27.416,-0.1966204018,-0.1238788572,
27.449,-0.1829493911,-0.1127760918,
27.483,-0.1577577144,-0.1029818326,
27.516,-0.1455521836,-0.08435014425,
27.549,-0.1359636652,-0.07989804557,
27.583,-0.1187002885,-0.06170390686,
27.616,-0.1097960911,-0.05876288816,
27.649,-0.09340781373,-0.05087514626,
27.683,-0.08752577632,-0.04499023817,
27.716,-0.08175029252,-0.0372320185,
27.749,-0.06998047634,-0.03004603256,
27.783,-0.06446403701,-0.02581929798,
27.816,-0.06009206511,-0.02398055913,
27.849,-0.05163859597,-0.01948815665,
27.883,-0.04796111825,-0.01765671829,
27.916,-0.0389763133,-0.01117947542,
27.949,-0.03531343658,-0.01077300993,
27.983,-0.03235895085,-0.009828006179,
28.016,-0.03154601986,-0.008158590311,
28.049,-0.02965601236,-0.00798732571,
28.083,-0.02631718062,-0.006733853553,
28.116,-0.02597465142,-0.005912789186,
28.149,-0.02346770711,-0.000188809941,
28.183,-0.02182557837,0.001240405736,
28.217,-0.02037761988,0.002312242401,
28.249,-0.01751918853,0.003000812708,
28.283,-0.0153755152,0.004127618363,
28.316,-0.01399837458,0.00429595257,
28.349,-0.01174476327,0.004013505986,
28.383,-0.01140809486,0.01187102155,
28.416,-0.01197298803,0.01323328593,
28.449,-0.006257956897,0.01497924431,
28.483,-0.00353342815,0.01536526883,
28.516,-4.151137155e-05,0.02052203185,
28.549,0.0007305376587,0.0212066009,
28.583,0.001044063696,0.02216366971,
28.616,0.002413201797,0.0166145343,
28.649,0.004327339425,0.01681117772,
28.683,0.003229068604,0.01545511311,
28.716,0.003622355448,0.01502641675,
28.749,0.0009102262125,0.01422823539,
28.783,5.283349658e-05,0.01370105461,
28.816,-0.001543529225,0.01282898031,
28.849,-0.002597890772,0.0118181361,
28.883,-0.004342039376,0.006834471661,
28.916,-0.0063637278,0.005686065953,
28.949,-0.006331056678,0.004886801461,
28.983,-0.008627868093,0.003966747532,
29.016,-0.01022639708,0.003905709032,
29.049,-0.01206650494,0.003171019399,
29.083,-0.01218858194,0.00335402619,
29.116,-0.0136579612,-0.002269106365,
29.149,-0.01329194762,-0.003351538022,
29.183,-0.01453821273,-0.003504011896,
29.216,-0.01670307604,-0.004549059455,
29.249,-0.01700802379,-0.004229131043,
29.283,-0.01909811891,-0.003374462417,
29.316,-0.01845826209,-0.003426750574,
29.349,-0.01674892483,-0.003790904583,
29.383,-0.01685350115,-0.005417031373,
29.416,-0.01758180917,-0.004815592279,
29.449,-0.02083406275,-0.005756097615,
29.483,-0.01963118456,-0.005709884428,
29.516,-0.02151219523,-0.004972827887,
29.549,-0.02141976886,-0.004452084048,
29.583,-0.01994565577,-0.004934816028,
29.616,-0.0189041681,-0.01133288739,
29.649,-0.01986963206,-0.01241745112,
29.683,-0.02266577478,-0.01177298231,
29.716,-0.02483490224,-0.0120943899,
29.749,-0.02354596462,-0.01117993528,
29.783,-0.02418877981,-0.01261077615,
29.816,-0.02235987055,-0.01216114593,
29.849,-0.0252215523,-0.01103820073,
29.883,-0.02432229186,-0.01138180168,
29.916,-0.02207640147,-0.01096850517,
29.949,-0.02276360337,-0.01140638364,
29.983,-0.02193701034,-0.01094437989,
30.016,-0.02281276729,-0.01100462883,
30.049,-0.02188875978,-0.01115217026,
30.083,-0.02200925766,-0.01162678647,
30.116,-0.02230434053,-0.01320389015,
30.149,-0.02325357295,-0.01332846342,
30.183,-0.02640778031,-0.01259864941,
30.216,-0.02665692684,-0.0142385505,
30.249,-0.02519729882,-0.01316033254,
30.283,-0.02847710101,-0.01333438099,
30.316,-0.02632066508,-0.01366523445,
30.349,-0.02666876199,-0.01320990099,
30.383,-0.02733046891,-0.01382993459,
30.416,-0.02641980199,-0.01335152731,
30.449,-0.02765986918,-0.01193931294,
30.483,-0.02670305461,-0.0100688771,
30.516,-0.02387862587,-0.01003703017,
30.549,-0.0201377542,-0.009194624542,
30.583,-0.02007406035,-0.009562738497,
30.616,-0.01838924908,-0.009879719444,
30.649,-0.01912547699,-0.004406867486,
30.683,-0.01975943889,-0.003222861986,
30.716,-0.01881373497,-0.007493703728,
30.749,-0.01644572397,-0.003140054125,
30.783,-0.01498740746,-0.001643580544,
30.816,-0.01628010825,-0.0005346789125,
30.849,-0.01328716109,-0.0001300545492,
30.883,-0.01106935783,0.001078368907,
30.916,-0.0102601091,0.0006605172585,
30.949,-0.007843262186,0.0005888764802,
30.983,-0.008678965483,0.0006541092671,
31.017,-0.00882224704,0.0008059672608,
31.049,-0.008691781466,0.006626001467,
31.083,-0.008388065478,0.007894462788,
31.116,-0.006747997067,0.002973620109,
31.149,-0.004211074425,0.002941986702,
31.183,-0.004052759782,0.00216395094,
31.216,-0.004116026596,0.001483023444,
31.249,-0.005672098121,0.001412798247,
31.283,-0.007033953113,0.001571824794,
31.316,-0.007174403505,0.0005086582269,
31.349,-0.006856350413,0.0002148811,
31.383,-0.008982683546,0.0003236189866,
31.416,-0.0095702378,-0.0004078702719,
31.449,-0.009352762027,-0.006410762546,
31.483,-0.01081574054,-0.007338960442,
31.516,-0.01282152509,-0.007940322912,
31.549,-0.01467792088,-0.007221416659,
31.583,-0.01588064582,-0.007280832733,
31.616,-0.01444283332,-0.007708465462,
31.649,-0.01456166547,-0.007968389326,
31.683,-0.01541693092,-0.007168746945,
31.716,-0.01593677865,-0.006481439488,
31.749,-0.01433749389,-0.004988373294,
31.783,-0.01296287898,0.001390882097,
31.816,-0.009976746587,0.002351480357,
31.849,-0.007218235806,0.003781803219,
31.883,-0.005297039285,0.003815492838,
31.916,-0.002436393562,0.005056188291,
31.949,-0.002369014323,0.004379805352,
31.983,0.0001123765825,0.005177685118,
32.016,-0.001240389296,0.004632138597,
32.049,0.0003553702365,0.004121246341,
32.083,-0.0007357228058,0.0049041179,
32.116,-0.001757507317,0.00480118673,
32.149,-0.0001917641996,0.004937151098,
32.183,-0.0003976265406,0.005431377691,
32.217,-0.0001256978044,0.004643567058,
32.249,0.0008627553828,0.004608776268,
32.283,-0.0007128658844,0.003872345356,
32.316,-0.0007824474642,0.003910018566,
32.349,-0.002255309289,0.003333689107,
32.383,-0.002179962869,-0.002189085071,
32.418,-0.003332621787,0.001983811643,
32.449,-0.004378170142,0.00242748386,
32.483,-0.006032376715,0.002674580238,
32.516,-0.005145032279,-0.003858370362,
32.549,-0.004650839523,-0.004401522047,
32.583,-0.007716740723,-0.005627749344,
32.616,-0.008803044093,-0.00817640757,
32.649,-0.01125549869,-0.009214500926,
32.683,-0.01635281514,-0.009792555199,
32.716,-0.01842900185,-0.008855785552,
32.749,-0.0195851104,-0.008691382155,
32.783,-0.0177115711,-0.007336408067,
32.816,-0.01738276431,-0.007094271173,
32.849,-0.01467281613,-0.005564367395,
32.883,-0.01418854235,-0.005196240618,
32.916,-0.01112873479,-0.005263941293,
32.949,-0.01039248124,-0.005210689844,
32.983,-0.01052788259,-0.005651308852,
33.016,-0.01042137969,-0.005940689113,
33.049,-0.0113026177,-0.006677222946,
33.083,-0.01188137823,-0.005104929567,
33.116,-0.01335444589,-0.004934232526,
33.149,-0.01020985913,-0.004249950714,
33.183,-0.009868465052,-0.004606763293,
33.216,-0.008499901428,-0.003248895838,
33.249,-0.009213526587,0.001787706182,
33.283,-0.006497791676,0.002892781744,
33.316,-0.006424587636,-0.002245770275,
33.349,-0.004214436512,-0.002995376001,
33.383,-0.004491540549,-0.002736771761,
33.416,-0.005990752002,0.002579284072,
33.449,-0.005473543522,0.004767297777,
33.483,-0.004841431856,0.00459446795,
33.516,-0.0004654044456,0.00474205252,
33.549,-0.0008110641009,0.004603524179,
33.583,-0.0005158949607,0.005352485312,
33.616,-0.0007929516423,0.005105114487,
33.649,0.0007049706242,0.005249278847,
33.683,0.0002102289741,0.005429079608,
33.716,0.000498557694,0.005787113018,
33.749,0.0008581592161,0.005255683334,
33.783,0.001574226035,0.004543798722,
33.816,0.0005113666681,0.004802247112,
33.849,-0.000912402555,0.005672304056,
33.883,-0.0003955057763,0.00608751708,
33.916,0.001344608113,0.007993009963,
33.949,0.002175034161,0.007126352254,
33.983,0.005986019926,0.005642611248,
34.016,0.004252704509,0.006127287361,
34.049,0.001285222497,-0.0004020874058,
34.083,0.002254574723,-0.001529316693,
34.116,-0.0008041748115,-0.002974514575,
34.149,-0.003058633387,-0.00534146459,
34.183,-0.00594902915,-0.006203783065,
34.216,-0.01068292918,-0.005822886443,
34.249,-0.01240756613,-0.006867858226,
34.283,-0.01164577289,-0.007618007029,
34.316,-0.01373571645,-0.008716430282,
34.349,-0.01523601406,-0.008015735182,
34.383,-0.01743286056,-0.007607582813,
34.416,-0.01603147036,-0.006971788902,
34.449,-0.01521516563,-0.007541003831,
34.483,-0.0139435778,-0.007404514308,
34.516,-0.01508200766,-0.006072351909,
34.549,-0.01480902862,-0.006487349729,
34.583,-0.01214470382,-0.0051484351,
34.616,-0.01297469946,-0.0055299334,
34.649,-0.0102968702,-0.004976660056,
34.683,-0.0110598668,-0.004988896542,
34.716,-0.009953320113,-0.004056194726,
34.749,-0.009977793084,-0.003437184859,
34.783,-0.008112389452,-0.002826681965,
34.816,-0.006874369717,-0.002718950518,
34.849,-0.005653363929,-0.001934396761,
34.883,-0.005437901036,-0.002274691559,
34.916,-0.003868793523,-0.001718354225,
34.949,-0.004549383117,-1.741718201e-05,
34.983,-0.003436708449,4.802555588e-05,
35.016,-3.483436402e-05,-0.0003476714662,
35.049,9.605111176e-05,0.0004635802618,
35.083,-0.0006953429324,5.034958522e-05,
35.116,0.0009271605237,-0.0009394543997,
35.149,0.0001006991704,-0.0009786126267,
35.183,-0.001878908799,-0.0008880748235,
35.216,-0.001957225253,-0.001156667517,
35.249,-0.001776149647,-0.0009791604845,
35.283,-0.002313335034,9.047918216e-05,
35.316,-0.001958320969,-3.739652869e-05,
35.349,0.0001809583643,-0.001247044092,
35.383,-7.479305738e-05,-0.001772941038,
35.416,-0.002494088185,-0.001537841919,
35.449,-0.003545882077,-0.0006420089882,
35.483,-0.003075683839,-0.0008655411529,
35.516,-0.001284017976,-0.001193113531,
35.549,-0.001731082306,-0.001098423016,
35.583,-0.002386227062,-0.000307170796,
35.616,-0.002196846032,-5.390910283e-05,
35.649,-0.000614341592,9.351832332e-05,
35.683,-0.0001078182057,0.001099293098,
35.716,0.0001870366466,0.00177358082,
35.749,0.002198586196,0.000680714796,
35.783,0.003547161641,0.001475175193,
35.816,0.001361429592,0.001480020345,
35.849,0.002950350386,0.002109483029,
35.883,0.002960040691,0.0005204032145,
35.916,0.004218966058,0.0003344983379,
35.949,0.001040806429,0.0009344450699,
35.983,0.0006689966758,0.000287080617,
36.016,0.00186889014,0.0004342070549,
36.049,0.000574161234,0.0001314994831,
36.083,0.0008684141098,7.850854948e-05,
36.116,0.0002629989663,0.0005195515521,
36.149,0.000157017099,0.000565785045,
36.183,0.001039103104,0.001766363421,
36.216,0.00113157009,0.001924471155,
36.249,0.003532726841,0.002087021367,
36.283,0.00384894231,0.003035526832,
36.316,0.004174042734,0.003291215029,
36.349,0.006071053663,0.002894966329,
36.383,0.006582430057,0.003066246638,
36.416,0.005789932658,0.002692472033,
36.449,0.006132493276,0.002294895477,
36.483,0.005384944066,0.00247557722,
36.517,0.004589790954,0.001632714677,
36.549,0.00495115444,0.001101983905,
36.583,0.003265429353,0.001284058332,
36.616,0.00220396781,0.002188428891,
36.65,0.002568116664,0.00188083033,
36.685,0.004376857782,0.002998447472,
36.716,0.003761660661,0.003352016273,
36.749,0.005996894945,0.003519325737,
36.783,0.006704032546,0.002771935662,
36.817,0.007038651474,0.001587464131,
36.849,0.005543871324,0.002330385819,
36.883,0.003174928262,0.001787860853,
36.916,0.004660771639,0.002091596707,
36.949,0.003575721706,0.00317995264,
36.983,0.004183193415,0.002975158889,
37.016,0.00635990528,0.002916528753,
37.049,0.005950317778,0.002916528753,
37.083,0.005833057506,0.003691121774,
37.116,0.006363416911,0.00350760669,
37.149,0.007382243549,0.001568401161,
37.183,0.00701521338,0.001492995637,
37.216,0.003136802323,0.00160961049,
37.249,0.002985991274,0.0001548816713,
37.283,0.003219220981,-0.0002807248141,
37.316,0.0003097633426,-0.001224311763,
37.349,-0.0005614496281,-0.002466426184,
37.383,-0.002448623526,-0.003519778945,
37.416,-0.004932852369,-0.01054246313,
37.449,-0.007039557889,-0.01218070327,
37.483,-0.01108492626,-0.01248502705,
37.516,-0.01436140654,-0.0141183307,
37.549,-0.0149700541,-0.02052894977,
37.583,-0.01823666141,-0.01583809888,
37.616,-0.02105789954,-0.02165753505,
37.649,-0.02167619777,-0.02202636491,
37.683,-0.0233150701,-0.02256495632,
37.716,-0.02405272982,-0.0216346686,
37.749,-0.02512991264,-0.02154910718,
37.783,-0.02326933719,-0.02161816751,
37.816,-0.02309821436,-0.01631270223,
37.849,-0.02323633502,-0.0152043095,
37.883,-0.02262540447,-0.01999104229,
37.916,-0.020408619,-0.0153685565,
37.949,-0.01998208458,-0.0152551687,
37.983,-0.02073711299,-0.01497836097,
38.017,-0.02051033739,-0.0153764709,
38.049,-0.01995672194,-0.0202438132,
38.083,-0.0207529418,-0.01638865741,
38.116,-0.0204876264,-0.01530472545,
38.149,-0.02277731482,-0.01584540654,
38.183,-0.02060945089,-0.0142136095,
38.216,-0.02169081308,-0.014413643,
38.249,-0.01842721901,-0.01351862355,
38.283,-0.018827286,-0.01344987576,
38.316,-0.0170372471,-0.01429161755,
38.349,-0.01689975153,-0.01463963932,
38.383,-0.0185832351,-0.01361737496,
38.416,-0.01927927863,-0.01339907474,
38.449,-0.01723474993,-0.01357518109,
38.483,-0.01679814947,-0.01368530093,
38.516,-0.01715036218,-0.01471272176,
38.549,-0.01737060186,-0.01416603166,
38.583,-0.01942544353,-0.01325052483,
38.616,-0.01833206332,-0.01259099571,
38.649,-0.01650104967,-0.01343707945,
38.683,-0.01518199141,-0.01375215682,
38.716,-0.0168741589,-0.01351875755,
38.749,-0.01750431363,-0.01452218111,
38.783,-0.01703751509,-0.01454760661,
38.817,-0.01904436222,-0.01526711139,
38.849,-0.01909521322,-0.01592652576,
38.883,-0.02053422279,-0.01619914404,
38.916,-0.02185305153,-0.02175104411,
38.949,-0.02239828808,-0.0227934236,
38.983,-0.02350208821,-0.02306906886,
39.016,-0.0255868472,-0.01761106033,
39.049,-0.02613813771,-0.01681711685,
39.083,-0.02522212066,-0.01617472723,
39.116,-0.02363423369,-0.01570261224,
39.149,-0.02234945446,-0.08434695999,
39.183,-0.02140522447,-0.1776106827,
39.216,-0.01869391999,-0.1926725275,
39.249,-0.1552213655,-0.1792825555,
39.283,-0.1953450551,-0.1722061435,
39.316,-0.1885651111,-0.1622651897,
39.349,-0.1744122869,-0.1431014744,
39.383,-0.1645303794,-0.1321936233,
39.416,-0.1562029488,-0.1169832169,
39.449,-0.1443872466,-0.1075946427,
39.483,-0.1239664338,-0.09793706694,
39.516,-0.1151892855,-0.08612093792,
39.549,-0.1058741339,-0.07772581121,
39.583,-0.09224187585,-0.07015419175,
39.616,-0.08545162241,-0.06521313627,
39.649,-0.0803083835,-0.05769227706,
39.683,-0.07042627254,-0.05542091504,
39.716,-0.06538455413,-0.04570819634,
39.749,-0.06084183007,-0.03766172421,
39.783,-0.05141639269,-0.03510080624,
39.816,-0.04532344843,-0.02852849525,
39.849,-0.04020161249,-0.05112623101,
39.883,-0.03705699049,-0.1520325791,
39.916,-0.03225246203,-0.13792703,
39.949,-0.1540651581,-0.1344897803,
39.983,-0.14585406,-0.1209929809,
40.016,-0.1389795607,-0.1007129516,
40.049,-0.1319859618,-0.09100104166,
40.083,-0.1114259032,-0.08605070844,
40.117,-0.1020020833,-0.07175126415,
40.149,-0.09210141689,-0.06202469197,
40.183,-0.08350252831,-0.04867519875,
40.216,-0.07404938394,-0.04415915809,
40.249,-0.05735039749,-0.03133155366,
40.283,-0.04831831619,-0.02755788278,
40.316,-0.04266310732,-0.1029094883,
40.349,-0.03511576555,-0.108050949,
40.383,-0.09581897654,-0.1050173171,
40.416,-0.116101898,-0.09188170035,
40.449,-0.1100346342,-0.08226804259,
40.483,-0.1037634007,-0.06836927292,
40.516,-0.09453608519,-0.05820093455,
40.549,-0.07673854585,-0.04158313657,
40.586,-0.0664018691,-0.03812039523,
40.616,-0.05316627313,-0.02995176319,
40.649,-0.04624079047,-0.01827306211,
40.684,-0.03990352637,-0.04483750791,
40.716,-0.02654612422,-0.06741050212,
40.749,-0.03967501582,-0.05723034338,
40.783,-0.07482100423,-0.04874051337,
40.816,-0.06446068676,-0.03533689262,
40.849,-0.05748102674,-0.0267056177,
40.883,-0.05067378524,-0.01758296475,
40.917,-0.03341123541,-0.008933252143,
40.949,-0.0251659295,-0.01078880585,
40.983,-0.01786650429,-0.03638667473,
41.016,-0.01157761171,-0.02887651705,
41.049,-0.04277334945,-0.01784931045,
41.083,-0.03775303411,-0.01141253202,
41.116,-0.02569862091,-0.008258973841,
41.149,-0.02282506405,-0.003951128922,
41.183,-0.01651794768,-0.0006310531943,
41.216,-0.007902257843,-0.02541827772,
41.249,-0.001262106389,-0.01957336913,
41.283,-0.03083655545,-0.01268992308,
41.316,-0.02914673825,-0.007738658346,
41.349,-0.02537984616,-0.02816724992,
41.383,-0.01547731669,-0.02885728544,
41.416,-0.03633449985,-0.02770765708,
41.449,-0.03771457088,-0.02207828799,
41.483,-0.03541531416,-0.01994885323,
41.516,-0.03415657598,-0.01775888971,
41.549,-0.02989770646,-0.0172262104,
41.583,-0.02551777941,-0.01850485632,
41.616,-0.02445242081,-0.01745923599,
41.649,-0.02700971264,-0.01925648988,
41.683,-0.02491847199,-0.01740945153,
41.717,-0.02851297976,-0.0165798561,
41.749,-0.02481890305,-0.01043991815,
41.783,-0.02315971219,-0.01045977083,
41.816,-0.0208798363,-0.009473112824,
41.849,-0.02091954167,-0.009238425706,
41.883,-0.01894622565,-0.007481359728,
41.916,-0.01847685141,-0.005696609897,
41.949,-0.01496271946,-0.003859317231,
41.983,-0.01139321979,-0.002981404991,
42.016,-0.007718634463,-0.00105944396,
42.049,-0.005962809982,-0.0004286762785,
42.083,-0.00211888792,-0.001630589178,
42.116,-0.0008573525569,-0.00296425224,
42.149,-0.003261178357,-0.003646710483,
42.183,-0.00592850448,-0.004606320492,
42.216,-0.007293420966,0.004145639842,
42.249,-0.009212640985,0.004598400042,
42.283,-0.001708720317,0.007015441599,
42.316,-0.0008031999164,0.00625416451,
42.349,0.004030883198,0.007826629164,
42.383,0.00250832902,0.01282424952,
42.416,0.005653258329,0.01584743087,
42.449,0.005648499034,0.01679935098,
42.483,0.01169486173,0.01727465359,
42.516,0.01359870197,0.01847886674,
42.549,0.01454930719,0.01767642951,
42.583,0.01695773347,0.01795539843,
42.616,0.01535285903,0.01750735137,
42.649,0.01591079686,0.02472737704,
42.683,0.01501470274,0.02461006704,
42.716,0.01945475408,0.01813500745,
42.749,0.01922013409,0.02229088484,
42.784,0.0162700149,0.0235814974,
42.816,0.01458176968,0.02453992533,
42.849,0.0171629948,0.02452472803,
42.883,0.01907985065,0.0273029909,
42.916,0.01904945606,0.02631387033,
42.949,0.02460598179,0.02670400019,
42.983,0.02262774065,0.02646458039,
43.016,0.02340800039,0.02537790688,
43.049,0.02292916077,0.02677052273,
43.083,0.02075581377,0.02568402438,
43.117,0.02354104546,0.02567085831,
43.149,0.02136804876,0.02611294611,
43.183,0.02134171662,0.02615568282,
43.216,0.02222589221,0.02423086568,
43.249,0.02231136563,0.01897921948,
43.284,0.01846173136,0.01855255054,
43.316,0.01795843896,0.02394401288,
43.349,0.01710510109,0.02595762262,
43.384,0.01788802576,0.02685039989,
43.416,0.02191524523,0.0267899155,
43.449,0.02370079979,0.02445120586,
43.483,0.02357983099,0.02294210981,
43.516,0.01890241173,0.01916932305,
43.549,0.01588421962,0.01838182514,
43.583,0.0183386461,0.01817263046,
43.616,0.01676365028,0.01653697508,
43.649,0.01634526092,0.01677777093,
43.683,0.01307395015,0.01612590669,
43.716,0.01355554186,0.01441173354,
43.749,0.01225181338,0.01521546546,
43.783,0.008823467087,0.01356748642,
43.816,0.01043093093,0.0140841751,
43.849,0.00713497283,0.01204493676,
43.883,0.008168350194,0.01181413391,
43.916,0.00408987352,0.01396852109,
43.949,0.003628267818,0.01462137262,
43.983,0.007937042185,0.01555640814,
44.016,0.009242745244,0.01707333915,
44.049,0.01111281629,0.01393341419,
44.083,0.0141466783,0.007915002831,
44.116,0.00786682837,0.006562433982,
44.149,0.005830005662,0.003105099955,
44.183,0.003124867964,0.003966871437,
44.216,-0.00378980009,0.003802580048,
44.249,-0.002066257126,0.004672128407,
44.283,-0.002394839904,0.0112647561,
44.316,-0.000655743185,0.01306279728,
44.349,0.002529512195,0.01468438559,
44.383,0.006125594564,0.01613217858,
44.416,0.009368771177,0.02218347278,
44.449,0.01226435715,0.01522060682,
44.483,0.01436694557,0.0163019608,
44.516,0.01044121364,0.0154772519,
44.549,0.01260392161,0.02416912737,
44.583,0.0109545038,0.02536472154,
44.616,0.01833825474,0.02480319725,
44.649,0.02072944309,0.02628529273,
44.683,0.01960639451,0.02392775428,
44.716,0.02257058546,0.02324812304,
44.749,0.01785550855,0.02480500598,
44.783,0.01649624607,0.02600695821,
44.816,0.01961001197,0.02734508456,
44.849,0.02201391643,0.03260764965,
44.883,0.02469016912,0.03426022761,
44.916,0.02521529929,0.03570129519,
44.949,0.02852045522,0.03640133014,
44.983,0.03140259039,0.03564455292,
45.016,0.03280266027,0.03474557754,
45.049,0.03128910583,0.03448801405,
45.083,0.02949115509,0.02689417823,
45.116,0.0289760281,0.02662661305,
45.149,0.02378835645,0.0274746342,
45.183,0.02325322609,0.03197446846,
45.216,0.0249492684,0.03326968025,
45.249,0.02394893692,0.03232963031,
45.283,0.0265393605,0.03367465246,
45.316,0.02465926062,0.03582521171,
45.349,0.02734930493,0.03623609375,
45.383,0.03165042341,0.04252491987,
45.416,0.0324721875,0.04504612059,
45.449,0.03504983975,0.04553466491,
45.483,0.04009224118,0.03775356511,
45.516,0.04106932981,0.03712209734,
45.549,0.03550713021,0.04224703942,
45.583,0.03424419467,0.04491005547,
45.616,0.03449407884,0.04530886155,
45.649,0.03982011095,0.04381326283,
45.683,0.0406177231,0.04436136697,
45.716,0.03762652567,0.04501901445,
45.749,0.03872273395,0.04604436804,
45.783,0.04003802891,0.04674856318,
45.816,0.04208873609,0.05115102176,
45.849,0.04349712637,0.05419095979,
45.884,0.04230204353,0.05350084887,
45.916,0.04838191957,0.05304640355,
45.949,0.04700169774,0.05428594438,
45.983,0.04609280711,0.05447060109,
46.016,0.04857188876,0.05576566202,
46.049,0.04894120218,0.05497590818,
46.083,0.05153132405,0.05372673781,
46.116,0.04995181636,0.04783552969,
46.149,0.04745347561,0.04643125985,
46.183,0.04567105939,0.05370228734,
46.216,0.04286251969,0.05463785993,
46.249,0.04740457468,0.05524358783,
46.283,0.04927571987,0.05556689936,
46.316,0.05048717567,0.05770294249,
46.349,0.05113379871,0.06359598583,
46.383,0.05540588498,0.06596746657,
46.416,0.05719197165,0.06520814076,
46.449,0.06193493314,0.06561357189,
46.483,0.06041628153,0.06543468773,
46.516,0.06122714379,0.06611956483,
46.549,0.06086937545,0.06727843984,
46.583,0.06223912967,0.07317737715,
46.616,0.06455687967,0.07479829827,
46.649,0.0663547543,0.07671253629,
46.683,0.06959659655,0.07555629508,
46.716,0.07342507258,0.07646365396,
46.749,0.07111259015,0.0769993881,
46.783,0.07292730792,0.07694863864,
46.816,0.0739987762,0.07704449991,
46.849,0.07389727729,0.07688991524,
46.883,0.07408899982,0.07524863986,
46.916,0.07377983048,0.07524341224,
46.949,0.07049727972,0.07499742321,
46.983,0.07048682448,0.07352291567,
47.016,0.06999484642,0.06875818635,
47.049,0.06704583135,0.06771621789,
47.083,0.06751637271,0.06793590963,
47.117,0.06543243578,0.07290195924,
47.149,0.06587181926,0.06973255068,
47.183,0.06580391848,0.06827965501,
47.216,0.06946510136,0.06797573984,
47.249,0.06655931002,0.06844094054,
47.283,0.06595147968,0.06748291259,
47.316,0.06688188108,0.06839023217,
47.349,0.06496582519,0.06828300712,
47.383,0.06678046434,0.06657754815,
47.416,0.06656601423,0.06587835496,
47.449,0.0631550963,0.06447128737,
47.483,0.06175670992,0.06532607709,
47.516,0.05894257475,0.06633704019,
47.549,0.06065215418,0.06025479144,
47.583,0.06267408038,0.05915554535,
47.616,0.06050958289,0.05383642762,
47.649,0.0583110907,0.05034953775,
47.683,0.05767285524,0.04905412089,
47.716,0.0506990755,0.0399132856,
47.749,0.04810824178,0.03222999774,
47.783,0.0398265712,0.02531314764,
47.816,0.03445999549,0.02126015892,
47.849,0.03062629529,0.01921308301,
47.883,0.02252031784,0.00680984305,
47.916,0.01842616602,0.001218134943,
47.949,0.0136196861,-0.007186534298,
47.983,0.002436269886,-0.02006831254,
48.016,-0.004373068596,-0.02254996643,
48.049,-0.02013662508,-0.03151119686,
48.083,-0.02509993286,-0.0441708828,
48.116,-0.03302239372,-0.05167202541,
48.15,-0.0383417656,-0.06081948472,
48.183,-0.05334405082,-0.0744352834,
48.216,-0.06163896944,-0.08773241562,
48.249,-0.06887056679,-0.09675294025,
48.283,-0.08546483123,-0.1123159495,
48.316,-0.09350588049,-0.1218840174,
48.349,-0.1146318991,-0.1364938286,
48.383,-0.1237680348,-0.1407062884,
48.416,-0.1329876572,-0.1614493656,
48.449,-0.1414125769,-0.1771555369,
48.483,-0.1528987312,-0.1866616675,
48.516,-0.1743110738,-0.197347751,
48.549,-0.1833233349,-0.211725476,
48.583,-0.194695502,-0.2211722262,
48.616,-0.2134509521,-0.235795629,
48.649,-0.2223444525,-0.24921689,
48.683,-0.2315912581,-0.2635617274,
48.716,-0.24843378,-0.2789222831,
48.749,-0.2571234547,-0.294309507,
48.783,-0.2778445662,-0.3039291937,
48.816,-0.288619014,-0.3241130739,
48.849,-0.2978583874,-0.3345077771,
48.883,-0.3182261479,-0.3549114761,
48.916,-0.3290155542,-0.3646189557,
48.949,-0.3498229521,-0.3817801579,
48.983,-0.3592379114,-0.4032822601,
49.016,-0.3835603158,-0.4140192677,
49.049,-0.3965645202,-0.4342217834,
49.083,-0.4080385354,-0.4440594443,
49.116,-0.4284435668,-0.4587136486,
49.149,-0.4381188886,-0.4678843286,
49.183,-0.4574272972,-0.4776334269,
49.216,-0.4657686572,-0.5037392099,
49.249,-0.4752668537,-0.5102448382,
49.283,-0.4974784198,-0.5281786933,
49.316,-0.5104896764,-0.5371088387,
49.349,-0.5263573866,-0.5566582996,
49.383,-0.5342176774,-0.5662870309,
49.416,-0.5533165993,-0.5771822983,
49.449,-0.5625740619,-0.5978491778,
49.484,-0.5743645966,-0.6056217706,
49.516,-0.5956983555,-0.62037448,
49.549,-0.6012435411,-0.6355069533,
49.583,-0.62074896,-0.6527398329,
49.616,-0.6310139067,-0.6733985113,
49.649,-0.6554796658,-0.678347441,
49.683,-0.6667970226,-0.6970767692,
49.716,-0.676694882,-0.7066028208,
49.749,-0.6941535385,-0.7213008448,
49.783,-0.7032056416,-0.7381481493,
49.816,-0.7126016897,-0.748167857,
49.849,-0.7362962987,-0.7693463663,
49.883,-0.746335714,-0.7772203787,
49.916,-0.7686927326,-0.7871027653,
49.949,-0.7744407573,-0.8064814024,
49.983,-0.7842055307,-0.8228610223,
50.016,-0.8029628048,-0.8440601787,
50.049,-0.8157220446,-0.8518125477,
50.083,-0.8381203575,-0.8696362159,
50.116,-0.8536250954,-0.8833874943,
50.149,-0.8692724318,-0.8890215837,
50.183,-0.8767749886,-0.9129980452,
50.216,-0.8880431675,-0.9242840873,
50.249,-0.9059960904,-0.9472452017,
50.283,-0.9185681746,-0.9584761802,
50.316,-0.9444904033,-0.9749350321,
50.349,-0.9569523603,-0.9878864066,
50.383,-0.9698700641,-0.9967136037,
50.416,-0.9857728132,-1.016478093,
50.449,-0.9934272074,-1.019731736,
50.483,-1.012956186,-1.028585136,
50.516,-1.019463472,-1.035823941,
50.549,-1.027170273,-1.049113502,
50.583,-1.031647883,-1.058299451,
50.616,-1.048227004,-1.068514181,
50.649,-1.056598901,-1.081666617,
50.684,-1.067028362,-1.088913104,
50.716,-1.083333234,-1.091766706,
50.749,-1.087826207,-1.098207922,
50.783,-1.093533413,-1.109107636,
50.816,-1.096415844,-1.115568494,
50.849,-1.108215271,-1.126447567,
50.883,-1.111136989,-1.130756259,
50.919,-1.122895134,-1.129434857,
50.949,-1.131512519,-1.135699341,
50.983,-1.128869713,-1.138949564,
51.016,-1.131398682,-1.141594543,
51.049,-1.137899127,-1.155536177,
51.083,-1.143189086,-1.159351199,
51.116,-1.151072354,-1.171255199,
51.149,-1.158702398,-1.178439194,
51.183,-1.172510398,-1.188159103,
51.216,-1.176878388,-1.206739314,
51.249,-1.186318206,-1.210536417,
51.283,-1.203478628,-1.216591275,
51.316,-1.211072833,-1.218876278,
51.349,-1.21318255,-1.224641108,
51.383,-1.217752556,-1.228197634,
51.416,-1.219282216,-1.229991158,
51.449,-1.226395267,-1.231514929,
51.483,-1.229982316,-1.219134431,
51.517,-1.233029859,-1.212640376,
51.549,-1.218268862,-1.203467145,
51.583,-1.215280752,-1.201301528,
51.616,-1.20693429,-1.199633799,
51.649,-1.202603055,-1.191683223,
51.683,-1.199267598,-1.176112607,
51.716,-1.193366446,-1.161251889,
51.749,-1.182225215,-1.152446104,
51.783,-1.162503779,-1.143103646,
51.816,-1.154892208,-1.12996886,
51.849,-1.146207293,-1.116516788,
51.883,-1.129937721,-1.096176122,
51.916,-1.123033576,-1.078661163,
51.949,-1.102352243,-1.062615125,
51.983,-1.087322325,-1.051836214,
52.016,-1.065230249,-1.042558162,
52.049,-1.053672428,-1.02420689,
52.083,-1.045116325,-1.01482272,
52.116,-1.02841378,-0.9906472985,
52.149,-1.01964544,-0.9745621235,
52.183,-0.9912945969,-0.9590377636,
52.216,-0.9791242469,-0.9437546269,
52.249,-0.9680755273,-0.9341308464,
52.284,-0.9475092537,-0.9187491718,
52.316,-0.9382616928,-0.9020137767,
52.349,-0.9274983435,-0.8788492837,
52.383,-0.9040275534,-0.867539665,
52.417,-0.8876985673,-0.8541070894,
52.449,-0.8750793301,-0.8381100573,
52.483,-0.8582141789,-0.8241687141,
52.516,-0.8462201146,-0.806651962,
52.549,-0.8283374282,-0.7838364863,
52.583,-0.813303924,-0.7634320395,
52.616,-0.7876729726,-0.755508839,
52.649,-0.7668640791,-0.7346259973,
52.683,-0.7610176779,-0.7248298492,
52.716,-0.7392519945,-0.7037107649,
52.749,-0.7296596984,-0.6951368264,
52.783,-0.7074215298,-0.6857140795,
52.816,-0.7002736527,-0.6796297451,
52.849,-0.6914281589,-0.6726265269,
52.883,-0.6792594903,-0.6616474245,
52.916,-0.6752530538,-0.6526104451,
52.949,-0.663294849,-0.6494228459,
52.983,-0.6552208902,-0.64109329,
53.016,-0.6488456918,-0.6291207848,
53.049,-0.6421865801,-0.6219959774,
53.083,-0.6282415695,-0.6027397746,
53.116,-0.6239919548,-0.5940459019,
53.151,-0.6054795491,-0.5824867611,
53.183,-0.5980918038,-0.5735259739,
53.216,-0.5849735223,-0.5621867986,
53.249,-0.5770519477,-0.5594801889,
53.283,-0.5643735973,-0.5466343083,
53.316,-0.5589603777,-0.5322766163,
53.349,-0.5532686166,-0.5235089426,
53.383,-0.5345532327,-0.512940598,
53.416,-0.5270178851,-0.5038339016,
53.449,-0.515881196,-0.4959277268,
53.483,-0.5076678033,-0.4882799276,
53.516,-0.5018554536,-0.4799303985,
53.549,-0.4865598552,-0.4716629541,
53.583,-0.479860797,-0.4597873943,
53.616,-0.4733259082,-0.4579815194,
53.649,-0.4595747885,-0.4500740746,
53.683,-0.4559630387,-0.4426090419,
53.716,-0.4501481491,-0.4385859936,
53.749,-0.4452180838,-0.4306764754,
53.783,-0.4371719872,-0.4230026295,
53.816,-0.4313529508,-0.4207406834,
53.849,-0.4260052591,-0.4115579693,
53.883,-0.4214813668,-0.403175595,
53.916,-0.4131159386,-0.3992756629,
53.949,-0.40635119,-0.3922801783,
53.983,-0.3985513258,-0.3853078736,
54.016,-0.3945603567,-0.3810657445,
54.049,-0.3906157471,-0.3786980333,
54.083,-0.382131489,-0.3642168099,
54.116,-0.3773960666,-0.3604091847,
54.149,-0.3684336199,-0.3486710811,
54.183,-0.3608183693,-0.3409322918,
54.216,-0.3473421622,-0.3329378311,
54.249,-0.3418645836,-0.3301956177,
54.283,-0.3358756623,-0.3216536678,
54.316,-0.3303912354,-0.3140100654,
54.349,-0.3233073356,-0.3112471338,
54.384,-0.3180201308,-0.3031627368,
54.416,-0.3124942675,-0.2979303049,
54.449,-0.3063254735,-0.2893522295,
54.483,-0.2958606098,-0.282400245,
54.516,-0.2887044591,-0.273825052,
54.549,-0.2848004899,-0.2692033445,
54.583,-0.277650104,-0.2613542191,
54.616,-0.2684066891,-0.253526635,
54.649,-0.2627084382,-0.2440920945,
54.683,-0.25705327,-0.2408162456,
54.716,-0.248184189,-0.2325971212,
54.749,-0.2416324912,-0.2307099604,
54.783,-0.2351942425,-0.2220330349,
54.816,-0.2314199207,-0.2201417248,
54.849,-0.2240660698,-0.2120819996,
54.883,-0.2202834495,-0.21048112,
54.916,-0.2141639992,-0.2092316544,
54.949,-0.2109622399,-0.2027533838,
54.983,-0.2084633087,-0.1993320584,
55.016,-0.2055067677,-0.1922181234,
55.049,-0.1986641167,-0.1899359659,
55.083,-0.1944362467,-0.1825016663,
55.116,-0.1898719318,-0.1813181412,
55.149,-0.1850033326,-0.1748708022,
55.183,-0.1826362824,-0.1715006371,
55.216,-0.1797416044,-0.1682587387,
55.249,-0.1730012742,-0.1611127374,
55.283,-0.1665174774,-0.1530267106,
55.316,-0.1622254748,-0.1481110361,
55.349,-0.1560534212,-0.1428539527,
55.383,-0.1462220722,-0.1407984383,
55.416,-0.1457079055,-0.1392149935,
55.449,-0.1415968765,-0.1327141545,
55.483,-0.1384299871,-0.1302359941,
55.516,-0.135428309,-0.1279573283,
55.549,-0.1304719881,-0.1185039904,
55.583,-0.1259146567,-0.1121665159,
55.616,-0.1170079808,-0.110252734,
55.649,-0.1143330318,-0.1068590304,
55.683,-0.110505468,-0.1000744063,
55.716,-0.1037180608,-0.09908034674,
55.749,-0.1001488127,-0.09218316501,
55.783,-0.09816069349,-0.09084360879,
55.816,-0.09436633003,-0.08052440833,
55.849,-0.09168721758,-0.07231027325,
55.884,-0.08104881665,-0.07000928681,
55.916,-0.0746205465,-0.06380596408,
55.949,-0.07001857361,-0.05376164145,
55.983,-0.06761192817,-0.04986690426,
56.016,-0.0575232829,-0.04270322718,
56.049,-0.04973380852,-0.04054020952,
56.083,-0.04540645435,-0.03374823873,
56.116,-0.04108041904,-0.03073593576,
56.149,-0.03749647746,-0.02909817949,
56.183,-0.03147187151,-0.02137837745,
56.216,-0.02819635899,-0.01259555038,
56.249,-0.02275675489,-0.01053248664,
56.283,-0.01519110077,-0.001114562197,
56.316,-0.01106497328,0.001474377556,
56.349,-0.002229124394,0.00274755296,
56.383,0.002948755111,0.005062573676,
56.416,0.00549510592,0.006520852712,
56.449,0.01012514735,0.01300174965,
56.483,0.01304170542,0.0156386175,
56.516,0.0160034993,0.01642767636,
56.549,0.02127723501,0.02305788527,
56.583,0.02285535273,0.02556239638,
56.616,0.02611577054,0.03798774134,
56.649,0.03112479275,0.0444847075,
56.683,0.03597548269,0.05464116378,
56.716,0.04896941499,0.05575416978,
56.749,0.05928232757,0.05664366228,
56.783,0.06150833956,0.06380940238,
56.816,0.06328732456,0.07145798983,
56.849,0.06761880477,0.07547147836,
56.883,0.07291597967,0.07710355716,
56.916,0.08094295672,0.07782929884,
56.949,0.08420711432,0.08430082062,
56.983,0.08565859769,0.08668709497,
57.017,0.08860164125,0.09239423845,
57.049,0.09337418994,0.09491550616,
57.083,0.0947884769,0.09581886869,
57.117,0.09983101233,0.1054310893,
57.15,0.1016377374,0.1118367769,
57.183,0.1108621785,0.1132557218,
57.216,0.1136735538,0.1156483492,
57.249,0.1165114436,0.1169143667,
57.283,0.1212966984,0.1230451486,
57.316,0.1238287333,0.1238724302,
57.349,0.1260902973,0.12338132,
57.383,0.1277448604,0.1236074656,
57.416,0.1267626401,0.1265656655,
57.449,0.1272149312,0.1336287823,
57.483,0.133131331,0.1382521021,
57.516,0.1372575646,0.143331488,
57.549,0.1465042041,0.144925076,
57.583,0.1466629759,0.1523524287,
57.616,0.1498501521,0.1563074588,
57.649,0.1547048574,0.1630476455,
57.683,0.1626149175,0.16495028,
57.716,0.1660952909,0.1725443692,
57.749,0.16990056,0.1734880392,
57.783,0.1750887384,0.1747490607,
57.816,0.1769760783,0.178280925,
57.849,0.1794981215,0.1846259419,
57.883,0.1865618501,0.1865504755,
57.916,0.1892518838,0.1918875937,
57.949,0.193100951,0.1930819136,
57.983,0.1937751873,0.1945853824,
58.016,0.1961638273,0.1961246279,
58.049,0.1991707648,0.1957353865,
58.083,0.2022492558,0.2007408896,
58.116,0.201470773,0.2039684323,
58.149,0.2014817791,0.2040556629,
58.183,0.2079368645,0.197741364,
58.216,0.2081113257,0.1971204438,
58.249,0.2054827279,0.1972344092,
58.283,0.2042408877,0.2027388097,
58.316,0.2044688184,0.2048870304,
58.349,0.2054776195,0.2048052097,
58.383,0.2097740609,0.2062120889,
58.416,0.2096104193,0.2126479879,
58.449,0.2124241779,0.2138684795,
58.483,0.2152959758,0.2154146567,
58.516,0.2177369591,0.2142122786,
58.549,0.2208293134,0.2140694403,
58.583,0.2184245573,0.221617891,
58.616,0.2181388807,0.2229186326,
58.649,0.2232357819,0.2246286939,
58.683,0.2258372652,0.2326740944,
58.716,0.2292573877,0.2332096647,
58.749,0.2353481888,0.2328085353,
58.783,0.2364193294,0.234221567,
58.816,0.2356170705,0.2356304722,
58.849,0.238443134,0.2355689607,
58.883,0.2412609444,0.243069177,
58.916,0.2411379215,0.2431150841,
58.949,0.246138354,0.2370938308,
58.983,0.2462301683,0.2429848867,
59.016,0.2441876616,0.2429948019,
59.049,0.2459697734,0.2436315011,
59.083,0.2459896038,0.2459735686,
59.116,0.2472630022,0.2524734372,
59.149,0.2519471372,0.2469079136,
59.183,0.2549468743,0.2461747888,
59.217,0.2538158272,0.2448277709,
59.249,0.2523495776,0.244381706,
59.283,0.2496555418,0.2445695459,
59.316,0.248763412,0.2427801224,
59.349,0.2491390918,0.2431818279,
59.383,0.2455602447,0.243476464,
59.417,0.2463636558,0.2422595358,
59.449,0.246952928,0.2440347905,
59.483,0.2445190716,0.2443697233,
59.516,0.248069581,0.2467506736,
59.549,0.2487394466,0.2524982704,
59.583,0.2535013471,0.2517429369,
59.616,0.2549965408,0.2523151011,
59.649,0.2534858738,0.2527751489,
59.683,0.2546302022,0.2532377221,
59.716,0.2555502977,0.2547311323,
59.749,0.2564754441,0.2551306728,
59.783,0.2594622645,0.2540683051,
59.816,0.2602613457,0.2539965044,
59.849,0.2581366103,0.2532494077,
59.883,0.2579930089,0.2527937146,
59.917,0.2564988154,0.2471974993,
59.949,0.2555874291,0.2512993789,
59.983,0.2543949986,0.246603725,
60.016,0.2525987579,0.2513802529,
60.049,0.2532074501,0.2521233917,
60.083,0.2527605057,0.2529459532,
60.116,0.2542467834,0.2543206826,
60.149,0.2558919063,0.2544890903,
60.183,0.2586413651,0.2535242227,
60.216,0.2589781807,0.2549616645,
60.249,0.2570484453,0.2551690145,
60.283,0.259923329,0.2544513652,
60.316,0.2603380289,0.254159536,
60.349,0.2589027305,0.2546158448,
60.383,0.258319072,0.2536952003,
60.416,0.2592316897,0.2548002007,
60.449,0.2573904005,0.2539415722,
60.483,0.2596004013,0.2537742989,
60.516,0.2578831445,0.2546223479,
60.549,0.2575485979,0.253044771,
60.584,0.2592446958,0.2536045281,
60.616,0.2560895419,0.2525051379,
60.649,0.2572090562,0.2539425225,
60.683,0.2550102758,0.2551986773,
60.716,0.257885045,0.2543061565,
60.749,0.2603973546,0.2545549399,
60.783,0.2586123129,0.2544834538,
60.816,0.2591098799,0.2536260567,
60.849,0.2589669076,0.2536730374,
60.883,0.2572521133, ,
60.916,0.2573460748, ,
60.949,0.2576967688, ,
